t_ini,t_fin,t_centro,bloque,n_ventana,cruza_T0,mise,rmse_f,mise_rel,cobertura_puntual,ancho_medio,M
2,21,11,train,20,False,1.819729601558707,1.348973536270711,0.7248312562627501,0.882,4.347560200913887,M=3
3,22,12,train,20,False,1.8361298612549155,1.3550386936375343,0.6864803635155496,0.882,4.4054537112612815,M=3
4,23,13,train,20,False,1.810927750467376,1.34570715628155,0.6458294891531928,0.8826666666666667,4.426789819593245,M=3
5,24,14,train,20,False,1.946298200710866,1.3950979179652108,0.6115820581259855,0.87,4.441983772576218,M=3
6,25,15,train,20,False,1.717808558557408,1.3106519593535915,0.5436337983648737,0.91,4.488769693244973,M=3
7,26,16,train,20,False,1.542954835800775,1.2421573313396235,0.45993895045294486,0.91,4.4966134211120075,M=3
8,27,17,train,20,False,1.5786036991201242,1.2564249675647663,0.4354722592546681,0.91,4.524882530429225,M=3
9,28,18,train,20,False,1.5723875665453637,1.2539487894429198,0.4191895473618097,0.91,4.5716516780696885,M=3
10,29,19,train,20,False,1.5776776903229481,1.2560564041168487,0.4158069062904829,0.91,4.614138326484202,M=3
11,30,20,train,20,False,1.5649076704742444,1.2509626974751262,0.4200889090944692,0.91,4.64280016477857,M=3
12,31,21,train,20,False,1.568686733427342,1.2524722485657485,0.4546951184091747,0.9193333333333333,4.68320526484792,M=3
13,32,22,train,20,False,1.6339212565574772,1.278249293587709,0.4775372924090211,0.9193333333333333,4.716717453938875,M=3
14,33,23,train,20,False,1.4313420656484133,1.1963870885496939,0.5569409759042463,0.9586666666666667,4.795112959196862,M=3
15,34,24,train,20,False,1.4216986238837854,1.1923500425142717,0.5526665057260581,0.9586666666666667,4.789688678920601,M=3
16,35,25,train,20,False,1.4541535516022215,1.2058828929884615,0.6716010248567242,0.9673333333333334,4.857072581511309,M=3
17,36,26,train,20,False,1.5125752362397527,1.2298679751256851,0.8462384160296701,0.9673333333333334,4.882940577328084,M=3
18,37,27,train,20,False,1.4612662869054538,1.2088284770410787,1.0917246700130576,0.968,4.8887611684993155,M=3
19,38,28,train,20,False,1.4239278917341927,1.1932844973995902,1.1757108691008455,0.968,4.893183239597921,M=3
20,39,29,train,20,False,1.4163095793384457,1.190088055287694,1.224553215778788,0.968,4.90322783072169,M=3
21,40,30,train,20,False,1.3462066140456106,1.1602614421093251,1.1929607368554467,0.968,4.9205815516728615,M=3
22,41,31,train,20,False,1.1901625178031388,1.0909456988334199,1.0119084236537972,0.9873333333333333,4.916803082112916,M=3
23,42,32,train,20,False,1.2700235049491657,1.126953195545035,0.7629262121537118,0.9713333333333334,4.87825568515481,M=3
24,43,33,train,20,False,1.296650595516979,1.1387056667624778,0.6987100715493265,0.9713333333333334,4.8511028832829854,M=3
25,44,34,train,20,False,1.347939666208803,1.1610080388217832,0.5255471154827447,0.9633333333333334,4.826847254044638,M=3
26,45,35,train,20,False,1.4218548970871232,1.1924155723098904,0.42237427394262816,0.9633333333333334,4.799321325952762,M=3
27,46,36,train,20,False,1.4543959995302198,1.205983415943279,0.38735418820224243,0.9633333333333334,4.7971901769343255,M=3
28,47,37,train,20,False,1.383563730533197,1.1762498588876416,0.35209684985532924,0.9633333333333334,4.7900904657216605,M=3
29,48,38,train,20,False,1.4131327511381553,1.1887526029995288,0.3371779340806509,0.9633333333333334,4.764916639167405,M=3
30,49,39,train,20,False,1.7106706306480768,1.3079260799632664,0.40790640242520904,0.9353333333333333,4.7412987732782055,M=3
31,50,40,train,20,False,1.686001005072093,1.298461014074775,0.4132933424765324,0.9353333333333333,4.732416816758729,M=3
32,51,41,train,20,False,1.5675666152110108,1.2520250058249678,0.4190039522836518,0.9353333333333333,4.726355386493473,M=3
33,52,42,train,20,False,1.7977169750768565,1.3407896833869422,0.5029079501283962,0.908,4.66647355116005,M=3
34,53,43,train,20,False,1.7252126753625912,1.3134735152878383,0.5753375951708486,0.908,4.640073516480598,M=3
35,54,44,train,20,False,1.664830503906236,1.290283109982548,0.7079978083113649,0.908,4.5739009525497565,M=3
36,55,45,train,20,False,1.5865425239738216,1.259580296755162,0.7200153848317172,0.908,4.504287316501895,M=3
37,56,46,train,20,False,1.5657999000672376,1.251319263844059,0.7302310211632972,0.908,4.470073753135295,M=3
38,57,47,train,20,False,1.5858992345240406,1.259324912214493,0.7523639594261093,0.908,4.466769244174843,M=3
39,58,48,train,20,False,1.5689844128200785,1.2525910796505293,0.8175072956539495,0.908,4.466906690962864,M=3
40,59,49,train,20,False,1.55709377341815,1.2478356355779194,0.8789268312610964,0.908,4.446924849894149,M=3
41,60,50,train,20,False,1.5771441171390954,1.2558439859867527,1.0073865260467458,0.908,4.425961989277218,M=3
42,61,51,train,20,False,1.5498946575949484,1.2449476525520855,1.0510224148542544,0.908,4.423609516497031,M=3
43,62,52,train,20,False,1.4159656018362659,1.1899435288433926,0.9809699114806035,0.924,4.4326467723157705,M=3
44,63,53,train,20,False,1.376835865683438,1.1733864945888197,0.9722885408297604,0.924,4.433433513297287,M=3
45,64,54,train,20,False,1.2194277735447063,1.1042770365921344,0.8439273210351059,0.9446666666666667,4.428575440066506,M=3
46,65,55,train,20,False,1.2644241912094185,1.1244661805538745,1.0104296339093817,0.9266666666666666,4.408037314972221,M=3
47,66,56,train,20,False,1.3528238960705325,1.1631095804224694,1.021465558791798,0.9266666666666666,4.337021451909607,M=3
48,67,57,train,20,False,1.3490466066111464,1.1614846562099503,1.0150367983279338,0.9266666666666666,4.362216572596848,M=3
49,68,58,train,20,False,1.3090596482361385,1.1441414459043684,1.0404476632688067,0.9266666666666666,4.340162356501918,M=3
50,69,59,train,20,False,1.0545330759870901,1.026904609000802,0.9811082264463297,0.9546666666666667,4.334240549104145,M=3
51,70,60,train,20,False,1.0613218184404518,1.0302047458832888,1.1028693074876226,0.9546666666666667,4.331277163242239,M=3
52,71,61,train,20,False,1.0907749421190434,1.04440171491579,1.2080750776678844,0.9546666666666667,4.29916724394492,M=3
53,72,62,train,20,False,0.7990038567313951,0.8938701565280022,0.9989918063862904,0.982,4.294584823518131,M=3
54,73,63,train,20,False,0.8847651255142196,0.9406195434468814,1.0870437704569105,0.976,4.2515186123936255,M=3
55,74,64,train,20,False,0.9193641043057473,0.95883476381791,1.1030901198971597,0.976,4.25691613532423,M=3
56,75,65,train,20,False,1.0070377496309528,1.0035127052663324,1.1878910704564545,0.976,4.247970080652924,M=3
57,76,66,train,20,False,0.9988593729761706,0.9994295237665188,1.2465716973706262,0.976,4.259948422692471,M=3
58,77,67,train,20,False,1.0021085929394462,1.0010537412843759,1.375701223662319,0.976,4.272455402548491,M=3
59,78,68,train,20,False,1.0065988316236791,1.0032939906247218,1.4189116264725041,0.976,4.296026381551949,M=3
60,79,69,train,20,False,1.0073640460962896,1.003675269246129,1.3605903840338924,0.976,4.2930639648397895,M=3
61,80,70,train,20,False,0.9740042642824411,0.9869165437271994,1.2323907379601127,0.976,4.293735406136494,M=3
62,81,71,train,20,False,1.5063366691739701,1.2273290794134921,1.4361672733764785,0.926,4.2740079960267865,M=3
63,82,72,train,20,False,1.6954391318017474,1.3020902932599365,1.4095355675170393,0.926,4.345092047620668,M=3
64,83,73,train,20,False,1.7815712121716227,1.334755113184296,1.488937956781407,0.922,4.348506488265756,M=3
65,84,74,train,20,False,1.7340068109205014,1.3168169238434404,1.6400315878617395,0.922,4.356995960528214,M=3
66,85,75,train,20,False,1.6932179640637883,1.3012370898740122,1.5262191641721947,0.918,4.358481604713594,M=3
67,86,76,train,20,False,1.5849791938077922,1.2589595679797632,1.5248589721339818,0.918,4.382348751221627,M=3
68,87,77,train,20,False,1.5689658304353684,1.2525836620503112,1.547195317140378,0.918,4.357176491192876,M=3
69,88,78,train,20,False,1.5862132241816527,1.259449571908956,1.5014349398707145,0.918,4.363002866103856,M=3
70,89,79,train,20,False,1.5403813633309578,1.2411210107523591,1.3991892328596198,0.918,4.365172329454003,M=3
71,90,80,train,20,False,1.5468750339825268,1.2437343100447646,1.4345215538031084,0.918,4.350587871750092,M=3
72,91,81,train,20,False,1.5359064132455347,1.2393169139673414,1.3802236001122559,0.918,4.3564127080483,M=3
73,92,82,train,20,False,1.5432130787194909,1.2422612763503058,1.3766095927050017,0.918,4.352269850621357,M=3
74,93,83,train,20,False,1.4680437245448195,1.2116285423118833,1.2990606700841518,0.924,4.351149297357411,M=3
75,94,84,train,20,False,1.479752532682795,1.216450793366832,1.330037920804105,0.924,4.327543344786362,M=3
76,95,85,train,20,False,1.4519851905599628,1.2049834814469296,1.2722438907324325,0.9166666666666666,4.342492185980483,M=3
77,96,86,train,20,False,1.4428297126730056,1.2011784682856272,1.2125353112922614,0.9166666666666666,4.331836447977694,M=3
78,97,87,train,20,False,1.4239576984988491,1.1932969867132193,1.2318598995299195,0.9166666666666666,4.312041773290407,M=3
79,98,88,train,20,False,1.4239889618738641,1.1933100862197823,1.2554112764873246,0.9166666666666666,4.282820204514321,M=3
80,99,89,train,20,False,1.4513427037745625,1.2047168562672985,1.2438145490135046,0.9166666666666666,4.284947953971237,M=3
81,100,90,train,20,False,1.5250430892934934,1.2349263497445884,1.231418661780696,0.9166666666666666,4.290318658637198,M=3
82,101,91,train,20,False,1.0063374620293613,1.0031637264322117,1.0623848655655725,0.9666666666666667,4.322437546377286,M=3
83,102,92,train,20,False,0.8286222816425821,0.9102869227021676,0.9452920389616283,0.9666666666666667,4.251840265855537,M=3
84,103,93,train,20,False,0.7269500617252287,0.8526136649885625,0.8391583112341798,0.9706666666666667,4.267063695762127,M=3
85,104,94,train,20,False,0.7499565053390709,0.866000291766158,0.8629259301715317,0.9706666666666667,4.257508170716347,M=3
86,105,95,train,20,False,0.6309295569672687,0.7943107433286224,0.7841378010338224,0.9926666666666667,4.263854598618389,M=3
87,106,96,train,20,False,0.6218247952784273,0.7885586822034408,0.805482014619402,0.9926666666666667,4.245855656152537,M=3
88,107,97,train,20,False,0.6281349611477519,0.7925496584743141,0.8081795660166523,0.9926666666666667,4.24498197837806,M=3
89,108,98,train,20,False,0.6094504184985482,0.7806730548049857,0.7979456667007618,0.9926666666666667,4.238579746142751,M=3
90,109,99,train,20,False,0.605997658591296,0.7784585143675262,0.8218817965145321,0.9926666666666667,4.223258687019698,M=3
91,110,100,train,20,False,0.6381304681566491,0.7988306880413704,0.7525813300157215,0.9926666666666667,4.227663330121984,M=3
92,111,101,train,20,False,0.6680397575333528,0.8173369914137942,0.8084141968333862,0.9926666666666667,4.2210979211920785,M=3
93,112,102,train,20,False,0.7200614530862071,0.84856434822953,0.8577858812109546,0.9926666666666667,4.2117235464598535,M=3
94,113,103,train,20,False,0.9391461965287189,0.9690955559328084,0.9449432813444788,0.9706666666666667,4.231461963650285,M=3
95,114,104,train,20,False,0.95227513872702,0.9758458580775039,0.7384953515412509,0.9706666666666667,4.243634834264863,M=3
96,115,105,train,20,False,0.8895363714137308,0.9431523585369072,0.6514894850100696,0.978,4.256508009407214,M=3
97,116,106,train,20,False,0.8983544380786407,0.9478156139664722,0.6985996819430842,0.978,4.2685674216578535,M=3
98,117,107,train,20,False,0.9019708031288678,0.949721434489539,0.6927042575194495,0.978,4.270433679154202,M=3
99,118,108,train,20,False,0.9017285738016732,0.9495938994126243,0.6426263207668641,0.978,4.277678844612327,M=3
100,119,109,train,20,False,0.8990059591920314,0.948159247801777,0.6535194694781516,0.978,4.288308987182728,M=3
101,120,110,train,20,False,0.89178069227279,0.9443414066283391,0.6937434885138591,0.9766666666666667,4.284781678947951,M=3
102,121,111,train,20,False,0.9178770582619553,0.9580590056264568,0.704395100589188,0.9766666666666667,4.27772727741776,M=3
103,122,112,train,20,False,0.9360414420207934,0.9674923472673018,0.7689137617227683,0.9766666666666667,4.29276986198556,M=3
104,123,113,train,20,False,0.9969276249706687,0.9984626307332031,0.7937441872828551,0.976,4.258620133369155,M=3
105,124,114,train,20,False,1.0110562791412325,1.0055129432987089,0.7859050159225061,0.9753333333333334,4.276186140522428,M=3
106,125,115,train,20,False,1.0925566534608409,1.0452543486926236,0.8632000344953907,0.9733333333333334,4.2885857755284515,M=3
107,126,116,train,20,False,1.156536516496526,1.0754238775927034,0.907900462973509,0.9733333333333334,4.274080524792228,M=3
108,127,117,train,20,False,1.2532047527547976,1.1194662803116482,0.8943305842275243,0.9733333333333334,4.27336547753014,M=3
109,128,118,train,20,False,1.2611315093416662,1.1230011172486278,0.8529879815460643,0.9733333333333334,4.308384784350971,M=3
110,129,119,train,20,False,1.2828405975073223,1.1326255327809462,0.852326748077491,0.9733333333333334,4.330703774336922,M=3
111,130,120,train,20,False,1.2830628968588216,1.132723663061217,0.8670224360542964,0.9733333333333334,4.31548169121741,M=3
112,131,121,train,20,False,1.2576419185706669,1.1214463511780965,0.8511374347459464,0.9733333333333334,4.335439860514044,M=3
113,132,122,train,20,False,1.1902635803074297,1.0909920166103095,0.8471191605730819,0.9733333333333334,4.346613667605257,M=3
114,133,123,train,20,False,0.9843505301900777,0.9921444099475024,0.733924152160875,0.9953333333333333,4.319829939347804,M=3
115,134,124,train,20,False,0.9339584982244565,0.9664152824870148,0.825748423388631,0.9953333333333333,4.329138490309483,M=3
116,135,125,train,20,False,0.9526389211973862,0.9760322336876924,0.945768868996705,0.9953333333333333,4.332797760236349,M=3
117,136,126,train,20,False,0.9496279701497526,0.9744885685064513,0.9137111088301249,0.9953333333333333,4.320096305526086,M=3
118,137,127,train,20,False,0.9433137881997764,0.9712434237614052,0.9394666011433552,0.9953333333333333,4.3180404557455025,M=3
119,138,128,train,20,False,0.9359118699300142,0.9674253820993194,1.0409169256996895,0.9953333333333333,4.305637252838062,M=3
120,139,129,train,20,False,0.9513112436634671,0.975351856338761,1.0299110412356667,0.9953333333333333,4.307894472373445,M=3
121,140,130,train,20,False,0.9135618667744373,0.955804303596943,0.9591544266120989,0.9966666666666667,4.327473575376508,M=3
122,141,131,train,20,False,0.8651376096289871,0.9301277383397332,0.9802286424545095,0.9966666666666667,4.328783087336108,M=3
123,142,132,train,20,False,0.851807845106283,0.9229343666297637,0.9336541250945429,0.9966666666666667,4.312641002644184,M=3
124,143,133,train,20,False,0.8586799605210056,0.9266498586418743,0.8670629527389393,0.9973333333333333,4.322425024357512,M=3
125,144,134,train,20,False,0.82592805039612,0.9088058375671451,0.8397629651490621,0.998,4.343938485512962,M=3
126,145,135,train,20,False,0.7139241461934186,0.8449403210839322,0.7829283549104668,1.0,4.319337649715688,M=3
127,146,136,train,20,False,0.6411232442593504,0.800701719905328,0.7509070610537947,1.0,4.311826893242486,M=3
128,147,137,train,20,False,0.632974811662597,0.7955971415626107,0.718975228204344,1.0,4.286503286534377,M=3
129,148,138,train,20,False,0.6282069979892911,0.7925951034350964,0.7250328044811671,1.0,4.262252851655405,M=3
130,149,139,train,20,False,0.6610957312868713,0.813077936785196,0.764494910211385,1.0,4.244369487837414,M=3
131,150,140,train,20,False,0.5934412918732984,0.7703514080426532,0.7338607527346973,1.0,4.254482617206507,M=3
132,151,141,train,20,False,0.6771586328105729,0.8228964897303748,0.7353008165913658,1.0,4.23095108813954,M=3
133,152,142,train,20,False,0.6786432778465135,0.8237980807494719,0.7198206175621391,1.0,4.26081914011125,M=3
134,153,143,train,20,False,0.6453172108180967,0.8033163827646593,0.7529433258286253,1.0,4.268384302738239,M=3
135,154,144,train,20,False,0.719063572984272,0.8479761629811725,0.8481745952513812,1.0,4.264746865599555,M=3
136,155,145,train,20,False,0.7004377391132748,0.8369215848054552,0.8253268589656888,1.0,4.270466549548444,M=3
137,156,146,train,20,False,0.6683045727587388,0.8174989741637226,0.8725188927691732,1.0,4.259491816799294,M=3
138,157,147,train,20,False,0.8586591214026896,0.9266386142411127,0.872132675881584,0.9806666666666667,4.259884329329642,M=3
139,158,148,train,20,False,0.8642289775011764,0.9296391652147495,0.82401769488337,0.9806666666666667,4.295943636136596,M=3
140,159,149,train,20,False,0.8247035277214823,0.9081318889464692,0.7596986182995795,0.9806666666666667,4.277039474015585,M=3
141,160,150,train,20,False,0.8777007448019916,0.9368568432807606,0.7062938617063492,0.9806666666666667,4.262658233712391,M=3
142,161,151,train,20,False,0.9558150279825102,0.9776579299440629,0.7723368138783697,0.9806666666666667,4.255462690623486,M=3
143,162,152,train,20,False,0.9174713766961506,0.9578472616738801,0.7600350256077977,0.9806666666666667,4.243675485359977,M=3
144,163,153,train,20,False,0.9256581306246551,0.9621112880663313,0.7882905054265668,0.97,4.239911023217337,M=3
145,164,154,train,20,False,0.9940506453840101,0.9970208851292987,0.8628133143227649,0.97,4.222352941911017,M=3
146,165,155,train,20,False,1.0038102607779669,1.0019033190772286,0.8585459043049444,0.97,4.23115350371719,M=3
147,166,156,train,20,False,1.0220599741597536,1.0109698186196032,0.8491705526452813,0.97,4.233474124671366,M=3
148,167,157,train,20,False,1.0239829714853215,1.0119204373295962,0.8753673964763893,0.9646666666666667,4.241290291596841,M=3
149,168,158,train,20,False,1.0359729233267807,1.0178275508782324,0.8855734480172582,0.9646666666666667,4.238269568610817,M=3
150,169,159,train,20,False,1.029499578315113,1.0146425864880269,0.8526087468229094,0.958,4.237405564490279,M=3
151,170,160,train,20,False,1.0724433232753028,1.0355883947183373,0.8516231386366644,0.958,4.232731825446153,M=3
152,171,161,train,20,False,0.9632236682572207,0.9814395897136108,0.9111582307534707,0.958,4.255101145586441,M=3
153,172,162,train,20,False,0.993870779754705,0.9969306795132272,1.0234686410254508,0.958,4.230119802498197,M=3
154,173,163,train,20,False,1.0170905825572878,1.0085090889810007,1.1229059713160405,0.958,4.228211486161001,M=3
155,174,164,train,20,False,0.9487965065275847,0.9740618597027525,1.327836142267839,0.958,4.224135059815864,M=3
156,175,165,train,20,False,0.9670127313872147,0.983368054894613,1.3495972973223962,0.958,4.21552893031667,M=3
157,176,166,train,20,False,1.100393812691291,1.0489965742037917,1.3394353836632735,0.958,4.244687520847426,M=3
158,177,167,train,20,False,1.1088732511167123,1.053030508160477,1.3284122545352532,0.9673333333333334,4.269666808417677,M=3
159,178,168,train,20,False,1.1032047805572573,1.0503355561711016,1.2560018108968924,0.9673333333333334,4.235943507374153,M=3
160,179,169,train,20,False,1.1349214613164047,1.065326926964866,1.2642003948088099,0.9673333333333334,4.247598689994627,M=3
161,180,170,train,20,False,1.0740897195676762,1.0363829984941262,1.2291887224339457,0.9673333333333334,4.248327170832957,M=3
162,181,171,train,20,False,1.0445907468915987,1.0220522231723772,1.1814138855911411,0.9673333333333334,4.241470410576489,M=3
163,182,172,train,20,False,1.0477888667979343,1.0236155854606426,1.1674721511714028,0.9673333333333334,4.230457503071005,M=3
164,183,173,train,20,False,0.9849380215918965,0.9924404373018546,1.1089288236457437,0.978,4.219033969099294,M=3
165,184,174,train,20,False,0.9203099498771833,0.9593278635988758,1.0270237247833671,0.978,4.202689764627612,M=3
166,185,175,train,20,False,0.9144181286957748,0.9562521261130742,0.9995367897318538,0.978,4.19702198465513,M=3
167,186,176,train,20,False,0.8988217335071784,0.9480620936980755,0.9585106232424221,0.978,4.203759041847702,M=3
168,187,177,train,20,False,0.8166070747974932,0.9036631423254426,0.8634925240204055,0.9833333333333333,4.21582452364334,M=3
169,188,178,train,20,False,0.8833958212747376,0.9398913880203061,0.9233003555910116,0.9813333333333333,4.206763971857785,M=3
170,189,179,train,20,False,0.8897838282404305,0.9432835354443703,0.8753489623808272,0.988,4.2033053345081495,M=3
171,190,180,train,20,False,0.9628251397685801,0.9812365360954411,0.9981195836197502,0.986,4.217304076193981,M=3
172,191,181,train,20,False,0.9844713043390223,0.992205273287248,0.9802931514154536,0.986,4.186482805183474,M=3
173,192,182,train,20,False,1.0217835245652118,1.010833084423542,1.0261791056590976,0.986,4.185127492091814,M=3
174,193,183,train,20,False,1.0730570370197072,1.0358846639562278,1.0224400612824343,0.986,4.194993894741455,M=3
175,194,184,train,20,False,1.0775703782895758,1.038060874077034,1.023589856661626,0.986,4.192469123360623,M=3
176,195,185,train,20,False,1.0858754739964425,1.0420534890284867,1.0491589962320076,0.986,4.161098638827062,M=3
177,196,186,train,20,False,0.9771962408396258,0.988532367117853,1.396177828622059,0.986,4.150366188093959,M=3
178,197,187,train,20,False,0.7748126702751755,0.880234440518647,1.120904442231078,0.996,4.1173321471743245,M=3
179,198,188,train,20,False,0.8744892893770828,0.9351413205377478,1.0737180262478978,0.996,4.125459199652566,M=3
180,199,189,train,20,False,0.8644754608452073,0.9297717251267685,0.9109417480698584,0.996,4.126463695568334,M=3
181,200,190,train,20,False,0.8329207587451146,0.9126449247900931,0.8010618895475209,0.996,4.132602059469427,M=3
182,201,191,train,20,False,0.8938112183440718,0.9454158970231418,0.6859652767445241,0.984,4.1359160114358895,M=3
183,202,192,train,20,False,0.8996429923694486,0.9484951198448248,0.6099324407776514,0.984,4.163152815954426,M=3
184,203,193,train,20,False,0.9081982959113185,0.9529943839872922,0.5572127736344825,0.984,4.184676977735929,M=3
185,204,194,train,20,False,0.9500650293001419,0.9747127932371371,0.5284203966037857,0.982,4.200499559845319,M=3
186,205,195,train,20,False,0.9711151745270442,0.985451761643889,0.5602476478410006,0.982,4.230518094484745,M=3
187,206,196,train,20,False,0.9783854705975836,0.9891336970286593,0.5963742548826184,0.982,4.252931375092111,M=3
188,207,197,train,20,False,1.0690552054783293,1.0339512587536848,0.6543136955915907,0.982,4.247030567194886,M=3
189,208,198,train,20,False,0.9838419262061384,0.9918880613285647,0.5775253967195104,0.984,4.245312033508761,M=3
190,209,199,train,20,False,0.930786580159757,0.9647728127179771,0.5547577511701858,0.984,4.24724475717336,M=3
191,210,200,train,20,False,0.9138140249034746,0.9559362033647824,0.5579998660579196,0.986,4.225698220951532,M=3
192,211,201,train,20,False,0.9122579753504125,0.9551219688345634,0.5964172071215331,0.986,4.247997987395047,M=3
193,212,202,train,20,False,0.8431656509512088,0.9182405191186069,0.5613154162820946,0.986,4.240663040502123,M=3
194,213,203,train,20,False,0.8814380508160673,0.9388493227435738,0.5867907053214989,0.986,4.230355604066632,M=3
195,214,204,train,20,False,0.938603840195855,0.9688156894868368,0.6707996059471798,0.986,4.238626154071614,M=3
196,215,205,train,20,False,0.9899552314215209,0.9949649397951271,0.7441164631519416,0.9786666666666667,4.252562755472803,M=3
197,216,206,train,20,False,0.987239145185077,0.9935990867473042,0.7454391841386391,0.9786666666666667,4.2428061712368486,M=3
198,217,207,train,20,False,0.9803339889346768,0.9901181691771326,0.755971930626835,0.9786666666666667,4.252542728045763,M=3
199,218,208,train,20,False,0.861497676344675,0.9281689912643467,0.6708369653513769,0.9786666666666667,4.243533075833194,M=3
200,219,209,train,20,False,0.8428466387254516,0.9180667942614261,0.6860960476054113,0.9786666666666667,4.23587693122808,M=3
201,220,210,train,20,False,0.8973553630998014,0.9472884265627873,0.6987024531838338,0.9786666666666667,4.22169377543293,M=3
202,221,211,train,20,False,0.7940361796392049,0.891087077472906,0.6740315428225797,0.9906666666666667,4.217066379964181,M=3
203,222,212,train,20,False,0.8031602746891269,0.8961920969798421,0.7048484344993916,0.9906666666666667,4.192616008712746,M=3
204,223,213,train,20,False,0.835493684435221,0.9140534363127907,0.8542050519629101,0.9906666666666667,4.187437336225409,M=3
205,224,214,train,20,False,0.7967621336426185,0.8926153335242558,1.0554279083745042,0.9926666666666667,4.177700046840778,M=3
206,225,215,train,20,False,0.7688845012094537,0.8768605939426481,1.1333196971046777,0.9926666666666667,4.14192687540992,M=3
207,226,216,train,20,False,0.8592072359216711,0.9269343212556492,1.1406761111632662,0.9873333333333333,4.125330362983629,M=3
208,227,217,train,20,False,0.7882816062878877,0.8878522434999462,0.9846904470687565,0.9873333333333333,4.1431640925126265,M=3
209,228,218,train,20,False,0.7909655460691123,0.8893624379684091,0.9903322666806204,0.9873333333333333,4.150491480670308,M=3
210,229,219,train,20,False,1.0055314087136187,1.0027618903376907,1.0215474274153185,0.966,4.151821496890232,M=3
211,230,220,train,20,False,0.9108980509907652,0.9544097919608564,0.9078387749275185,0.966,4.179573730123695,M=3
212,231,221,train,20,False,0.924626893162873,0.9615752145115186,1.0037933835983053,0.966,4.177016391025131,M=3
213,232,222,train,20,False,0.9966388607920142,0.9983180158606847,1.0088757586081485,0.966,4.183166578197117,M=3
214,233,223,train,20,False,0.9498357077497144,0.9745951506906416,0.8639560546575309,0.966,4.195576957022669,M=3
215,234,224,train,20,False,0.8874245963774966,0.9420321631332428,0.802531073355162,0.966,4.194541758495334,M=3
216,235,225,train,20,False,0.8303201563083181,0.9112190495749736,0.8062544967326732,0.9733333333333334,4.212114479653116,M=3
217,236,226,train,20,False,0.8477142608032586,0.9207139951164306,0.7915094732328971,0.9726666666666667,4.212641761293426,M=3
218,237,227,train,20,False,0.9213954555931336,0.9598934605429571,0.841633044732608,0.9726666666666667,4.225021157807343,M=3
219,238,228,train,20,False,0.9682092296802501,0.9839762343066271,0.8480742016556141,0.9726666666666667,4.235212622472126,M=3
220,239,229,train,20,False,1.1034729308019693,1.0504631982139923,0.8083118946487201,0.958,4.2561346822909725,M=3
221,240,230,train,20,False,1.0884529169100083,1.0432894693755939,0.8102554810543386,0.958,4.282710393448039,M=3
222,241,231,train,20,False,1.1368590333472812,1.0662359182410248,0.8341803912980957,0.958,4.286784071703591,M=3
223,242,232,train,20,False,1.174475021016551,1.0837319876318827,0.8427751835300158,0.958,4.311071306434374,M=3
224,243,233,train,20,False,1.1277290006125102,1.0619458557819745,0.797677764677155,0.958,4.337233858761836,M=3
225,244,234,train,20,False,1.278512232406282,1.130713152132884,0.8203847055611185,0.9406666666666667,4.343439058921449,M=3
226,245,235,train,20,False,1.4116869254996205,1.18814432014786,0.7813925579920609,0.9406666666666667,4.370592995041644,M=3
227,246,236,train,20,False,1.3587863038932864,1.1656698949073387,0.7829449226925588,0.946,4.431446111160484,M=3
228,247,237,train,20,False,1.3358014711739377,1.15576877928673,0.807117364865555,0.946,4.466445979377741,M=3
229,248,238,train,20,False,1.3482575748615904,1.1611449413667487,0.861100852461836,0.946,4.486231068812932,M=3
230,249,239,train,20,False,1.1509620406979757,1.0728289894936545,0.7425279049423025,0.9673333333333334,4.5062723844961035,M=3
231,250,240,train,20,False,1.1816618914395625,1.0870427275133037,0.7603304494291582,0.9673333333333334,4.515275938232621,M=3
232,251,241,train,20,False,1.1540060651699438,1.0742467431507268,0.7671223914909219,0.9673333333333334,4.524926263017229,M=3
233,252,242,train,20,False,1.1267344954796326,1.0614775058754813,0.750570191018739,0.9673333333333334,4.530879227279841,M=3
234,253,243,train,20,False,1.077839588051545,1.0381905355239687,0.7031862668033344,0.9673333333333334,4.52308584388537,M=3
235,254,244,train,20,False,1.107099361804964,1.0521878928237884,0.7216843974086052,0.9673333333333334,4.510532466346987,M=3
236,255,245,train,20,False,1.0789153803421612,1.038708515581807,0.7526880328388577,0.9673333333333334,4.499752797834831,M=3
237,256,246,train,20,False,1.0405259167137115,1.020061722011816,0.8228892927150027,0.968,4.498786434864233,M=3
238,257,247,train,20,False,1.0913524683857063,1.0446781649798689,0.6740258537220402,0.9666666666666667,4.491779277246154,M=3
239,258,248,train,20,False,1.2714860409457853,1.127601898253894,0.7946133553655851,0.948,4.500487907014024,M=3
240,259,249,train,20,False,1.153805568711416,1.0741534195409033,0.7141431199180766,0.9626666666666667,4.501676661572227,M=3
241,260,250,train,20,False,1.133175103171142,1.06450697657232,0.6400584882026694,0.9626666666666667,4.463824185318881,M=3
242,261,251,train,20,False,1.113553430634963,1.0552504113408168,0.6228350029426302,0.9626666666666667,4.451558632308807,M=3
243,262,252,train,20,False,1.0777522131457895,1.0381484542905168,0.5880754932549989,0.9626666666666667,4.439373219615918,M=3
244,263,253,train,20,False,1.0984302283272709,1.0480602217083095,0.5478076772992635,0.9626666666666667,4.406832868896923,M=3
245,264,254,train,20,False,0.9584006820007849,0.9789794083640293,0.4599496012962329,0.98,4.400342501001576,M=3
246,265,255,train,20,False,0.8926911359116199,0.94482333582084,0.513553234441964,0.98,4.404538090563344,M=3
247,266,256,train,20,False,0.9024399617880151,0.9499684004155166,0.6559383104546499,0.98,4.338032837062687,M=3
248,267,257,train,20,False,0.9417117397811344,0.9704183323603972,0.8657856552512615,0.98,4.28814076897288,M=3
249,268,258,train,20,False,0.9453609189957204,0.9722967237400939,1.1010141991458609,0.98,4.26011278120522,M=3
250,269,259,train,20,False,0.9346426874265925,0.9667692007023148,1.227702545988078,0.98,4.245144276027097,M=3
251,270,260,train,20,False,1.0978645489363492,1.0477903172564391,1.2797570744864253,0.96,4.2226513386900635,M=3
252,271,261,train,20,False,1.196975493746233,1.0940637521398069,1.0344462097221512,0.96,4.2237773328966695,M=3
253,272,262,train,20,False,1.2137948013997666,1.1017235594284833,1.066524115463319,0.96,4.254440565550279,M=3
254,273,263,train,20,False,1.2915077377401945,1.1364452198589223,1.0937241859683717,0.96,4.262378547289173,M=3
255,274,264,train,20,False,1.43711297209255,1.1987964681682,1.166586863536568,0.9326666666666666,4.267252900636042,M=3
256,275,265,train,20,False,1.54769411810248,1.2440635506687268,1.0562230629491738,0.92,4.269066197308005,M=3
257,276,266,train,20,False,1.5691421805461634,1.2526540546161034,0.9676037271036434,0.92,4.285126354246317,M=3
258,277,267,train,20,False,1.4488011853280567,1.2036615742508592,0.9546105124797283,0.9213333333333333,4.291848021724096,M=3
259,278,268,train,20,False,1.2536480411701743,1.11966425376993,0.8104403557129487,0.94,4.279221983028178,M=3
260,279,269,train,20,False,1.231707883481452,1.1098233568822797,0.7795482467188161,0.94,4.287256623017873,M=3
261,280,270,train,20,False,1.398338974258914,1.1825138368149923,0.7966532607417876,0.9226666666666666,4.312387231054221,M=3
262,281,271,train,20,True,1.3673233501410356,1.1693260238877075,0.7516420364909149,0.9226666666666666,4.357703485195,M=3
263,282,272,train,20,True,1.5649086313901208,1.250963081545623,0.7561279879901756,0.896,4.357535293972053,M=3
264,283,273,train,20,True,1.577286250405284,1.2559005734552733,0.732271518935998,0.896,4.430675329483891,M=3
265,284,274,train,20,True,1.5837785551854715,1.2584826400016298,0.8319651573758046,0.896,4.486785821194777,M=3
266,285,275,train,20,True,1.5583545707930933,1.2483407270425384,0.8306739540890192,0.896,4.484578574594507,M=3
267,286,276,train,20,True,1.606286420599147,1.267393553952026,0.9379477190073822,0.896,4.5096706072875605,M=3
268,287,277,train,20,True,2.0964556487956,1.4479142408290624,0.8835245094583934,0.8586666666666667,4.541616554352008,M=3
269,288,278,train,20,True,2.1939760658366745,1.4812076376513437,0.8830983689782899,0.8586666666666667,4.775835578926456,M=3
270,289,279,train,20,True,2.1922786411354727,1.4806345400318988,0.9243459767372686,0.8586666666666667,4.928260952078762,M=3
271,290,280,train,20,True,1.9980315598773877,1.413517442367581,0.8824463203249078,0.8786666666666667,5.005742487731562,M=3
272,291,281,test,20,True,1.9842647666018312,1.408639331625321,0.8784510857560269,0.8746666666666667,5.021671585624187,M=3
273,292,282,test,20,True,1.959615861203592,1.3998628008499947,0.9195710388578094,0.8746666666666667,5.01721367359926,M=3
274,293,283,test,20,True,1.8875496831770353,1.3738812478438722,1.2100080760295369,0.8746666666666667,5.048829207410639,M=3
275,294,284,test,20,True,1.8889456430530784,1.3743891890774893,1.2260615643143558,0.896,5.0955738269944835,M=3
276,295,285,test,20,True,1.862294374946427,1.3646590691254818,1.265756934838422,0.9086666666666666,5.2164862793870235,M=3
277,296,286,test,20,True,1.8642656690465187,1.3653811442401418,1.1983018494829296,0.9086666666666666,5.218648104042321,M=3
278,297,287,test,20,True,1.885096177828239,1.3729880472270102,1.0277615957576047,0.9086666666666666,5.2269900355981465,M=3
279,298,288,test,20,True,1.8584393682745612,1.3632458942812047,0.8218878039161789,0.9086666666666666,5.220080285043539,M=3
280,299,289,test,20,True,1.9091111492224928,1.3817058837619867,0.8010380600874221,0.9086666666666666,5.191972845649511,M=3
281,300,290,test,20,False,1.7865641321634307,1.3366241551623368,0.7325413014021747,0.926,5.183084641574804,M=3
282,301,291,test,20,False,1.827598393925306,1.3518869752776324,0.7410801626085814,0.926,5.154339989254992,M=3
283,302,292,test,20,False,1.6319145095260752,1.277464093243358,0.639962066060194,0.9526666666666667,5.148005914309468,M=3
284,303,293,test,20,False,1.5938030779831618,1.2624591391340798,0.6057725816604355,0.9526666666666667,5.08687525282486,M=3
285,304,294,test,20,False,1.7446157399833482,1.3208390287931941,0.6718596430098801,0.9386666666666666,5.048115412013825,M=3
286,305,295,test,20,False,1.7224617626203969,1.31242590747836,0.6622572569811863,0.9386666666666666,5.03957826603876,M=3
287,306,296,test,20,False,1.6321394645699159,1.2775521377109882,0.6386835455964718,0.9386666666666666,5.051905291003463,M=3
288,307,297,test,20,False,1.3678429434159252,1.1695481791768672,0.6464384867458712,0.9553333333333334,5.028760852052875,M=3
289,308,298,test,20,False,1.35698843307914,1.1648984647080363,0.6849365804089766,0.9553333333333334,4.894423749189166,M=3
290,309,299,test,20,False,1.3573069030555203,1.1650351509956771,0.704882356571217,0.9553333333333334,4.866574220144954,M=3
291,310,300,test,20,False,1.4811364917633985,1.217019511660926,0.7348401326880005,0.9553333333333334,4.835702403713362,M=3
292,311,301,test,20,False,1.4880337312078713,1.2198498806032942,0.6984522113745326,0.9593333333333334,4.8756110649676865,M=3
293,312,302,test,20,False,1.4510073979991855,1.204577684501579,0.6806889705701873,0.9593333333333334,4.9426705091826415,M=3
294,313,303,test,20,False,1.4338306596127663,1.1974266823537743,0.6919356571651197,0.9593333333333334,4.948800924462308,M=3
295,314,304,test,20,False,1.345240712564532,1.159845124387102,0.7026829095322025,0.952,4.927459003979513,M=3
296,315,305,test,20,False,1.2603257605775158,1.122642311948697,0.6736941787736035,0.952,4.842639098439202,M=3
297,316,306,test,20,False,1.2445748646402068,1.1156051562448996,0.6807980733581347,0.952,4.852280065151233,M=3
298,317,307,test,20,False,1.2765163594234186,1.129830234780172,0.709176384542943,0.952,4.849244723940425,M=3
299,318,308,test,20,False,1.2742161590340102,1.1288118350876777,0.7792925299554146,0.952,4.866202455407608,M=3
300,319,309,test,20,False,1.3007728091163955,1.1405142739643355,0.8470800670183292,0.952,4.875147529106654,M=3
301,320,310,test,20,False,1.2418652853042254,1.1143900956596058,0.7616084703231368,0.952,4.876333409749968,M=3
302,321,311,test,20,False,1.4240081638424886,1.1933181318669757,0.8596781916163411,0.9333333333333333,4.864202276787435,M=3
303,322,312,test,20,False,1.4213934154222827,1.1922220495454203,0.8980144367393809,0.9333333333333333,4.88283582636168,M=3
304,323,313,test,20,False,1.426603630791174,1.1944051367903497,0.9384626941764288,0.9333333333333333,4.888983981648263,M=3
305,324,314,test,20,False,1.246614623043467,1.1165189756754996,0.748845657082054,0.9473333333333334,4.876209435387209,M=3
306,325,315,test,20,False,1.310889858976737,1.1449409849318597,0.6000553476511522,0.9473333333333334,4.876966484178504,M=3
307,326,316,test,20,False,1.3439609732942144,1.1592933077069902,0.4940199550575135,0.946,4.838300311439817,M=3
308,327,317,test,20,False,1.1691616011755102,1.081277763192932,0.45117805914372944,0.9666666666666667,4.830480603311802,M=3
309,328,318,test,20,False,1.08109719289252,1.039758237713229,0.44300552080336675,0.9666666666666667,4.733440796452164,M=3
310,329,319,test,20,False,1.0742408725030104,1.0364559192281215,0.43133612432651086,0.9666666666666667,4.588354290624114,M=3
311,330,320,test,20,False,1.0176483305391395,1.0087855721307375,0.4480121131438257,0.9666666666666667,4.536479166545615,M=3
312,331,321,test,20,False,0.9686442262040822,0.9841972496426121,0.4871734885969915,0.9666666666666667,4.461161613374867,M=3
313,332,322,test,20,False,1.410624395968749,1.1876970977352554,0.7500822612845043,0.9333333333333333,4.350418570228233,M=3
314,333,323,test,20,False,1.4593313652693625,1.2080278826539403,0.7791433537374309,0.9333333333333333,4.313057417877829,M=3
315,334,324,test,20,False,1.406106474449347,1.1857936053333005,0.8163830924099805,0.9426666666666667,4.318665652493769,M=3
316,335,325,test,20,False,1.4090149701839618,1.1870193638622588,0.8607440870598826,0.9426666666666667,4.303964530583375,M=3
317,336,326,test,20,False,1.4003374144668206,1.183358531666046,0.8735962856719196,0.9426666666666667,4.287351676297425,M=3
318,337,327,test,20,False,1.346121296784413,1.1602246751316803,0.8541625974639521,0.9426666666666667,4.270636173979989,M=3
319,338,328,test,20,False,1.349255093791063,1.161574403037129,0.8659936778582229,0.9426666666666667,4.26598769620498,M=3
320,339,329,test,20,False,1.2837082198787042,1.1330084818211663,0.8254108681474729,0.9426666666666667,4.266652110061808,M=3
321,340,330,test,20,False,1.4697043670976135,1.2123136422137686,0.9076250142030449,0.916,4.2705345604573,M=3
322,341,331,test,20,False,1.3467691147953333,1.160503819379899,0.8244015462629899,0.924,4.277359052397246,M=3
323,342,332,test,20,False,1.4011543264927233,1.1837036480862613,0.8713639491772632,0.924,4.282290597400658,M=3
324,343,333,test,20,False,1.4804028265923574,1.216718055505201,0.8987320333569891,0.9126666666666666,4.274796747479293,M=3
325,344,334,test,20,False,1.5582024552931226,1.2482797984799412,0.8808078822288253,0.9126666666666666,4.293175100148399,M=3
326,345,335,test,20,False,1.4985139749971421,1.2241380538963496,0.9302500021740472,0.9126666666666666,4.293283699214359,M=3
327,346,336,test,20,False,1.4943324929559652,1.2224289316585915,1.0797479861446262,0.914,4.2959347667249475,M=3
328,347,337,test,20,False,1.6468823658394123,1.2833091466359197,1.0677730710570001,0.8826666666666667,4.2973332206388415,M=3
329,348,338,test,20,False,1.6558583720245679,1.2868016055416498,1.0735548663884271,0.8826666666666667,4.347611907666001,M=3
330,349,339,test,20,False,1.7248898867458387,1.3133506335879381,1.1494789806615227,0.8753333333333333,4.383786860095071,M=3
331,350,340,test,20,False,1.9283595093792445,1.3886538479330421,1.094478089401644,0.8566666666666667,4.4363984919901815,M=3
332,351,341,test,20,False,2.0282856257309785,1.4241789303774222,1.1051842656429873,0.8566666666666667,4.580600869307852,M=3
333,352,342,test,20,False,1.6248900942536064,1.2747117690888425,0.8558636147613496,0.89,4.755035215938544,M=3
334,353,343,test,20,False,1.6006662209809548,1.2651743836250222,0.7967270759252215,0.89,4.823588328569456,M=3
335,354,344,test,20,False,1.5553415764100866,1.2471333434761844,0.7653011146377059,0.894,4.860864729721026,M=3
336,355,345,test,20,False,1.5603503534740792,1.2491398454432872,0.7815302715120294,0.894,4.873822862207461,M=3
337,356,346,test,20,False,1.6016572928059483,1.2655659970171245,0.7834254077016757,0.894,4.888435039240946,M=3
338,357,347,test,20,False,1.6051119812090977,1.2669301406190863,0.7518864691802764,0.894,4.881617698523967,M=3
339,358,348,test,20,False,1.676590472008466,1.2948322177056246,0.7959798863184908,0.8906666666666667,4.875050171894191,M=3
340,359,349,test,20,False,1.667869089463577,1.291460061118259,0.8599432673236762,0.8906666666666667,4.876701600052629,M=3
341,360,350,test,20,False,1.7264534822992512,1.3139457684011357,0.8867993911098657,0.8986666666666666,4.875937732992332,M=3
342,361,351,test,20,False,1.6534996020864188,1.28588475458978,0.8518252821155295,0.9093333333333333,4.896484114126505,M=3
343,362,352,test,20,False,1.6156367582439501,1.2710770072045006,0.8591845643136325,0.9093333333333333,4.898823428299755,M=3
344,363,353,test,20,False,1.5481840733485508,1.244260452376652,0.8125044534599717,0.9206666666666666,4.924076198245823,M=3
345,364,354,test,20,False,1.6896048692807557,1.2998480177623675,0.8571712845483951,0.8986666666666666,4.909277158247004,M=3
346,365,355,test,20,False,1.711040814211022,1.3080675877839882,0.8741370064858734,0.896,4.9195541794519935,M=3
347,366,356,test,20,False,1.691820519555452,1.3007000113613638,0.9008869281513308,0.896,4.934796610837444,M=3
348,367,357,test,20,False,1.503602822477784,1.2262148353684945,0.8096099346594403,0.9213333333333333,4.932454548893957,M=3
349,368,358,test,20,False,1.6058200334083004,1.267209545974264,0.845675912676515,0.9073333333333333,4.893206427832008,M=3
350,369,359,test,20,False,1.7235501832843956,1.31284050184491,0.8708487884847778,0.9006666666666666,4.916342923748685,M=3
351,370,360,test,20,False,1.5021674828584886,1.2256294231367362,0.8366113049770979,0.9193333333333333,4.950983494997902,M=3
352,371,361,test,20,False,1.3923126856618016,1.1799630018190408,0.946718414755084,0.9193333333333333,4.858439706204323,M=3
353,372,362,test,20,False,1.4385593709342301,1.1993995876830332,1.0596734779499708,0.9126666666666666,4.740831161839736,M=3
354,373,363,test,20,False,1.4119194704077134,1.188242176665899,1.1714814852417657,0.9126666666666666,4.710838264622446,M=3
355,374,364,test,20,False,1.4260898596031115,1.1941900433361148,1.2351606473424779,0.9126666666666666,4.663263367605171,M=3
356,375,365,test,20,False,1.5054259499501792,1.2269580065960608,1.2916372349429008,0.9033333333333333,4.63015224091826,M=3
357,376,366,test,20,False,1.5202181044286491,1.232971250446923,1.3976972108266317,0.9033333333333333,4.634896850088007,M=3
358,377,367,test,20,False,1.5349943397170447,1.2389488850299857,1.736446246209483,0.9033333333333333,4.673364667340244,M=3
359,378,368,test,20,False,1.465049153484133,1.2103921486378424,1.7399649161908608,0.9066666666666666,4.688048357117014,M=3
360,379,369,test,20,False,1.4886920874019773,1.220119702079258,1.6388375308984113,0.9066666666666666,4.695853615998395,M=3
361,380,370,test,20,False,1.3855814957575818,1.1771072575418018,1.4675150652315654,0.9086666666666666,4.69224069864182,M=3
362,381,371,test,20,False,1.371690149528103,1.171191764626145,1.3872311418027294,0.9086666666666666,4.688625319293009,M=3
363,382,372,test,20,False,1.7852130551011274,1.3361186530773108,1.6137307470029076,0.8586666666666667,4.675408459385105,M=3
364,383,373,test,20,False,1.9195632716115576,1.3854830463096823,1.5113794547353185,0.8586666666666667,4.728188050619569,M=3
365,384,374,test,20,False,1.8726468004412744,1.368446857002958,1.1792965619230833,0.8806666666666667,4.865680242060155,M=3
366,385,375,test,20,False,2.061624912921167,1.4358359630964697,1.0277757899554987,0.8773333333333333,5.017430265949578,M=3
367,386,376,test,20,False,2.191016380883698,1.480208222137581,0.9546174590200562,0.8773333333333333,5.2049362773722985,M=3
368,387,377,test,20,False,2.3062414205407005,1.5186314301174926,0.9109295418993418,0.8833333333333333,5.397318697040876,M=3
369,388,378,test,20,False,2.304499248831551,1.5180577224965957,0.8669776787637523,0.8973333333333333,5.591309597934194,M=3
370,389,379,test,20,False,2.1457015044275414,1.4648213216729,0.807546945886629,0.9113333333333333,5.696515281517539,M=3
371,390,380,test,20,False,2.2182840856661086,1.4893905081160241,0.8223845147443641,0.904,5.688160867623577,M=3
372,391,381,test,20,False,2.389256054435079,1.5457218554562393,0.8511899330704402,0.8886666666666667,5.77607071627578,M=3
373,392,382,test,20,False,2.798223417396156,1.6727891132465431,0.8634759536977564,0.872,5.89526661477902,M=3
374,393,383,test,20,False,3.2169347022828303,1.793581529310232,0.9252870626666336,0.872,6.109898560408335,M=3
375,394,384,test,20,False,3.626307629975826,1.9042866459584875,1.0289026178717884,0.872,6.355217973532426,M=3
376,395,385,test,20,False,3.9272364990971695,1.9817256366856562,1.0994161337326034,0.8813333333333333,6.598470360303974,M=3
377,396,386,test,20,False,3.999741129523003,1.9999352813336244,1.1372645027710946,0.8813333333333333,6.8109517049188,M=3
378,397,387,test,20,False,4.060606491271883,2.015094660623139,1.2600983398425203,0.8813333333333333,6.96232584088068,M=3
379,398,388,test,20,False,4.286848606991941,2.0704706245179962,1.5459866605088872,0.8813333333333333,7.105517882890527,M=3
380,399,389,test,20,False,4.303348048909903,2.074451264529949,2.1749757682051682,0.8813333333333333,7.2847459065892215,M=3
381,400,390,test,20,False,4.235010397053992,2.057914088841901,2.9222255524597034,0.898,7.411405464752633,M=3
