X1,X2,X3,X4,X5,Y
0.8187916233407224,0.10978678702234768,0.8933038076621522,-0.43381732901729253,1.0667626415804943,4.845011638770548
0.8082933142038251,0.08281403367898371,0.8858770417803264,-0.43985332149429723,1.097420319811639,4.279358025425814
0.7978173792726512,0.05604618348752091,0.8788577411276574,-0.4461306905445191,1.127984601631431,4.690553365822507
0.7874916523097462,0.028791894284590017,0.8715479736338667,-0.45245424263344497,1.1585453453984547,4.855552620007835
0.7770652945775607,0.0015031524179306976,0.8639910175169323,-0.4585860480964735,1.1890889640505578,4.546487180442158
0.7660072575623901,-0.026119926189226234,0.856723834873924,-0.4651650405990343,1.219630401652728,3.62640682026274
0.7551708052916587,-0.05363035849060367,0.8490438331339378,-0.4713122884549246,1.2499979988904963,4.267107561634631
0.7444302057622255,-0.08161455621926977,0.8414467900387569,-0.4776709368075487,1.2801444733263794,4.832406201556238
0.7333964163265239,-0.10955865582896429,0.8340054105687533,-0.48432083870709935,1.3108016240883988,4.557875573580974
0.7225551952211078,-0.13761411012377334,0.8260157532288639,-0.49075414515178173,1.3409525748402789,4.965690953087715
0.7112989430681655,-0.1656811825767444,0.8183423060857578,-0.49739504143015484,1.3711083606898322,4.36343451701789
0.7003081992911424,-0.1940374095782298,0.8107812603381015,-0.5040144884151803,1.401286285780745,4.802327774876023
0.6888563688719841,-0.22232109782275306,0.8025877673313906,-0.5105397469654237,1.431187383197357,4.131340378036322
0.6778070237952653,-0.25088851294973685,0.7950083695557681,-0.5171741897136902,1.4612664812941814,4.839259203922078
0.6661245446756963,-0.2794280958227335,0.7869103338246412,-0.5240143121516785,1.4908612139622537,3.9225116888384215
0.6548836203846177,-0.3080222270386612,0.7786460461035664,-0.5309445137162374,1.5203582607772226,4.638805714314891
0.6435729419185637,-0.3364558436341422,0.7705601847635396,-0.537580001625949,1.5498634860674478,4.891406186492631
0.6319727894921455,-0.3653219955813673,0.7625818386403609,-0.5443531187253315,1.5794087942637136,4.428280881607965
0.6204410197563748,-0.3940933450485302,0.7542877052472807,-0.5510713448685343,1.6083615888412037,4.449051784144777
0.608744455053515,-0.42252978095644234,0.7459256901471782,-0.5580842844237032,1.637412779576687,4.198803915790049
0.5971270567220908,-0.4513311256299332,0.7375597820550752,-0.5649833033286082,1.6660262503161634,4.367794435103622
0.5855993722735033,-0.4800825705171598,0.7293050600038747,-0.5718845755465415,1.694744230526429,4.723400556146156
0.5737564547156611,-0.5091501958365439,0.7208267903714084,-0.5788876634609192,1.723033725893138,4.24974614766156
0.5618849301988695,-0.5376371601602334,0.7121210014604363,-0.5856822168476685,1.7513276855188242,4.037801524263703
0.5504229548467174,-0.5662940187424395,0.7035732582985325,-0.5928672023535255,1.7793885206218838,4.930863332501264
0.5385632817312884,-0.595085068597909,0.6950870153663063,-0.599843193147432,1.8069419522144714,4.509611267154206
0.5267637871976945,-0.6235094998604026,0.6863877478422225,-0.6069527905986554,1.8344623685550139,4.44424245723151
0.5150916959548926,-0.6520542941869175,0.6773676071054895,-0.6137788235359485,1.8615266424191557,4.7169841804398684
0.5032383298441163,-0.6803576897939877,0.6686502351427248,-0.6209443418600247,1.888705368343913,4.439941694929963
0.4913956292019564,-0.7088628017685475,0.6597778304744952,-0.6279628638773361,1.9154040920730033,4.3112421567487775
0.4797247536046925,-0.7371053146634834,0.6509545917134709,-0.6350641314637158,1.9418173027638495,4.633086021950334
0.46794340432082543,-0.7653269241494458,0.6418190562142505,-0.6422136692018336,1.9677745982513482,4.522272525761046
0.4561900780886145,-0.793319600430198,0.6329172251571109,-0.6492759453160531,1.9935707092502966,4.479952996415272
0.44443282249437976,-0.8211927776767538,0.6235924399566128,-0.6565702261924121,2.0191909769661938,4.3955359719573845
0.4325457909390006,-0.8488492682036594,0.6143990742385108,-0.6635131111571,2.0444310019425105,4.000855881711686
0.4209957936239517,-0.8766839660874727,0.6053682522993118,-0.6708029523955934,2.0693416426710307,4.527656674800563
0.4091835570577845,-0.9041945717013146,0.5961732907451196,-0.6777372561407209,2.093846107944561,4.149448888703468
0.39750086243475397,-0.9316501268688009,0.5867679887800515,-0.6848848742836101,2.1178711624894593,4.178771035259527
0.38578864311527783,-0.9589351968633928,0.5774675549565624,-0.6921668253860586,2.1416428992040566,4.069496387611712
0.37440155090905564,-0.985868649859765,0.5679988131040459,-0.6993456007350531,2.165265397341941,4.693147803534123
0.36289490515168876,-1.012783468407377,0.5585028502004799,-0.7063834089343991,2.1884803314720758,4.643437980659757
0.351299183602001,-1.0392724616812183,0.5490511024627625,-0.7136173640345542,2.2109992458343806,4.266103063564276
0.3399464083849366,-1.0657511925249834,0.5395731312434624,-0.7206551898226425,2.233623026621287,4.487921772892397
0.3284275728402272,-1.0919602324694206,0.5299156796050146,-0.7277962027752493,2.2555375126223858,4.083487651520113
0.3171706407088792,-1.1180275338762544,0.520258497350755,-0.7348147632422877,2.2771243592980404,4.330143002218175
0.30598163897437797,-1.1438390457987395,0.5106360979337222,-0.7418678000247438,2.298361616377976,4.476301380939543
0.2946443335949118,-1.1693603142321536,0.5008465403604634,-0.7490319771619818,2.3190852860507216,4.036269384269897
0.2836198346978314,-1.1950114064397417,0.4909042845100661,-0.7561684894246127,2.339269242216992,4.351398364765983
0.2724771901715221,-1.2198187647429686,0.4812547986013571,-0.763097927398708,2.359662263099761,4.073156716146832
0.2618144909710744,-1.244430399759242,0.47127179566825134,-0.770234202912873,2.37908126608978,4.852237518044815
0.2507793090800617,-1.2693833665532421,0.4615831530856583,-0.7771522255530707,2.398193795032365,4.192092582068151
0.2398563529767886,-1.29361881538894,0.4514884174506199,-0.7841572898290047,2.4168379942067704,3.8365135876207224
0.22940694404883855,-1.317656978360073,0.44180272144954463,-0.7912471436354722,2.4351743059341358,4.542065274067071
0.21874463438534553,-1.341452235027605,0.43179259884267124,-0.7980877967695199,2.4529422203266473,4.208747910402467
0.20828287987459915,-1.364913086112802,0.42162560046113806,-0.8053111559752303,2.470471544879005,4.226553793349152
0.19793973416231003,-1.3881322170337271,0.4117730216789489,-0.8121186784759247,2.487354658558179,4.256891787401617
0.18791459912842723,-1.4109224051463518,0.4016880244814349,-0.8190801511449377,2.5036479729631185,4.754005337162558
0.17772583617822707,-1.4335828290873207,0.3916498507225363,-0.8257153552875998,2.5196406196685373,4.342569704043192
0.16757394469267423,-1.4557067823474596,0.3812389411815272,-0.8326476995581853,2.5350835362831083,3.85556303948393
0.15773163922467914,-1.477611568571378,0.371296339956918,-0.8394702522017605,2.5500910710382003,4.001781240159225
0.14793892184035384,-1.4992818853800138,0.36099477829922566,-0.8461485724565718,2.5647477528867433,3.905422882804868
0.13854388842443943,-1.5205106638228056,0.3508745862839141,-0.8528328752509673,2.579074959420852,4.48553290199964
0.1288812591659621,-1.5414529539811297,0.3407047367005098,-0.8594744152683309,2.592425333515771,3.8456279232007495
0.11973047407529341,-1.5619775693339746,0.3304530019788556,-0.8660957600769096,2.605609295867854,4.3371290990803715
0.11073608429661314,-1.58232098181298,0.32023080224058054,-0.8726974623876901,2.6180576423883597,4.643228710427854
0.10140816838137756,-1.6020176664309342,0.3098232019098947,-0.8792024036542552,2.630083748364453,3.6216538002579144
0.09262060847761044,-1.6216215845341055,0.2997954918412975,-0.885701948762913,2.6417496791799167,3.922513316076933
0.08397494339363393,-1.6408349186361142,0.28933018766613083,-0.8922854007861012,2.652834995384742,4.073862694085283
0.07549906357613395,-1.6594873959549639,0.2789632744444847,-0.8984616286988296,2.6634930641892134,4.175543923856303
0.06718039535627623,-1.6781490260009244,0.2687922939463247,-0.9049678846198488,2.6736847584732146,4.196615738412248
0.05877937306790504,-1.6959131253521098,0.2585917780883446,-0.9112115007558428,2.683408977152993,3.579902642151075
0.05094936081782303,-1.7137169711694105,0.2482675217639268,-0.9175381185563021,2.692379306606333,4.164114851403904
0.04325412789536215,-1.7310872776157091,0.23781311669970207,-0.9236409599593626,2.7009556316828514,4.410005138051232
0.0356354632260964,-1.7480453070971285,0.22769301108059592,-0.9296978706351399,2.709001793025308,4.27001825356718
0.02820883718221212,-1.7647225156285749,0.2172062059885686,-0.9357795522324482,2.7167641262837083,4.158713681761248
0.021067093628919897,-1.7805358301636574,0.20693433391760613,-0.9416038921734777,2.72376286773903,4.284938621821451
0.014270984658844299,-1.7966850404203956,0.19653177058089388,-0.9474954936570292,2.730345226646385,4.688220818918693
0.0072698425272954,-1.8117605245108053,0.18655019305723325,-0.9532017391929937,2.7361577005149704,3.8969549643003902
0.00069317985503492,-1.826768838610079,0.17617631434586695,-0.9591411441969755,2.7417655168400077,3.901153819770577
-0.00554849264474494,-1.8413687192021326,0.16602196566845867,-0.9648242501445548,2.746723509801795,4.19180912299534
-0.01190249508336344,-1.8554271493427381,0.15571748883556547,-0.9704404651007245,2.75139731308621,3.5532571524754375
-0.017786143714851044,-1.86919220219729,0.14562073239685674,-0.9760542049803285,2.7555002872764094,3.760028415667248
-0.02330486005221355,-1.8827901300418617,0.1353131482374348,-0.9815018993110856,2.758828073222272,4.238029684391414
-0.028853464698439746,-1.8955435655101216,0.1250135934437091,-0.9870798719253453,2.7618965588884468,3.8894299183145855
-0.03393250528864605,-1.9082386495170915,0.11508290487351946,-0.9921403695227822,2.76437758672331,4.230414066096955
-0.03913576557538123,-1.9204671583069701,0.10477743652805888,-0.9973980313829034,2.7662171984404713,3.542393059419801
-0.04393308004644764,-1.9321323715347127,0.09462057477059216,-1.002785899084751,2.767701931001463,3.5085910243753977
-0.048541093701227334,-1.9434393000392984,0.08465300720719715,-1.0075171240258005,2.768561992264016,3.374135010171028
-0.052649157492480336,-1.954604376577951,0.07444718318825694,-1.0127583351973692,2.769390612411105,3.9337512797602345
-0.056958859682542384,-1.9651372448289834,0.06439366208551112,-1.0173294416462741,2.769055206495947,3.1962301368181865
-0.060695900819694726,-1.9749328776490414,0.054392071105389295,-1.0218862028788733,2.7685157584436606,3.537094656460596
-0.06415156006053374,-1.9847665250808215,0.04461036968085125,-1.0265094832023927,2.767506072378929,3.8536866584544147
-0.06741390672036829,-1.9940569338020373,0.03446882879548491,-1.0311908873188131,2.7658341658108943,3.911197570294547
-0.07042466463159341,-2.0028753643453756,0.024666361929058855,-1.0356977836392678,2.7639831722900943,3.929887771704425
-0.07324876435665378,-2.011562320733898,0.014514710484709814,-1.040041613108967,2.7615103000273673,3.756661939487135
-0.07551510049325638,-2.0194992257764923,0.004772148779662422,-1.0442921913898595,2.7584602975773453,4.368599626012844
-0.07772767975143335,-2.0273467112959707,-0.0048866826039320466,-1.0483257733288118,2.7549094772463625,4.219934810034279
-0.07975389244722292,-2.034675221128342,-0.014669289914136963,-1.052468939013014,2.750962834213567,3.8917393373916784
-0.08123260425592405,-2.0413064728141848,-0.0242193361840089,-1.0562210236652678,2.7464622246018893,4.342606739886523
-0.08276589539757362,-2.047922695196726,-0.033860912969524204,-1.0601357096501551,2.7418380286266193,3.799357215503364
-0.08396553477595708,-2.0539498619185257,-0.04355830505518221,-1.0638407907876315,2.736213347323476,3.577009872843813
-0.08461290481026068,-2.059810718450555,-0.05296860907020451,-1.067272400508429,2.73027161329492,4.113411188512926
-0.08519360691259503,-2.064939867657563,-0.06260233734316772,-1.0707652914580956,2.7241335494254364,3.9221759849176707
-0.08543529983730647,-2.0698576716735873,-0.07179515675785131,-1.074073324879579,2.7171614527959127,3.9236554403403123
-0.0855896717497246,-2.0743301088263264,-0.081429040054595,-1.0770286500096422,2.7102481596365062,3.431517912471123
-0.08493168255803751,-2.078336898716772,-0.0905309539293368,-1.080176157618349,2.702498559544784,4.416183082278858
-0.08444231383691886,-2.0821583752159767,-0.09995551683975729,-1.0831137167434222,2.694217743766499,3.9095966561023237
-0.08349648842859275,-2.0855394153615623,-0.10914620187119772,-1.0857659599379321,2.6857373741014046,3.9714674397428893
-0.08225755818076463,-2.0885331640196716,-0.11833159229477858,-1.088596382916358,2.6770284552607726,4.001895312453511
-0.08099323538589367,-2.0909418872223364,-0.1273343279340226,-1.0911383486311532,2.6673668404111437,3.350267787787452
-0.07937686859440879,-2.092928775871745,-0.13637345259343608,-1.093388694194571,2.657578747988312,3.086984852545192
-0.07718148343837336,-2.0947870204792,-0.14517568547853144,-1.0955010197507062,2.6473671042011513,3.6592358696010865
-0.07487224629408168,-2.0963021453377513,-0.15403614197638926,-1.0977209636107605,2.6365070398437096,3.611529853698104
-0.07203645662990094,-2.097260637277043,-0.16304863074896764,-1.0995162263279636,2.6256087859755497,4.166942996258205
-0.06932892485738554,-2.098036393928082,-0.1718121609982387,-1.101175782690133,2.6140892350758103,3.4814215719780335
-0.0659715405915964,-2.0983828610306956,-0.18033957494440178,-1.102719522309967,2.602172406817412,3.9219684895354923
-0.062256177214384756,-2.098398795963253,-0.18892718581275125,-1.1044253714366676,2.589881591030583,4.371808138918395
-0.05866767834739209,-2.0980072690462306,-0.19752126867549202,-1.1057401853067574,2.5772694543646364,3.6055213634886907
-0.05448529112662978,-2.0971197549225646,-0.2059770451633965,-1.1068300968323104,2.564245133083396,3.8456129855455634
-0.050000636652896724,-2.096056789478852,-0.21419459986409112,-1.107625431592401,2.5506820696278902,4.031762394204288
-0.04530606136301921,-2.0946051524857148,-0.22272943567624776,-1.1085795952058644,2.5369343278922245,3.942434179931774
-0.040221455149089314,-2.092992883844691,-0.23090788551790847,-1.1092414890264393,2.5228189252783304,4.119984926531524
-0.034874774198248554,-2.0906136194441736,-0.23873013635552026,-1.1097799497341096,2.5082143604002387,4.151206009291505
-0.029451419203453844,-2.088342560886144,-0.2469872389386718,-1.1102723791101865,2.493235572560897,3.6256593251766405
-0.023396176486618125,-2.0854122069359136,-0.25486164531236205,-1.1101977827280747,2.4781199632095543,4.130506281008518
-0.017297343466640414,-2.0821997175954943,-0.2626789972977086,-1.1101795144929358,2.4623422695720913,3.8512921380694802
-0.010809114938992836,-2.079035806293543,-0.2705852066288723,-1.1100122364546927,2.4464969215511143,3.9170482068886256
-0.0041153144356381455,-2.0751231194457307,-0.27819297204236465,-1.1097693282566412,2.4302278503009833,3.761702711059518
0.0030623020193621953,-2.0710526419849398,-0.2861522472405964,-1.109158067222259,2.4135906579896553,4.159947506300236
0.010148750376589105,-2.066542802976167,-0.29347952791924187,-1.1086105229043444,2.3966803359817628,3.4921682173156317
0.017889181999745818,-2.061945833521108,-0.30080397782741897,-1.1076671459444074,2.3795390464709762,3.992632827775285
0.025927869806312856,-2.0569434438518353,-0.30792198124683523,-1.1066100232458798,2.3621688154380442,4.381669070189678
0.034163489230993924,-2.0517014820249284,-0.31548232930876385,-1.10556570853765,2.3440632064470575,4.425214225867467
0.04249842646278339,-2.046003980470665,-0.32295047141640937,-1.1039815328914064,2.326173834063722,3.9942514586598397
0.051265877376884615,-2.0401845895814974,-0.32976485975384406,-1.1025254187268554,2.3077510153139267,4.098206351452759
0.06018306128997701,-2.0338481698417565,-0.3367642495323172,-1.1006589501523498,2.2888701024438287,3.8656343507573134
0.06945324163816158,-2.027710461503899,-0.3437144269343877,-1.0984312406850942,2.269882803084877,3.9311457463179
0.07908862726114554,-2.0207493386789426,-0.3503344538496532,-1.0964804405340758,2.250894815716639,4.232090244024189
0.08883001284581836,-2.0140381478982174,-0.3570444408752905,-1.0941422990528962,2.231206544891235,4.043680991803056
0.09879633516076089,-2.006699157407342,-0.3635800865219596,-1.0916218187924849,2.2114929154386167,3.8362489368131025
0.10921506940974685,-1.9990943363515274,-0.3700613080517844,-1.0890188159214982,2.19136296362965,4.202184559419345
0.11978757993068267,-1.991304403311701,-0.3766348265959593,-1.0861127820253773,2.171182072059771,4.206367193604629
0.13054427555486145,-1.9833448617595588,-0.38274148699736854,-1.0829428896042914,2.150496705291942,4.050490033515665
0.14154647846665333,-1.9750375396818494,-0.38881598600669354,-1.079563491783703,2.1296926112708157,3.9573459110490767
0.15291634130701184,-1.9666011860345354,-0.39518212136741715,-1.07639493530963,2.108730488969233,4.22647071070082
0.16433969106375945,-1.958000462055149,-0.401016060318622,-1.0724821831748523,2.0875480145370937,3.961422756280622
0.1761758146101064,-1.9487689181317907,-0.40684818709392256,-1.068620653668565,2.0663091903632034,4.249885257464508
0.18796029034875045,-1.9395625346865695,-0.41272517698736266,-1.0646663617551624,2.044624960842021,3.7614876561663158
0.20018399040788704,-1.9302474968660068,-0.4184808311782524,-1.0604831238364116,2.022695555452749,4.004911551304552
0.21261618460775977,-1.9206563362575524,-0.4239446063478946,-1.0559582374489012,2.000742331309153,4.175974543278194
0.22536564220027466,-1.9108004512341186,-0.4294704506043597,-1.0511184967458687,1.9785450711920383,4.5723428553320495
0.23800127519546013,-1.9006974241035781,-0.43483441278176854,-1.0463733520591991,1.956298312852588,4.043594907632659
0.2511402940672464,-1.8905072487194543,-0.4401368187423088,-1.041523052579072,1.9335038496200683,4.462079461162213
0.2643131902418876,-1.8803399178422873,-0.44527148473727596,-1.0361583000881702,1.910876484180704,4.353491299294192
0.27764372526018133,-1.8695171567900521,-0.45043190744511985,-1.030715210491824,1.887888052164457,4.213032569325842
0.29145707742138016,-1.8587480523350086,-0.4554500078541305,-1.0250038814205529,1.8646290538624535,4.884483543469029
0.3049241122027114,-1.8476155331530528,-0.46024103062755506,-1.0192261895909076,1.841384198647375,4.0274060153580535
0.3189106642737536,-1.8366401550399916,-0.4649055186739905,-1.0130740088121681,1.818101021470844,4.344190939130656
0.3330891797434099,-1.8251555442126053,-0.46954315539177266,-1.0071173629756498,1.7944783081407127,4.6494669345303015
0.34757790915047715,-1.8136758974197233,-0.4743164328833332,-1.000751430297369,1.770772944929321,5.241901748159899
0.3616737941986524,-1.8020857990669235,-0.47865430617510474,-0.9939968365099656,1.7467646419487677,4.264662733964989
0.3764133694681588,-1.7903791317724997,-0.4828136994319837,-0.9872718114202461,1.7229802773097689,4.86228503642878
0.3910481968737839,-1.778286001486884,-0.48716751724987695,-0.9803955229459057,1.698806434685949,4.6619782179366664
0.4059608266160992,-1.7664338454980688,-0.4913257007542277,-0.9730596419939241,1.6748491008172441,4.8969749788682355
0.42071557319822483,-1.7540498261651012,-0.49530257037255526,-0.9658002751150433,1.650301331213017,4.350131739842211
0.43600950740058286,-1.7418040984423522,-0.49924359682220776,-0.9581834989852115,1.6258589493054347,5.053865261340354
0.4513205456944946,-1.7292456663493803,-0.503227696186562,-0.9506754050112296,1.6015978028398454,5.294929488540829
0.4665507193865454,-1.7164701248340393,-0.506777122226253,-0.942682507691643,1.5768212354960833,4.978860021926174
0.4821794146277594,-1.7038169251459248,-0.5103088226002713,-0.9344334055400841,1.552336699960783,5.509155486648354
0.49750703814586905,-1.690962424311016,-0.513726638986047,-0.926277905404517,1.5272952305465446,4.865627483551276
0.513069312331528,-1.6782387455748795,-0.5173340550853948,-0.917770045609673,1.5027088765364285,4.804639822778403
0.5288324121835719,-1.6649289156607356,-0.5206378102320024,-0.9090776467933158,1.4777152023093851,5.083629654283204
0.5445976515926589,-1.6519116100969922,-0.5238599730178497,-0.9002766231689255,1.45271462587515,5.1068544289125395
0.5603747289593256,-1.6385702921774774,-0.5269058628757319,-0.8913254595596071,1.4277784116800938,4.996085852688418
0.5762090168902628,-1.6252177908713028,-0.529697393501293,-0.8819770242993022,1.4027570789187012,4.934026726396286
0.592052320628767,-1.6117265034215937,-0.5327201036250175,-0.8727319255381254,1.3776104386986436,4.80962434436314
0.6081799040553689,-1.5983057832628067,-0.535606545374301,-0.8632928830811197,1.3524958012676267,5.35839971242197
0.6242444014737081,-1.584757065521293,-0.5381538346155686,-0.8533097799028448,1.3273118224154736,5.495322574809112
0.6402061553127744,-1.5708444600738192,-0.5408882621753438,-0.8436459073376101,1.30188772717545,5.2604576003016525
0.6562916415508064,-1.5571783836536919,-0.5433070713240027,-0.8334575833828223,1.2768266398704637,5.369672059353064
0.6724745088064994,-1.5435176140807583,-0.5455537479260593,-0.8233931657624602,1.2514580491078044,5.663887984880559
0.6883833910003168,-1.5296431649861375,-0.547792807516226,-0.8127525993649058,1.2260594085870395,5.163671382515396
0.7044300067359655,-1.5156922393288788,-0.5500668620955551,-0.8023627819200901,1.2008361210016518,5.191498866458072
0.720615498894367,-1.5016736873752876,-0.5521786113007646,-0.79154541076332,1.1754255541767968,5.607511512325715
0.7368085236864165,-1.4879072318539897,-0.5541158307023785,-0.7807544935940927,1.1502522416697771,5.96102685387505
0.7527606180965102,-1.4738581184922386,-0.5559886355852914,-0.7699075096374034,1.1249986533965808,5.650915337754498
0.7689068692057367,-1.4598639690876125,-0.5577554109092423,-0.7584944576592773,1.0995085123120965,6.006323678701325
0.7846645414824535,-1.4458311895438725,-0.5595119850601369,-0.7473341115984089,1.0744895186389445,5.365471763973156
0.8005702031944788,-1.4314406129126644,-0.5609622896648436,-0.7359964440332748,1.049205023665448,5.433210674434807
0.8166846845332055,-1.4172258045737633,-0.5627546962643111,-0.7244931577020423,1.0238898674385104,6.159196907747255
0.8324027176824947,-1.4034346345299105,-0.5638716260983523,-0.7124973954179187,0.9988255519844238,5.810125857933184
0.8481979104287871,-1.3891024154177773,-0.5651344855500695,-0.7007243553922139,0.9737475802132023,5.93719065179056
0.8638172372077273,-1.3749211194752775,-0.5664223376050979,-0.6885192016347915,0.9486558709595964,5.77563852820395
0.8793594116788661,-1.3607204147141359,-0.5673978863571323,-0.6764942179997362,0.9235781313908715,5.689779685910061
0.8948999291472186,-1.3463770416932033,-0.5686390321787846,-0.6642067834548244,0.8986209337031628,5.869832176307789
0.9103236890866646,-1.332403449510338,-0.569429180031656,-0.6518631401000639,0.8739569178118985,5.957808330013961
0.9255547347558328,-1.318036125843599,-0.570208607987151,-0.6394603055605906,0.848848758373575,5.806550731057013
0.9407888491070119,-1.3040302458488706,-0.571234966947349,-0.6266813121252475,0.8241193686618516,6.008396135570711
0.9559156692066528,-1.2898322340331725,-0.5715885177274109,-0.6137782879435509,0.7995363299659922,6.187349870818055
0.9707082623102183,-1.275679230636532,-0.5722814073362992,-0.6011835777014778,0.7747392664040123,5.792149838658726
0.9853723233624089,-1.2615598802113381,-0.5726357119307597,-0.588181104151508,0.7502125309447107,5.556600817642984
1.0003246698640715,-1.2473574837709416,-0.573184289830011,-0.5751489035413375,0.7259542929128916,6.506682916125384
1.01469878442961,-1.2332472174433002,-0.5733768946846326,-0.5619701157842655,0.7014740656058344,6.080197139467932
1.0292802900813585,-1.2190618177247257,-0.573565828321238,-0.548666551961198,0.6772123232787782,6.705174522885293
1.0430965049253997,-1.2053842406626938,-0.5737528623014437,-0.5353133931956394,0.6532261957821315,5.611091527769932
1.0573674207420245,-1.1911974883696317,-0.5738021789336514,-0.5217681773836543,0.6291726921072044,6.454279508538261
1.071220191970303,-1.1774310239747232,-0.573843261815828,-0.5081380598261283,0.605453996556448,6.431570524372614
1.0849095191660905,-1.1633484347091707,-0.5736477607226501,-0.4946674157922016,0.5814652159633595,6.463226695824977
1.0982942072833901,-1.1496491881438846,-0.5734789932615025,-0.48095294214851947,0.5578084926404845,6.19600840029863
1.1115528980643095,-1.1358632062149847,-0.5729670967352072,-0.46726027912528423,0.5344186374213463,6.200403919813089
1.1247210387471454,-1.1219909460461885,-0.5727966313654186,-0.4533789483146243,0.5109764171153643,6.499843497589285
1.1374916780173376,-1.108405963733473,-0.5723136481226777,-0.43950531035368917,0.48784742598373365,6.23819181087431
1.1501562904017497,-1.0947428867053333,-0.571459031083056,-0.4255746247955807,0.4649004381911095,6.34823232234796
1.1627183694641925,-1.0810168021187234,-0.5710097459296973,-0.4113807702259311,0.44189047549054716,6.73633583243648
1.17485767879076,-1.067542964151162,-0.5703968449299165,-0.3974566382172998,0.4190935946941603,6.511636721475736
1.1869459120683765,-1.054115641374313,-0.5696021365018726,-0.3832724117468323,0.3966240160582909,6.820040204369126
1.1987856696406318,-1.0405682909131029,-0.568630386139571,-0.3689089203884911,0.3742869884401034,7.002535816919294
1.2101613320202211,-1.0271674059293747,-0.5678670502641224,-0.35460383333562717,0.3518774846307401,6.56219146176398
1.2215079158790358,-1.0140945150371365,-0.5668899167551918,-0.34060122147211724,0.32974583214358844,6.816828571549272
1.2323926254963087,-1.0008193674984738,-0.5656452548826127,-0.32613260567984603,0.307727762494196,6.472009747836462
1.243389274375902,-0.9877758545098709,-0.5646117252768855,-0.31173664095215226,0.2861027561426023,7.180109933620567
1.2539228155352289,-0.974707624975958,-0.5635981233718841,-0.29750882783029386,0.2647490791203485,7.154228390623491
1.263940829930199,-0.9618508410034671,-0.5623836439131236,-0.2830810872130065,0.24324307394665043,6.502290266274507
1.2740963906340996,-0.9488621785004682,-0.5609676829459745,-0.26860703730131397,0.22217753864625694,7.097851773219796
1.2837946568737488,-0.9361307207541081,-0.5593673396011819,-0.2544166695165161,0.20129526098469952,7.051378278874412
1.2931376111636388,-0.9231765475639385,-0.5578427307935346,-0.24004194777230597,0.1806766876933959,6.828048313610847
1.3024269233323187,-0.9105184988848564,-0.5563248156385924,-0.22541914108231936,0.16007605257902277,7.261727028191087
1.311382743691282,-0.8979739234232427,-0.5548341783505574,-0.21103289234440786,0.1396208077223906,7.437303106858919
1.3197122816806126,-0.885595343159323,-0.5530263355007804,-0.1963319823019238,0.11975440261286419,6.701416478946603
1.3280636766990115,-0.8732036792608804,-0.5514722309291153,-0.1821439211802739,0.09991842892398332,7.003961251993885
1.335994173191728,-0.8609124623503851,-0.549499712652298,-0.1675529499457674,0.08024476665164325,6.915589482426573
1.3439237615249735,-0.8486283584982157,-0.547730312299814,-0.15313363780439787,0.06100069927933971,7.620655517166109
1.3511646101666726,-0.8367300328908445,-0.5455926252529089,-0.1388900200553711,0.04192963809632392,7.12605359469333
1.3583096224515085,-0.82460734079928,-0.5436581227581884,-0.1244041000515526,0.02314682641273344,7.315783742878702
1.3650725012459768,-0.8126434839763361,-0.5417103021091214,-0.11019029822904111,0.0041655004537841656,7.262016171721052
1.371507710067929,-0.8007737225665722,-0.5395633420373664,-0.09571897392983525,-0.01416962386460506,7.1858283734603665
1.3777197732335256,-0.7890300713170724,-0.537414190718705,-0.08138945776345231,-0.032331232269195,7.36681478547969
1.3835211030938632,-0.7774987598169951,-0.5350891601011736,-0.06708509844391658,-0.04995298087792356,7.2538319694691795
1.3891575065547601,-0.7658819919495709,-0.5328432103049994,-0.052834082671323876,-0.06775078962705054,7.563799271508637
1.3943553080470363,-0.7545882228845727,-0.5306325238645776,-0.038563014195820464,-0.0851737471969311,7.47117604700363
1.3991829004204208,-0.7430664550002256,-0.5282142040364006,-0.024574237800441975,-0.10206378622606438,7.277941167573963
1.403726632545938,-0.7319799242596257,-0.5257825809489097,-0.01061823402818396,-0.11902640626294807,7.247398461790455
1.408170998358244,-0.7207157783881822,-0.5230977653939379,0.0035505238366903835,-0.13546771767097346,7.7979547041996495
1.4119683729270676,-0.7096366676180226,-0.5204906082292852,0.017725438120681614,-0.15177892865863465,7.354273900086446
1.4154153237866833,-0.6987139764868889,-0.517731074962673,0.0315637951063157,-0.16789448200883467,6.987880736336865
1.4188206043266864,-0.6878729603972653,-0.515067142434681,0.04547459504937441,-0.18363333882141042,7.473062837177897
1.421733275609705,-0.6770415646679228,-0.5126103049125195,0.05915511826085693,-0.1990494369351706,7.397921256078952
1.4242427034238254,-0.6666671762874546,-0.5097499054953862,0.07274218882678485,-0.21427593938159817,7.164247822474839
1.4266905216063683,-0.6560131009190244,-0.5070607241585096,0.0865858397549872,-0.2291110782932916,7.690513872722934
1.4286280275342178,-0.6455889101101782,-0.5042142469780015,0.10012271015008267,-0.24361967241694288,7.59490862052684
1.4303860666816948,-0.6352686963525072,-0.5013127340840995,0.1133906567514879,-0.2577103308190951,7.9000343314329005
1.4316014863135853,-0.6248223938869233,-0.4983097117619267,0.12686925313407205,-0.2716264023551879,7.55655437962672
1.4326024220827431,-0.6149662769249137,-0.49518937757444254,0.14004460577283556,-0.28549591338801195,7.601476859375401
1.433233520533794,-0.6046559202792199,-0.49239000790773624,0.15352052473833072,-0.29908165654886393,7.52264394954153
1.4334934142783526,-0.5947683418949875,-0.4892270875638758,0.16656329482771792,-0.3118963000560676,7.35784461323523
1.4335939812270695,-0.5851511912117769,-0.4860236318008557,0.17961458244775158,-0.32461766980872164,7.672468672557131
1.4331031946842425,-0.575217904859108,-0.48296783637168555,0.19253604216801767,-0.33712842921480773,7.218078369192547
1.4325847220234076,-0.565604194958474,-0.4796116170588269,0.2053083394160844,-0.3493980365135608,7.664820629373788
1.4314656963041126,-0.5565305683773246,-0.4767024674447494,0.21789638337010508,-0.36104559757925947,7.2768875504937585
1.4301065188472617,-0.5466961182277452,-0.4733515423904112,0.2306507468266843,-0.37265332525622985,7.228495245822366
1.428799275243092,-0.5374799372658282,-0.46990974246454276,0.24312848594444603,-0.3841009273636339,8.151131601190974
1.4264746687895729,-0.528123826844742,-0.466671775466184,0.2555285143890529,-0.3947493189125531,7.01408489773232
1.4245585926582338,-0.5190991196357795,-0.4632133541648068,0.2677109006392253,-0.405543077820447,8.07466762841171
1.4218660247381423,-0.5102059170349958,-0.459988442034335,0.27972275441795724,-0.4157285736088286,7.6332588999826685
1.4190265601446046,-0.5013171541264869,-0.4563843640424293,0.291961081663891,-0.4256852946273197,7.741506928135809
1.4159283857488636,-0.49247641760047106,-0.4530182121274027,0.30380849261986786,-0.435317699264387,7.939318266680208
1.4123320773248853,-0.48351948455874394,-0.4495012528892915,0.31521021543032424,-0.44456851424517396,7.580831833035004
1.4084194516488546,-0.47489060699146035,-0.44613458061156896,0.32707870551049734,-0.4535598185000494,7.30383038190551
1.4045541535314356,-0.46652658584253515,-0.4424557904492859,0.3384282840771072,-0.46238316594012807,8.003581847653077
1.4001421006396835,-0.4579854364493229,-0.4387697059899826,0.3499620494807296,-0.4707981006183067,7.848805357833762
1.3954666281221646,-0.44969814826439236,-0.4351103676899001,0.36106570611466055,-0.47881387774057804,7.807290863241604
1.3904673271412094,-0.4415151978739206,-0.43183739739707033,0.3720844470148391,-0.486381554417971,7.685506817989959
1.3853879671783875,-0.43335585058578,-0.42782724143474643,0.3830230796194526,-0.4939370469199229,8.116650994247793
1.3796358319733417,-0.42533598101978476,-0.42439418628759806,0.3937840339170224,-0.5007779645310612,7.411462213627296
1.3738702298512395,-0.4172389359544787,-0.42058152584481334,0.4044359722765415,-0.5079895214900442,7.595279290820025
1.3678418882375638,-0.4095007854556415,-0.41666230286450306,0.41492679049806014,-0.5141976763143481,7.754056771816144
1.3613054165735443,-0.401542528006353,-0.4131884480835809,0.4249824045745574,-0.5203261010233862,7.258928424101941
1.3545295068445038,-0.39386789452926674,-0.4093382245959465,0.43517075658169724,-0.5260551102853969,6.999477079197119
1.3478751968776232,-0.38641321786879995,-0.40561182292981046,0.4451972915400969,-0.5314772047823493,7.8145389916174
1.3405839894713254,-0.37883919408657235,-0.40175181252251124,0.4550417162322348,-0.5367859988601292,7.421939966741256
1.333370321987919,-0.3714257051823756,-0.3977636063796286,0.4647766582476657,-0.5417379004118953,7.98800605844234
1.3255082500653002,-0.36406080850510747,-0.39394246345667616,0.47410031159885335,-0.5461583874461164,7.357437512197573
1.3175827710694583,-0.3570260978467371,-0.3902186794650111,0.4835932614166198,-0.5504806781695483,7.380936221317195
1.3095102368234213,-0.34970741985810144,-0.3862341111419416,0.49274838204096616,-0.5544778484580976,7.636387151114718
1.3010163812160616,-0.3426824681222743,-0.38231520963296595,0.501639782295985,-0.5581094000960389,7.339134480772496
1.2922340940028119,-0.33582933809985915,-0.37847113897282836,0.5107715514527409,-0.561365914369166,6.992189485841979
1.2834539224753885,-0.32895918790124856,-0.37431089258445727,0.5191389791080185,-0.5642990863272996,7.345144196859321
1.2745387998083695,-0.3220206273679734,-0.37065424554101856,0.5275538984834033,-0.5668221032948495,7.811439698593922
1.2651689054290665,-0.3154334743997848,-0.36641567511900053,0.5360323063476403,-0.5693704920963757,7.515860453159692
1.255395149718475,-0.3088881407259911,-0.3626636588995972,0.5439597729152879,-0.571353050959245,6.813534069203057
1.2459739015857587,-0.3023935800355452,-0.3587468302701342,0.5519841672278194,-0.5729427217435661,7.750485409897249
1.2358532453237752,-0.2960469559264669,-0.3547856970217538,0.5599362554244777,-0.5747873025245663,7.1279533447627905
1.2255946903507868,-0.2895521563381918,-0.35081603573077,0.5675083956404,-0.5758051663512769,6.841407956225659
1.215477755820467,-0.2833196572783977,-0.3467728690332903,0.5748015309600282,-0.5768018660769039,7.494014141704366
1.2047260659990504,-0.2772581972732202,-0.34275258302910594,0.5821279192830083,-0.577406566618016,6.804307243944532
1.194107297829326,-0.2713591439924198,-0.33902541869518243,0.5890135519694262,-0.5776401561559203,7.124743032277498
1.183079944613718,-0.2653899775987684,-0.3348936993724513,0.5957783219353884,-0.577497476866732,6.760854543993636
1.1720364615236185,-0.25936177999528637,-0.33086934450568395,0.6026068515858702,-0.577214895252495,6.9089802262214075
1.1606719121822664,-0.2536414616346052,-0.3268456129227535,0.6089666242371923,-0.5768901318825431,6.627859532083605
1.1491747978206874,-0.24777112360446302,-0.322600863610943,0.6152038350017835,-0.5760347829069644,6.521021978150454
1.1376589501084453,-0.2423479601544184,-0.3187331923832111,0.6211606810027981,-0.57481217808762,6.815258241616645
1.1261895984803947,-0.23656206907906635,-0.3149586591489437,0.6270072862168217,-0.5732239971423185,7.5235819975490354
1.1140243760244535,-0.2312114048050955,-0.31077229344367774,0.6327712783795101,-0.571595177067059,6.60521621876166
1.102158682399309,-0.2257450244049226,-0.30675845935857393,0.6382520250583623,-0.5695758051567307,7.080291417291795
1.0899675678996044,-0.22056924867120356,-0.3028428383433386,0.6437569430671541,-0.5674246392864838,6.921085234699151
1.0777483623960449,-0.21531913938414154,-0.2990098573528426,0.6484648082840869,-0.5649879711251176,7.055821067592839
1.0652111394616315,-0.2102477043057316,-0.29490095488942003,0.6536813871746738,-0.5620232625358546,6.646506592661038
1.0526815694644633,-0.20523910149606034,-0.29121424204632196,0.6580824596563806,-0.5591399238069773,6.678908386859605
1.04014259829014,-0.20019776813419687,-0.28722500457375866,0.6627498850509959,-0.555722883515891,6.96179481303507
1.0271344044603679,-0.19561168937200563,-0.28308461640184235,0.6670424685968028,-0.5523873534839545,6.234826265393582
1.0141400508751073,-0.19079907443801825,-0.27914523592647866,0.6711405844690373,-0.5483237509818453,6.037469571110932
1.001428296119364,-0.186219895529764,-0.27537012164617325,0.675021892144849,-0.5443112759060186,6.884409588704637
0.9881142245308523,-0.18140507598363187,-0.27153700058504493,0.6784827119520299,-0.5401325932219359,6.179580250513984
0.9749525073242862,-0.17705143645337207,-0.2673890385748312,0.6819516787989269,-0.535265166735772,6.309439977585754
0.9618157943167385,-0.17265015229603026,-0.2634871732005085,0.6851306386900342,-0.5306975750854559,6.6823273080361
0.9485604825524223,-0.16841498375247493,-0.2595354047449602,0.688302786246023,-0.5256416309024987,6.830799754909876
0.9354675411073018,-0.1640143277479547,-0.25587776443681354,0.6910712902095577,-0.5204125122992487,7.5026441661353385
0.9217798566001505,-0.1600053629317736,-0.25193197369027265,0.6938005612777342,-0.5149024055847409,6.586386980189364
0.9083488843207175,-0.15577545563423484,-0.24824277255872607,0.6959985786099812,-0.5090995524832378,6.726231301597822
0.894645526081842,-0.15173498113369302,-0.24431730814313146,0.6981587636638744,-0.5030308566950067,6.253448285749759
0.8809945859849124,-0.14799322783663346,-0.2404379785310311,0.700416577051676,-0.49702144940186854,6.177859778292584
0.8672489560299459,-0.14429990546307403,-0.2367990682870983,0.7022009258479519,-0.4905264030093238,5.999221876795106
0.8535368931103253,-0.140525871932922,-0.2330511248611956,0.7036698783748782,-0.48381914275829346,6.066868604412241
0.8399237448792384,-0.13710260085211176,-0.22941266769599045,0.7048768851543826,-0.47701398095346303,6.454716929289079
0.8262920469131749,-0.13346892084990478,-0.22574224737668658,0.7063295058760017,-0.4699352527122399,6.736067000874137
0.812159044624391,-0.12997947840870408,-0.22198816912424668,0.7070228463639989,-0.4625286552090207,5.698287811233397
0.798452278450028,-0.1265439033286798,-0.218371163150042,0.7076714952804725,-0.45508141267024427,6.108308691547445
0.7846099952419499,-0.12336866671101188,-0.2148170444499672,0.7083833433551848,-0.4473447750531551,6.086106663435653
0.7705355977695625,-0.12019671068540907,-0.2110494824132777,0.7086756593603235,-0.43933797770778094,5.505404606309162
0.7567918434369378,-0.11708748589323051,-0.2076347366271568,0.708892581852042,-0.43130562607307366,5.966138639626567
0.7429759893369762,-0.11413544446254081,-0.20388790265145063,0.7084504301040923,-0.4228621080290753,6.107476228573153
0.728920079096036,-0.11137988023007861,-0.20045035684328683,0.7082388826482362,-0.4145675867919919,5.5829399688456185
0.7150865328209475,-0.1083874095439672,-0.19709939915666252,0.7074728221409684,-0.4057358496243881,5.7676318161473965
0.701366852416268,-0.10561956877678258,-0.19354040378472037,0.7067502753449107,-0.39688349560672,6.156422380918707
0.6874459357231101,-0.10301100049742484,-0.18994120083825028,0.7058485388506623,-0.3878880270267002,5.862122234059037
0.6736775164650125,-0.10018334519127153,-0.18655542459706176,0.7045515580092607,-0.3785178825697127,5.979025656867583
0.659819471734246,-0.09791551661463277,-0.18329243628564917,0.7031273717711317,-0.3690861539691059,5.757555862116715
0.6461597269825993,-0.09564216050513336,-0.18009999894815754,0.7014853485599934,-0.3593873766053113,6.020289836133414
0.6322159628264123,-0.09298685960796532,-0.17667043493428736,0.6997479828993781,-0.34972222022649824,5.38268064260919
0.6183802182671181,-0.09085057777998107,-0.1732832074935522,0.6975505234630819,-0.3396142636100127,5.121745292611908
0.604861792257339,-0.08884327359564459,-0.17010680675247203,0.6954833107762722,-0.3295255753777101,5.654750854771431
0.5912122551505169,-0.0866522525126977,-0.16684687284542699,0.6929425732981938,-0.3193034644895713,5.577231488582932
0.5774990304923832,-0.08467044884119607,-0.16350851495918084,0.6902114579888208,-0.3087894954554173,5.234653492629455
0.5638545712330232,-0.0829226447942712,-0.16045326093979317,0.6872234279004883,-0.2981628274586436,5.046674260490533
0.5504399134710117,-0.08111657661511407,-0.15749323219814937,0.684159178437627,-0.2872382268936894,5.372321193331389
0.5368486775487906,-0.07922232911994148,-0.15406779444527752,0.6804961116041681,-0.2762449363116156,5.009772494150717
0.5235639544907895,-0.07761904352505034,-0.15134746957224582,0.6772585013902269,-0.26531595648725637,5.3900265060954915
0.5101307562466608,-0.07598735506063259,-0.14811775883011025,0.6735271511069695,-0.25439202095322355,5.117382369088073
0.4968257423650272,-0.07451826933256023,-0.14509197748197078,0.6691622650803882,-0.2427005561653181,5.086823392363244
0.48379877566039875,-0.07317251857974216,-0.14210173578703644,0.6651974266008178,-0.23104213554624803,5.596757417808742
0.4704625412992768,-0.07174602039138805,-0.13914942276352354,0.6608268934712789,-0.21932075544844198,4.971196985211735
0.457195296474336,-0.07060767180937083,-0.13658774292700898,0.6563021144359036,-0.20752559294907807,4.524860456087872
0.44423529241461396,-0.0691340535946049,-0.13364154614904694,0.6513379459118602,-0.19566362148169236,4.81906066475399
0.4314561754345094,-0.06820292583339504,-0.13076211715382158,0.6462938231082553,-0.18340414680449116,5.293893111100024
0.4184580364539594,-0.06693451351094448,-0.1279385297037703,0.6411750733253337,-0.17113276600415506,4.855784924636772
0.4056277579794966,-0.06604098085019583,-0.12520956661392024,0.6357958371612411,-0.15862896368896778,4.766079657797823
0.39302610782195346,-0.06523607617990201,-0.12246189729238538,0.6301931554651754,-0.1462145965522262,5.070837661612375
0.38018607752545874,-0.06431123682679335,-0.11990044598655003,0.6241975623448126,-0.13367941604740227,4.453883492841383
0.3678979792453754,-0.06338523046817285,-0.11743245007045833,0.6182704351596654,-0.12089001662941734,5.20399641455101
0.35563248082114307,-0.06265382395783697,-0.11481141385539123,0.6120757373101781,-0.10781458549830908,5.534691053792617
0.3429597353255531,-0.06195701544477672,-0.11216978071108935,0.6053674705946859,-0.09502177042733329,4.463222004461568
0.33083416370169483,-0.06129123375689299,-0.10980548724709799,0.5988349847362615,-0.08182406904606665,4.85659096885559
0.3184310766171145,-0.06074087394734984,-0.10719908674669859,0.5919898957143913,-0.06834012663034686,4.17621887028703
0.30647370775314714,-0.06012198801183144,-0.10489175903769116,0.5850603584920945,-0.05516626581602724,4.591367802022596
0.294486563085511,-0.059617474405934734,-0.10237030672127717,0.5776198898300029,-0.04165798525505002,4.551893538820745
0.2825642968691622,-0.05908760035063182,-0.09991309509341084,0.5705177162550602,-0.028006271938046723,4.428387709310787
0.27080959906556246,-0.0587950180357214,-0.09784836480085451,0.5627829949333458,-0.014320515429872532,4.504160662122851
0.259213855422767,-0.05836944386335391,-0.09561725823070899,0.5548228484478773,-0.0003435871709412952,4.68828879880168
0.24764851448313002,-0.05823753110146157,-0.09311782096405052,0.5471494530702318,0.013439385770156298,4.610575815285205
0.2359154454619037,-0.057788844083738855,-0.09103967364060978,0.5389053811684857,0.027493631162506915,3.8460344651970377
0.22437047404323873,-0.05751568581074096,-0.0889886331669334,0.5304252769698986,0.04166271126570459,3.531631265817711
0.21308966845505672,-0.05724266701764513,-0.0866457603978999,0.521929054212685,0.055841055814272594,3.739383480710063
0.20191606432174344,-0.05723945719277462,-0.08469954940464569,0.513265799037332,0.07012047027368068,3.906357446570635
0.19104447895322696,-0.05702922239100677,-0.0822478906114276,0.5043807481369763,0.08471586987473873,4.523522554872636
0.17990009722599185,-0.056858498789444434,-0.08037777488788994,0.4954862976265428,0.09902581360112503,3.9743905937995563
0.16895096122157974,-0.05678002284612327,-0.07850971709463464,0.48603838718798087,0.1138027251065345,3.8083885709286665
0.157946900459606,-0.056480594804315054,-0.07666602179907728,0.4767945336614424,0.12832043362517637,3.2887560371112152
0.14708977408447466,-0.056560763008191406,-0.07462582164457968,0.4671451705240163,0.14334763636549266,3.0558721795767996
0.1365734382423262,-0.05659176545892847,-0.07282183600430828,0.45732045769349206,0.15796774638788766,3.525210199869857
0.12642158797177838,-0.05624627176371788,-0.07073881340357452,0.4474362576837907,0.17297453698638224,4.522564393586255
0.11583192621533772,-0.056301772617536106,-0.06905669867203423,0.437463562326016,0.1878845559658963,3.8183436760850418
0.10548539902252185,-0.05638018039478987,-0.06761736949487941,0.42734106961053253,0.2030648182955948,3.6658167776768718
0.09542613175074574,-0.05607648052624936,-0.06558500519123872,0.41694936045336006,0.21803839007754827,4.017481152832282
0.08513992056055777,-0.0560109679866827,-0.06405767585967294,0.4062567271829781,0.23348038727620762,3.4086976438815997
0.07524890977692815,-0.055900432592756566,-0.06223223044188195,0.3959472806174288,0.24877087104536988,3.722380770947302
0.06546084193747574,-0.05589014728509434,-0.06068245487998283,0.3850840529023777,0.26427716628606124,3.9292747436715314
0.055521082564342225,-0.05573539251419757,-0.05905206802602281,0.37421243155921435,0.27965868922061393,3.408101426344458
0.04581630002314249,-0.055476149042689715,-0.05764309223215033,0.3629343361160257,0.2950244450039126,3.3735655478197937
0.036164614883232124,-0.055458315946147696,-0.05599566285343246,0.3516887545704949,0.3106749545613078,3.2255848094363815
0.026576492899011005,-0.05530842157691551,-0.05439755357296955,0.34045207499350316,0.326295681637674,3.0317247224274047
0.017281797396034273,-0.05490665254446592,-0.05312028928073946,0.3288879428504325,0.3416988551722489,3.394125521312184
0.0079701354743654,-0.05458238890328948,-0.051646140160581,0.3172012867462468,0.3574637033819397,3.3482468942406647
-0.0009285355996260791,-0.054151017490854714,-0.050146006437251034,0.30570856177083894,0.3731611138469112,4.099079925803011
-0.010321483023457558,-0.053909713171271356,-0.0490221365347312,0.29389191803706927,0.38896316598347774,3.084468462840575
-0.019615207224152487,-0.05344198350641649,-0.04763759606030709,0.2819376399726158,0.4049116048077268,2.3753252397428684
-0.028366486459637952,-0.052671568586638684,-0.04621514656906745,0.26981534492119535,0.4207738276120768,3.034270636085737
-0.03727125653885546,-0.05230688780075743,-0.0449515000599601,0.2575476497576978,0.43652294600010894,2.871484090355867
-0.04594208922840465,-0.05180386972401407,-0.04385423931223896,0.24535063028443804,0.452664282612268,3.1155382569689745
-0.0545839216237177,-0.05107681012755949,-0.042641106993364486,0.23271623551488907,0.46867782079341463,3.1170582525372956
-0.06319522395456281,-0.05021016265761247,-0.041580782683998216,0.22042535407928,0.4843405444741498,2.952841574081213
-0.0717422637357881,-0.04973252993833632,-0.040516598603624235,0.20797694545560091,0.5006221359460569,2.7660520561470996
-0.08027698056080221,-0.04857032680853468,-0.039386109500471916,0.19539126615640368,0.5164103395646256,2.4424221937397523
-0.08889122250136014,-0.04756890810025438,-0.03811609533132358,0.182787877537623,0.5324512727503229,1.8123269206961048
-0.09713187511508534,-0.046482314031080496,-0.037033074758169804,0.16990544541693103,0.5486950133094277,2.144035681024003
-0.1051794812913067,-0.04542659376108216,-0.036304024077450356,0.1572033352865277,0.564733715094375,2.685364300766479
-0.11341284416488889,-0.044268672272797516,-0.03529643515161893,0.14407655752053988,0.580904732079868,2.395719183053749
-0.12153423920889306,-0.042956520105731255,-0.03421832097582023,0.13122111341795517,0.5967485401839941,2.290632747588174
-0.12925127534654912,-0.04152700576560142,-0.0332654026814507,0.11811694237446724,0.6129973214168101,3.0584897426766755
-0.13732868339355583,-0.04004882404527943,-0.03232370544159813,0.10508838721785957,0.6289785987016313,2.4775506996826304
-0.14499283394217483,-0.03857113107089882,-0.0316526281656373,0.09195327429574013,0.6450184891876731,2.927049197568327
-0.15290651277442813,-0.03670204835037605,-0.030984699592357945,0.07874559330254616,0.6612733324832557,2.4092659567778623
-0.1607069128417261,-0.03494266836688986,-0.02997401761535534,0.0653471181268141,0.6771870520226952,2.1546297056968347
-0.16837285695725523,-0.03259352280205374,-0.029329632776062264,0.05202885062214141,0.6932521327733118,2.15243483793507
-0.17602553071501675,-0.03090354480925306,-0.0284437913153322,0.03891826584791097,0.7091380490581296,2.0288146095817883
-0.18357170761579117,-0.028622881805608902,-0.027762455287387633,0.02547842791639504,0.7254229988231433,2.0616853781552393
-0.190986086012137,-0.02624821165293678,-0.0272768662614708,0.012119913697873685,0.7412928096394591,2.2712834641163124
-0.19826146916465498,-0.023931574382541232,-0.026483589577672773,-0.00155589126665584,0.7572054114599073,2.614839235499714
-0.2057291180091866,-0.02133786079188371,-0.0258614750264069,-0.014723096622124732,0.7730896799305303,2.2022285830436092
-0.21294612188226064,-0.018527419990491123,-0.025485755426473355,-0.028164919614791284,0.7889626157090903,2.394706102200343
-0.2202936044161386,-0.01565374783042528,-0.024840518759314867,-0.04156589906414154,0.8049823464968967,2.0449057784554148
-0.22761340538468372,-0.012678241068879825,-0.024220861507940172,-0.05492050756653766,0.8205692898173427,1.7320780010767693
-0.2347961469401857,-0.00933219897913562,-0.023991599665598662,-0.0683014498180704,0.8362238506383166,1.7384887789768535
-0.24186710878705941,-0.006273068174442842,-0.023437154523616666,-0.08163153617050334,0.8520459749094775,1.9100150857001388
-0.2491643360303138,-0.0028123241095525664,-0.02287326676022411,-0.09521654702050392,0.867457071350038,1.339629239035763
-0.25625552931704376,0.0007991332113784777,-0.022640181607475163,-0.10861480824061853,0.8831310185867582,1.3698163496191793
-0.26310658162814116,0.004657308019772932,-0.022135807024480758,-0.12179645071753792,0.8986511155335465,1.911188874001797
-0.27005314822912674,0.008542046703509887,-0.02209653817158641,-0.1350838814892879,0.9139928688462897,1.94124735639698
-0.27698680842986867,0.012446510956916623,-0.021558069623789367,-0.14850857207286322,0.9294053706396495,1.8855143236577294
-0.28431640200798913,0.0168451199740709,-0.02148634642210351,-0.16159474948675123,0.9447057464042835,0.7442443990153317
-0.2907658764778953,0.021028545426334366,-0.02098668603901155,-0.17516055079780407,0.9597765113778416,2.115842550456349
-0.2979452634186365,0.025722502288846538,-0.020743304323376288,-0.18817190340277973,0.9749470668052331,1.1315450141758172
-0.30463597090194494,0.03041264221323925,-0.02053839807507929,-0.2011811554819632,0.9896682136809318,1.6132965944707136
-0.3115859527142731,0.03516338145355635,-0.020585474248980717,-0.21423683851104025,1.0046754903432904,1.2194744187476496
-0.31850753256721975,0.04043212425188314,-0.020511850246130392,-0.2269840202168159,1.019532541201462,0.9579512445044651
-0.32505140753649536,0.0453786759487782,-0.020429896436906902,-0.24018061123370554,1.0342428912443824,1.685976649409783
-0.332015186882221,0.05075923147944694,-0.020157875519952295,-0.2530126396560678,1.048880009004856,1.0660997731890922
-0.3387503017161919,0.05608802832341575,-0.020279141758949903,-0.26583601698425496,1.0634176650039666,1.165902715038679
-0.3454332451993679,0.06186915656333203,-0.020259408196219852,-0.2785618224095684,1.0777998254713426,1.3240634217650258
-0.35224744959745824,0.06769618252057552,-0.020142903917794164,-0.2910487329157335,1.0919257850675728,1.0560167299101384
-0.35890952350944416,0.07422344291633254,-0.02035091056359123,-0.3035433934715043,1.1063729758038472,1.2154934745034263
-0.3657644266377935,0.08037042572728825,-0.0204010587936288,-0.3160958013600035,1.1201805904519102,0.8027892213019483
-0.37224771070192897,0.08664507205390637,-0.02071397258590235,-0.32843290279879167,1.1341202611590258,1.430937966625105
-0.37920059500020137,0.09326704878773628,-0.020859845538905963,-0.34055816787452753,1.147746888924829,0.6416487658715614
-0.38579034026932,0.099962236785411,-0.020917383542188306,-0.35277829898184565,1.1613646455004414,0.9946280951578672
-0.39238514141535796,0.1067633662171153,-0.02136622589776571,-0.3645681816370349,1.1751032977600018,1.2063427092624999
-0.3993217442587392,0.11380924521752178,-0.021486162039208834,-0.3767251923444829,1.1885199132342474,0.4602036359545398
-0.40619955286834697,0.12137118300696009,-0.021724246414888126,-0.3883678465174431,1.2013468044678923,0.08977398845812867
-0.41284321081394365,0.12865831502386044,-0.02197990267807992,-0.4000473108970155,1.2145874615783905,0.4476132658957548
-0.41948950969131954,0.13634136682619635,-0.022358282016094133,-0.411783355575695,1.227767642808595,0.7046586809705977
-0.426220820543186,0.14409853470463718,-0.022855263020714167,-0.42294422432648393,1.2402812843654036,0.6730992866233316
-0.4331320764344912,0.15187247535901927,-0.022961398739767547,-0.4345354941644819,1.25278605984398,0.20156199070743058
-0.43985380313000394,0.16002183518145846,-0.023627049415660073,-0.44552582319376577,1.265378139503238,0.376479392879512
-0.4465721666000909,0.16845111769116072,-0.02419190208445121,-0.45652044024462524,1.277523639240256,0.5296804760532214
-0.4535011967342947,0.17666263652686998,-0.024540199429021192,-0.46756442758800604,1.2895861953393195,0.12251743554259156
-0.46042016645204803,0.18520736224247586,-0.025038163119992518,-0.47810747621823146,1.301836625714953,-0.10097899408552952
-0.467185806539668,0.19405546049818007,-0.025684484696687604,-0.4888169991712103,1.3134241647428093,0.17857900925016615
-0.4740282743557938,0.20304764243988277,-0.026272135712401612,-0.4990870887605971,1.3252359650140808,0.22006982793840396
-0.4808833696620783,0.21204079971713652,-0.026720404318018143,-0.5092995458268832,1.3365468920601973,0.2547053023525689
-0.487848058535968,0.22126917180724182,-0.027340554345766543,-0.5193350299420885,1.3476283243956504,0.03821097590034675
-0.4949178524894593,0.2306724949122672,-0.02817365200063726,-0.5294601064158457,1.3587442826683898,-0.3322826776716275
-0.5019036320578163,0.2401574713943731,-0.02890663507865532,-0.5390066132303879,1.3695723693373996,-0.31311213557008605
-0.5089011243327407,0.24987767787099685,-0.029569074879907897,-0.5487034466232007,1.3802283592033155,-0.2611659177179076
-0.5159716748357142,0.25971443318743714,-0.0303566664640893,-0.5581771877242736,1.390731458940297,-0.3413770810970682
-0.5232703082867147,0.2697924810719157,-0.03122181968417026,-0.5674841404149061,1.401126904091379,-0.8990822334426226
-0.5302292603308292,0.27984714642738245,-0.031960051914611265,-0.5766025849984475,1.4112003728738503,-0.33080322060088846
-0.5371898778015978,0.2901383786989556,-0.03276216596257897,-0.5856525086795267,1.4211616278191934,0.1412133720429462
-0.5446708873481039,0.3004183382277598,-0.03375597689956844,-0.594101790359496,1.4308150480094075,-0.7839053297969207
-0.5518118337768709,0.31096829324217895,-0.03463538951644174,-0.6027765757740287,1.440384283562887,-0.4775801315658583
-0.5590596461004592,0.3215891477540223,-0.03551811794071913,-0.6113489946549745,1.4499382010540849,-0.4452720769873805
-0.5661745842148,0.3326540910190286,-0.03621833821834164,-0.6192375884967923,1.4587824597454881,-0.0031916081508235328
-0.5736465862741423,0.3433091333866505,-0.037351853475608765,-0.6272859453094707,1.4677610767747433,-0.5311659915450154
-0.5809721390955443,0.3542856289845433,-0.03816917597153202,-0.6350213282772315,1.476545230297605,-0.4475338630762454
-0.5885931707875545,0.3654435494647718,-0.039316079649160396,-0.6427424218389088,1.48526387487871,-1.0525613813248382
-0.595989348040738,0.37662739439024245,-0.04011921651342221,-0.6500437778951172,1.4937082053394823,-0.7990198062383356
-0.6032888089460157,0.3881340347532203,-0.041204676918672356,-0.657590443916034,1.501652467624565,-0.2793044280216015
-0.6110057623931261,0.3996000410724849,-0.04239792196767078,-0.6646038055781895,1.509373572042916,-0.8944181453404132
-0.6184327001775977,0.4111733333968263,-0.04353399630447552,-0.6715984333499602,1.5172484350170954,-0.4970435995554208
-0.6261632321854484,0.42265516593603325,-0.04454273295087252,-0.6780931629142862,1.5248025037676862,-0.9041774028402586
-0.633681698702353,0.4344277108695669,-0.04555319673497393,-0.6846583588624686,1.5320095187497111,-0.5613067155827609
-0.6416283540693691,0.4463004905099309,-0.046707577840167214,-0.6908606974710892,1.5390626891023298,-1.3232055893181045
-0.6494551458237483,0.4581769187351084,-0.04772360996989944,-0.6970602777321259,1.5460421712743844,-1.4442623204955352
-0.6572055885123547,0.4700841338990902,-0.04891742040154534,-0.7029072086682137,1.5528560049017737,-1.2185278686596712
-0.6650303325638216,0.4821675418755106,-0.05028785410651748,-0.7088284792319104,1.5591040874597843,-1.1414898591583234
-0.6729954460866112,0.4942509151415076,-0.05106824156227574,-0.7140636105181268,1.5655548538424067,-1.3397823040305157
-0.6809021441314796,0.5062519481463199,-0.052601182755356524,-0.7193331533920864,1.5713892177666118,-1.224160600024419
-0.6889603206507046,0.51864827693316,-0.053630246872708676,-0.7244046587064717,1.5775035519534795,-1.4246402456625484
-0.6970957656470773,0.530956868602927,-0.05478322272850589,-0.7294377840501883,1.5829914012857986,-1.6519009265029072
-0.7051656281301384,0.5431269939689579,-0.05594388845006082,-0.7342810959615993,1.5885306130596875,-1.5282511069642104
-0.7133669710337601,0.555727209354919,-0.05706544071999797,-0.7387741458049037,1.593975245195797,-1.6629091067581767
-0.7215199423405563,0.5680300743776596,-0.058104230364956266,-0.7428952951566193,1.598725535296368,-1.5199837617400933
-0.7298240874515218,0.5804734584949323,-0.05938074607954458,-0.7472778920262885,1.6036486936836494,-1.6961231484371404
-0.7380443181549232,0.593035437631287,-0.06052235589529742,-0.7512274558523743,1.6085057703617334,-1.4974702361853232
-0.746328737804953,0.6055592218424339,-0.06168000804866658,-0.7549740063115487,1.613118189752166,-1.422083340105348
-0.7545334667090051,0.6179600300165378,-0.06282788619060886,-0.7584974528342987,1.6171451200310623,-1.0794835706694683
-0.7629254826444966,0.6305800009109727,-0.06406475803792044,-0.7620020587737222,1.6212181055016912,-1.2465284228309295
-0.7717214373688224,0.6433181197036655,-0.06492656469479774,-0.7651750834921875,1.6252998721737641,-2.3146377611029108
-0.7801979039772563,0.6558561075060032,-0.06618953518572657,-0.7682398022952466,1.6289598370514518,-2.1440910975761245
-0.7886039779256437,0.6683800302845727,-0.0673740771804393,-0.7711309240055196,1.6324610365912813,-1.7419607959290335
-0.797301370370806,0.6807834899868451,-0.06821113215358177,-0.7735879571080821,1.635706912984505,-2.1120842373513926
-0.8059732805676121,0.6934235052068269,-0.06945068489849937,-0.7761762819127314,1.6389939414762782,-2.2148898760398876
