X1,X2,X3,X4,X5,X6,X7,X8,X9,Y
238.2,158.8,0.0,185.7,0.0,1040.6,734.3,7.0,15.691094808,15.691094808
298.0,0.0,107.0,164.0,13.0,953.0,784.0,28.0,35.85964676,35.85964676
251.81,0.0,99.94,146.14,12.35,1006.0,899.76,56.0,44.14025352,44.14025352
229.68,0.0,118.16,195.23,6.13,1028.1,757.63,3.0,13.35515012,13.35515012
144.0,136.0,106.0,178.0,7.0,941.0,774.0,28.0,26.14492992,26.14492992
296.0,0.0,0.0,186.0,0.0,1090.0,769.0,7.0,18.91232668,18.91232668
401.8,94.7,0.0,147.4,11.4,946.8,852.1,56.0,73.69808963999999,73.69808963999999
387.0,20.0,94.0,157.0,14.32,938.0,845.0,7.0,36.83870268,36.83870268
349.0,0.0,0.0,192.0,0.0,1056.0,809.0,120.0,40.85834776,40.85834776
122.6,183.9,0.0,203.5,0.0,958.2,800.1,3.0,3.31982694,3.31982694
249.1,0.0,98.75,158.11,12.8,987.76,889.01,14.0,28.6822016,28.6822016
290.35,0.0,96.18,168.08,9.41,961.18,865.0,3.0,22.50449664,22.50449664
116.0,173.0,0.0,192.0,0.0,909.8,891.9,3.0,6.280436883999999,6.280436883999999
148.1,0.0,182.1,181.4,15.0,838.9,884.3,28.0,15.526310044,15.526310044
222.36,0.0,96.67,189.29,4.46,967.08,870.32,14.0,24.44881896,24.44881896
172.38,13.61,172.37,156.76,4.14,1006.3,856.4,56.0,35.852751999999995,35.852751999999995
147.8,175.1,0.0,171.2,2.2,1000.0,828.5,28.0,26.922658848,26.922658848
194.68,0.0,100.52,170.17,7.48,998.0,901.8,3.0,12.17614616,12.17614616
388.6,97.1,0.0,157.9,12.1,852.1,925.7,3.0,28.096147,28.096147
393.0,0.0,0.0,192.0,0.0,940.6,785.6,28.0,39.604880392,39.604880392
150.0,236.8,0.0,173.8,11.9,1069.3,674.8,28.0,37.431652039999996,37.431652039999996
273.0,105.0,82.0,210.0,9.0,904.0,680.0,28.0,37.16965116,37.16965116
194.68,0.0,100.52,165.62,7.48,1006.4,905.9,14.0,24.986610239999997,24.986610239999997
531.3,0.0,0.0,141.8,28.2,852.1,893.7,3.0,41.2996124,41.2996124
362.6,189.0,0.0,164.9,11.6,944.7,755.8,91.0,79.29663476,79.29663476
214.9,53.8,121.89,155.63,9.61,1014.3,780.58,56.0,53.95839176,53.95839176
313.0,0.0,113.0,178.0,8.0,1002.0,689.0,28.0,36.80422888,36.80422888
108.3,162.4,0.0,203.5,0.0,938.2,849.0,90.0,29.231713971999998,29.231713971999998
238.05,0.0,94.11,186.66,7.0,949.91,847.01,28.0,30.2335226,30.2335226
312.9,160.5,0.0,177.6,9.6,916.6,759.5,28.0,52.446370892,52.446370892
165.0,0.02,143.57,163.81,0.0,1005.6,900.9,3.0,14.39625888,14.39625888
350.0,0.0,0.0,186.0,0.0,1050.0,770.0,7.0,20.27748916,20.27748916
312.7,144.7,0.0,127.3,8.0,999.7,822.2,28.0,44.523602176000004,44.523602176000004
255.5,170.3,0.0,185.7,0.0,1026.6,724.3,28.0,32.051670812,32.051670812
167.35,129.9,128.62,175.46,7.79,1006.3,746.6,56.0,51.72448952,51.72448952
212.0,141.3,0.0,203.5,0.0,973.4,750.0,90.0,39.700028079999996,39.700028079999996
362.6,189.0,0.0,164.9,11.6,944.7,755.8,3.0,35.3011712,35.3011712
388.6,97.1,0.0,157.9,12.1,852.1,925.7,91.0,57.59882504,57.59882504
236.0,0.0,0.0,193.0,0.0,968.0,885.0,365.0,25.083136879999998,25.083136879999998
389.9,189.0,0.0,145.9,22.0,944.7,755.8,3.0,40.59634688,40.59634688
475.0,118.8,0.0,181.1,8.9,852.1,781.5,3.0,37.79707432,37.79707432
213.74,0.0,174.74,154.79,10.16,1053.5,776.35,28.0,40.14818748,40.14818748
325.6,166.4,0.0,174.0,8.9,881.6,790.0,28.0,61.23581094,61.23581094
218.85,0.0,124.13,158.49,11.33,1078.7,794.91,3.0,15.340841,15.340841
184.0,86.0,190.0,213.0,6.0,923.0,623.0,28.0,22.93197176,22.93197176
287.3,120.5,93.9,187.6,9.2,904.4,695.9,28.0,43.798273423999994,43.798273423999994
500.1,0.0,0.0,200.0,3.0,1124.4,613.2,28.0,44.13335876,44.13335876
375.0,93.8,0.0,126.6,23.4,852.1,992.6,7.0,45.69846928,45.69846928
154.8,183.4,0.0,193.3,9.1,1047.4,696.7,28.0,18.287661424,18.287661424
168.88,42.22,124.25,158.33,10.83,1080.8,796.15,3.0,7.3980774799999995,7.3980774799999995
155.0,0.0,143.0,193.0,9.0,877.0,868.0,28.0,9.735401119999999,9.735401119999999
359.0,19.0,141.0,154.0,10.91,942.0,801.0,28.0,62.935369279999996,62.935369279999996
148.0,0.0,137.0,158.0,16.0,1002.0,830.0,28.0,17.95395504,17.95395504
333.0,0.0,0.0,192.0,0.0,931.2,842.6,28.0,31.966865263999996,31.966865263999996
213.76,98.06,24.52,181.74,6.65,1066.0,785.52,28.0,40.2309246,40.2309246
382.0,0.0,0.0,186.0,0.0,1047.0,739.0,28.0,37.42475728,37.42475728
375.0,93.8,0.0,126.6,23.4,852.1,992.6,3.0,28.99936056,28.99936056
251.37,0.0,118.27,192.94,5.75,1043.6,754.3,100.0,40.14818748,40.14818748
332.5,142.5,0.0,228.0,0.0,932.0,594.0,28.0,33.019005639999996,33.019005639999996
540.0,0.0,0.0,173.0,0.0,1125.0,613.0,14.0,59.76377968,59.76377968
289.0,0.0,0.0,192.0,0.0,913.2,895.3,90.0,32.068218236,32.068218236
295.8,0.0,0.0,185.7,0.0,1091.4,769.3,7.0,14.843728804,14.843728804
231.75,0.0,121.62,173.96,6.72,1056.4,778.45,100.0,45.83636448,45.83636448
254.0,0.0,0.0,198.0,0.0,968.0,863.0,180.0,27.62730332,27.62730332
198.6,132.4,0.0,192.0,0.0,978.4,825.5,28.0,28.021683592,28.021683592
331.0,0.0,0.0,192.0,0.0,879.0,825.0,3.0,13.52062436,13.52062436
251.37,0.0,118.27,188.45,5.75,1028.4,757.73,3.0,17.22311048,17.22311048
167.95,42.08,163.83,121.75,5.72,1058.7,780.11,56.0,32.8535314,32.8535314
200.0,200.0,0.0,190.0,0.0,1145.0,660.0,28.0,49.249270679999995,49.249270679999995
156.0,243.0,0.0,180.0,11.0,1022.0,698.0,28.0,37.36270444,37.36270444
234.0,156.0,0.0,189.0,5.85,981.0,760.0,28.0,39.300132,39.300132
381.4,0.0,0.0,185.7,0.0,1104.6,784.3,28.0,22.489328168,22.489328168
272.6,0.0,89.6,198.7,10.6,931.3,762.2,28.0,32.245413568000004,32.245413568000004
194.68,0.0,100.52,170.17,7.48,998.0,901.8,56.0,43.388724679999996,43.388724679999996
500.0,0.0,0.0,200.0,0.0,1125.0,613.0,7.0,33.21205892,33.21205892
330.5,169.6,0.0,194.9,8.1,811.0,802.3,28.0,56.619079643999996,56.619079643999996
152.7,144.7,0.0,178.1,8.0,999.7,822.2,28.0,19.009542795999998,19.009542795999998
288.0,121.0,0.0,177.0,7.0,908.0,829.0,28.0,42.13387836,42.13387836
284.0,15.0,141.0,179.0,5.46,842.0,801.0,7.0,24.13166,24.13166
295.71,0.0,95.64,171.54,8.87,955.14,859.2,100.0,52.04164848,52.04164848
145.9,230.5,0.0,202.5,3.4,827.0,871.8,28.0,32.720462532,32.720462532
182.04,45.21,121.97,170.21,8.19,1059.4,780.65,28.0,31.2677366,31.2677366
214.9,53.8,121.89,155.63,9.61,1014.3,780.58,100.0,56.63355864,56.63355864
264.5,111.0,86.5,195.5,5.9,832.6,790.4,28.0,41.542307951999994,41.542307951999994
173.54,50.05,173.53,164.77,6.47,1006.2,793.5,28.0,38.20386516,38.20386516
153.0,102.0,0.0,192.0,0.0,888.0,943.1,3.0,4.782205536,4.782205536
323.7,282.8,0.0,183.8,10.3,942.7,659.9,7.0,49.80085148,49.80085148
333.0,0.0,0.0,192.0,0.0,931.2,842.6,7.0,23.404952295999998,23.404952295999998
153.0,145.0,0.0,178.0,8.0,1000.0,822.0,28.0,19.00885332,19.00885332
254.0,0.0,0.0,198.0,0.0,968.0,863.0,3.0,9.307926,9.307926
183.9,122.6,0.0,203.5,0.0,959.2,800.0,7.0,10.787541496,10.787541496
355.0,19.0,97.0,145.0,12.25,967.0,871.0,28.0,55.45455468,55.45455468
190.34,0.0,125.18,166.61,9.88,1079.0,798.9,14.0,19.41564416,19.41564416
366.0,187.0,0.0,191.3,6.6,824.3,756.9,28.0,65.909079268,65.909079268
251.81,0.0,99.94,146.14,12.35,1006.0,899.76,100.0,45.3675208,45.3675208
322.0,0.0,0.0,203.0,0.0,974.0,800.0,28.0,25.17966352,25.17966352
446.0,24.0,79.0,162.0,11.64,967.0,712.0,7.0,38.01770664,38.01770664
165.0,0.02,143.57,163.81,0.0,1005.6,900.9,100.0,37.9556538,37.9556538
200.0,133.0,0.0,192.0,0.0,965.4,806.2,7.0,17.165883972,17.165883972
376.0,0.0,0.0,214.6,0.0,1003.5,762.36,100.0,43.0577762,43.0577762
141.9,166.6,129.7,173.5,10.9,882.6,785.3,28.0,44.61185510399999,44.61185510399999
250.2,166.8,0.0,203.5,0.0,977.6,694.1,7.0,19.35014394,19.35014394
213.74,0.0,174.74,154.79,10.16,1053.5,776.35,100.0,50.07664188,50.07664188
192.0,288.0,0.0,192.0,0.0,929.8,716.1,3.0,12.788400847999998,12.788400847999998
213.76,98.06,24.52,181.74,6.65,1066.0,785.52,56.0,47.13257936,47.13257936
310.0,0.0,0.0,192.0,0.0,1012.0,830.0,120.0,38.70028788,38.70028788
339.0,0.0,0.0,185.0,0.0,1060.0,754.0,28.0,31.6469484,31.6469484
397.0,0.0,0.0,185.7,0.0,1040.6,734.3,7.0,25.447869684,25.447869684
149.0,117.6,91.7,182.9,7.1,953.4,780.3,28.0,23.524231644,23.524231644
149.0,153.0,194.0,192.0,8.0,935.0,623.0,28.0,24.579819399999998,24.579819399999998
150.0,237.0,0.0,174.0,12.0,1069.0,675.0,28.0,37.431652039999996,37.431652039999996
164.0,163.0,128.0,197.0,8.0,961.0,641.0,28.0,27.234302,27.234302
229.68,0.0,118.16,195.23,6.13,1028.1,757.63,14.0,22.31833812,22.31833812
181.9,272.8,0.0,185.7,0.0,1012.4,714.3,7.0,12.37264682,12.37264682
307.0,0.0,0.0,193.0,0.0,968.0,812.0,28.0,27.53077668,27.53077668
251.37,0.0,118.27,192.94,5.75,1043.6,754.3,28.0,33.27411176,33.27411176
500.0,0.0,0.0,200.0,0.0,1125.0,613.0,90.0,47.22221124,47.22221124
286.3,200.9,0.0,144.7,11.2,1004.6,803.7,91.0,76.80073164,76.80073164
425.0,106.3,0.0,153.5,16.5,852.1,887.1,28.0,60.2946762,60.2946762
229.68,0.0,118.16,195.23,6.13,1028.1,757.63,100.0,40.85834776,40.85834776
275.07,0.0,121.35,159.48,9.9,1053.6,777.5,100.0,58.60546,58.60546
190.68,0.0,125.4,162.14,7.77,1090.0,804.01,56.0,35.34253976,35.34253976
290.35,0.0,96.18,168.08,9.41,961.18,865.0,14.0,34.67374804,34.67374804
186.2,124.1,0.0,185.7,0.0,1083.4,764.3,28.0,17.596806471999997,17.596806471999997
213.72,98.05,24.51,181.71,6.86,1065.8,785.38,14.0,30.38520732,30.38520732
277.05,0.0,97.39,160.6,11.83,973.9,875.61,28.0,48.28400428,48.28400428
375.0,93.8,0.0,126.6,23.4,852.1,992.6,91.0,62.5009994,62.5009994
141.3,212.0,0.0,203.5,0.0,971.8,748.5,28.0,29.89223198,29.89223198
250.2,166.8,0.0,203.5,0.0,977.6,694.1,28.0,36.964187312,36.964187312
212.57,0.0,100.39,159.35,10.37,1003.8,903.79,100.0,47.739318239999996,47.739318239999996
213.5,0.0,174.24,154.61,11.66,1052.3,775.48,28.0,45.939785879999995,45.939785879999995
213.72,98.05,24.51,181.71,6.86,1065.8,785.38,56.0,50.77301264,50.77301264
318.8,212.5,0.0,155.7,14.3,852.1,880.4,56.0,66.10006412,66.10006412
321.3,164.2,0.0,190.5,4.6,870.0,774.0,28.0,57.21823428799999,57.21823428799999
362.6,189.0,0.0,164.9,11.6,944.7,755.8,28.0,71.29871315999999,71.29871315999999
475.0,0.0,0.0,228.0,0.0,932.0,594.0,28.0,39.28978986,39.28978986
212.52,0.0,100.37,159.32,8.71,1007.8,903.59,3.0,13.54130864,13.54130864
336.0,0.0,0.0,182.0,3.0,986.0,817.0,28.0,44.86420332,44.86420332
178.03,129.8,118.6,179.94,3.57,1007.3,746.8,3.0,20.72564856,20.72564856
236.0,0.0,0.0,194.0,0.0,968.0,885.0,28.0,18.415903959999998,18.415903959999998
401.8,94.7,0.0,147.4,11.4,946.8,852.1,3.0,41.09966436,41.09966436
266.0,114.0,0.0,228.0,0.0,932.0,670.0,180.0,48.695621452,48.695621452
157.0,236.0,0.0,192.0,0.0,935.4,781.2,28.0,33.664355176,33.664355176
516.0,0.0,0.0,162.0,8.26,801.0,802.0,28.0,41.36856,41.36856
145.0,116.0,119.0,184.0,5.7,833.0,880.0,28.0,29.15794004,29.15794004
239.6,359.4,0.0,185.7,0.0,941.6,664.3,7.0,25.422359072,25.422359072
310.0,0.0,0.0,192.0,0.0,1012.0,830.0,28.0,27.827251359999998,27.827251359999998
425.0,106.3,0.0,151.4,18.6,936.0,803.7,28.0,61.797733879999996,61.797733879999996
252.5,0.0,0.0,185.7,0.0,1111.6,784.3,28.0,19.765208492,19.765208492
316.1,210.7,0.0,185.7,0.0,977.0,689.3,7.0,24.437787344,24.437787344
339.0,0.0,0.0,185.0,0.0,1069.0,754.0,7.0,21.160018439999998,21.160018439999998
255.0,0.0,0.0,192.0,0.0,889.8,945.0,7.0,10.222171176,10.222171176
286.3,200.9,0.0,144.7,11.2,1004.6,803.7,7.0,37.997022359999995,37.997022359999995
203.5,305.3,0.0,203.5,0.0,963.4,630.0,28.0,41.684340008,41.684340008
228.0,342.1,0.0,185.7,0.0,955.8,674.3,7.0,21.917063088,21.917063088
310.0,143.0,0.0,168.0,10.0,914.0,804.0,28.0,45.2985732,45.2985732
167.0,75.4,167.0,164.03,7.91,1007.3,770.1,14.0,32.90179472,32.90179472
475.0,118.8,0.0,181.1,8.9,852.1,781.5,28.0,68.29949256,68.29949256
151.8,178.1,138.7,167.5,18.3,944.0,694.6,28.0,36.349864196,36.349864196
255.0,0.0,0.0,192.0,0.0,889.8,945.0,28.0,18.746162964,18.746162964
153.1,145.0,113.0,178.5,8.0,1001.9,688.7,28.0,25.559564796,25.559564796
236.0,157.0,0.0,192.0,0.0,972.6,749.1,90.0,47.782065751999994,47.782065751999994
359.0,19.0,141.0,154.0,10.91,942.0,801.0,3.0,25.11662571527068,25.11662571527068
250.2,166.8,0.0,203.5,0.0,977.6,694.1,3.0,9.731264264,9.731264264
157.0,236.0,0.0,192.0,0.0,935.4,781.2,7.0,16.889404096,16.889404096
313.0,161.0,0.0,178.0,10.0,917.0,759.0,28.0,52.44154456,52.44154456
190.34,0.0,125.18,166.61,9.88,1079.0,798.9,56.0,31.715896,31.715896
342.0,38.0,0.0,228.0,0.0,932.0,670.0,90.0,50.45930106,50.45930106
313.8,0.0,112.6,169.9,10.1,925.3,782.9,28.0,38.461039708,38.461039708
480.0,0.0,0.0,192.0,0.0,936.0,721.0,28.0,43.892042159999995,43.892042159999995
190.34,0.0,125.18,161.85,9.88,1088.1,802.59,56.0,38.56239268,38.56239268
277.05,0.0,97.39,160.6,11.83,973.9,875.61,56.0,51.03501352,51.03501352
289.0,0.0,0.0,192.0,0.0,913.2,895.3,28.0,25.573354316,25.573354316
132.0,207.0,161.0,179.0,5.0,867.0,736.0,28.0,33.301690799999996,33.301690799999996
362.6,189.0,0.0,164.9,11.6,944.7,755.8,56.0,77.29715436,77.29715436
250.0,0.0,95.69,187.42,5.53,956.86,861.17,14.0,24.91766264,24.91766264
388.6,97.1,0.0,157.9,12.1,852.1,925.7,28.0,50.69717028,50.69717028
505.0,0.0,60.0,195.0,0.0,1030.0,630.0,28.0,64.0178466,64.0178466
310.0,143.0,111.0,168.0,22.0,914.0,651.0,28.0,33.68779736,33.68779736
246.83,0.0,125.08,143.3,11.99,1086.8,800.89,3.0,23.52492112,23.52492112
213.5,0.0,174.24,154.61,11.66,1052.3,775.48,3.0,17.36790044,17.36790044
307.0,0.0,0.0,193.0,0.0,968.0,812.0,180.0,34.48758952,34.48758952
158.6,148.9,116.0,175.1,15.0,953.3,719.7,28.0,27.681082448,27.681082448
425.0,106.3,0.0,153.5,16.5,852.1,887.1,91.0,65.19685056,65.19685056
446.0,24.0,79.0,162.0,11.64,967.0,712.0,56.0,55.25460664,55.25460664
213.5,0.0,174.24,159.21,11.66,1043.6,771.9,14.0,29.592309919999998,29.592309919999998
122.6,183.9,0.0,203.5,0.0,958.2,800.1,28.0,24.290928956,24.290928956
190.0,190.0,0.0,228.0,0.0,932.0,670.0,365.0,53.69225402399999,53.69225402399999
139.9,132.6,103.3,200.3,7.4,916.0,753.4,28.0,36.443632932,36.443632932
295.71,0.0,95.64,171.54,8.87,955.14,859.2,3.0,22.94576128,22.94576128
382.0,0.0,0.0,185.0,0.0,1047.0,739.0,28.0,37.42475728,37.42475728
313.3,262.2,0.0,175.5,8.6,1046.9,611.8,91.0,66.59648684,66.59648684
218.85,0.0,124.13,158.49,11.33,1078.7,794.91,14.0,26.04840328,26.04840328
389.9,189.0,0.0,145.9,22.0,944.7,755.8,56.0,79.40005615999999,79.40005615999999
181.38,0.0,167.01,169.59,7.56,1055.6,777.8,56.0,35.570066839999996,35.570066839999996
337.9,189.0,0.0,174.9,9.5,944.7,755.8,91.0,67.79617508,67.79617508
261.0,100.0,78.0,201.0,9.0,864.0,761.0,28.0,32.39847724,32.39847724
387.0,20.0,94.0,157.0,13.93,938.0,845.0,7.0,45.89841732,45.89841732
349.0,0.0,0.0,192.0,0.0,1056.0,809.0,28.0,33.60506024,33.60506024
139.6,209.4,0.0,192.0,0.0,1047.0,806.9,28.0,28.23748958,28.23748958
151.0,0.0,185.0,167.0,16.0,1074.0,678.0,28.0,13.45857152,13.45857152
325.0,0.0,0.0,184.0,0.0,1063.0,783.0,28.0,30.57136584,30.57136584
251.37,0.0,118.27,188.45,6.35,1028.4,757.73,100.0,44.209201119999996,44.209201119999996
387.0,20.0,94.0,157.0,14.32,938.0,845.0,28.0,50.23522136,50.23522136
355.9,0.0,141.6,193.3,11.0,801.4,778.4,28.0,40.8686899,40.8686899
540.0,0.0,0.0,173.0,0.0,1125.0,613.0,28.0,67.30664712,67.30664712
339.0,0.0,0.0,197.0,0.0,968.0,781.0,14.0,27.04124872,27.04124872
362.6,189.0,0.0,164.9,11.6,944.7,755.8,56.0,77.29715436,77.29715436
287.0,121.0,94.0,188.0,9.0,904.0,696.0,28.0,41.940825079999996,41.940825079999996
375.0,93.8,0.0,126.6,23.4,852.1,992.6,28.0,56.69561148,56.69561148
289.0,133.7,0.0,194.9,5.5,924.1,760.1,28.0,46.247292176,46.247292176
318.8,212.5,0.0,155.7,14.3,852.1,880.4,28.0,55.495923239999996,55.495923239999996
122.6,183.9,0.0,203.5,0.0,958.2,800.1,90.0,33.192064116000005,33.192064116000005
349.0,0.0,0.0,192.0,0.0,1047.0,806.0,7.0,18.12632404,18.12632404
425.0,106.3,0.0,153.5,16.5,852.1,887.1,3.0,33.398217439999996,33.398217439999996
333.0,17.5,163.0,167.0,17.9,996.0,652.0,28.0,47.27736932,47.27736932
310.0,0.0,0.0,192.0,0.0,970.0,850.0,7.0,14.98920824,14.98920824
255.0,0.0,0.0,192.0,0.0,889.8,945.0,90.0,21.859147104,21.859147104
317.9,0.0,126.5,209.7,5.7,860.5,736.6,28.0,40.062002979999995,40.062002979999995
155.0,183.0,0.0,193.0,9.0,1047.0,697.0,28.0,18.28490352,18.28490352
250.0,0.0,95.69,191.84,5.33,948.9,857.2,3.0,8.48744956,8.48744956
531.3,0.0,0.0,141.8,28.2,852.1,893.7,56.0,58.798513279999995,58.798513279999995
233.81,0.0,94.58,197.89,4.567,947.04,852.16,56.0,27.66177712,27.66177712
139.6,209.4,0.0,192.0,0.0,1047.0,806.9,3.0,8.06342182,8.06342182
389.9,189.0,0.0,145.9,22.0,944.7,755.8,91.0,82.5992248,82.5992248
288.0,192.0,0.0,192.0,0.0,932.0,717.8,28.0,38.804398756000005,38.804398756000005
362.6,189.0,0.0,164.9,11.6,944.7,755.8,91.0,79.29663476,79.29663476
149.0,236.0,0.0,176.0,13.0,847.0,893.0,28.0,32.956952799999996,32.956952799999996
469.0,117.2,0.0,137.8,32.2,852.1,840.5,28.0,66.89985628,66.89985628
260.0,101.0,78.0,171.0,10.0,936.0,763.0,28.0,49.77327244,49.77327244
303.6,139.9,0.0,213.5,6.2,895.5,722.5,28.0,33.419591196,33.419591196
276.4,116.0,90.3,179.6,8.9,870.1,768.3,28.0,44.284354003999994,44.284354003999994
288.0,192.0,0.0,192.0,0.0,932.0,717.8,3.0,16.10960674,16.10960674
213.5,0.0,174.24,159.21,11.66,1043.6,771.9,3.0,15.60973664,15.60973664
144.0,170.0,133.0,192.0,8.0,814.0,805.0,28.0,29.86810032,29.86810032
229.97,0.0,118.31,195.47,4.63,1029.4,758.59,56.0,31.53663224,31.53663224
139.6,209.4,0.0,192.0,0.0,1047.0,806.9,360.0,44.698039603999995,44.698039603999995
331.0,0.0,0.0,192.0,0.0,1025.0,821.0,7.0,17.43684804,17.43684804
181.38,0.0,167.01,169.59,7.56,1055.6,777.8,3.0,13.62404576,13.62404576
233.81,0.0,94.58,197.89,4.567,947.04,852.16,14.0,22.13907436,22.13907436
323.7,282.8,0.0,183.8,10.3,942.7,659.9,3.0,28.296095039999997,28.296095039999997
229.68,0.0,118.16,195.23,6.13,1028.1,757.63,56.0,31.35047372,31.35047372
183.9,122.6,0.0,203.5,0.0,959.2,800.0,28.0,24.046164976,24.046164976
349.0,0.0,0.0,192.0,0.0,1047.0,806.0,360.0,42.126983599999996,42.126983599999996
362.6,189.0,0.0,164.9,11.6,944.7,755.8,56.0,77.29715436,77.29715436
246.83,0.0,125.08,143.3,11.99,1086.8,800.89,28.0,52.5035974,52.5035974
162.0,207.0,172.0,216.0,10.0,822.0,638.0,28.0,39.84481804,39.84481804
359.0,19.0,141.0,154.0,10.91,942.0,801.0,7.0,38.610656,38.610656
277.19,97.82,24.46,160.7,11.19,1061.7,782.46,28.0,63.14221208,63.14221208
296.0,0.0,107.0,221.0,11.0,819.0,778.0,28.0,31.419421319999998,31.419421319999998
178.03,129.8,118.6,179.94,3.57,1007.3,746.8,56.0,48.587373719999995,48.587373719999995
480.0,0.0,0.0,192.0,0.0,936.2,712.2,7.0,34.569637164,34.569637164
388.6,97.1,0.0,157.9,12.1,852.1,925.7,7.0,34.90127512,34.90127512
165.0,128.5,132.1,175.06,8.08,1005.8,746.6,56.0,53.72396992,53.72396992
167.95,42.08,163.83,121.75,5.72,1058.7,780.11,100.0,39.2311844,39.2311844
251.37,0.0,118.27,188.45,6.35,1028.4,757.73,56.0,36.63875464,36.63875464
436.0,0.0,0.0,218.0,0.0,838.4,719.7,28.0,23.84897484,23.84897484
331.0,0.0,0.0,192.0,0.0,978.0,825.0,7.0,16.26473884,16.26473884
190.34,0.0,125.18,161.85,9.88,1088.1,802.59,3.0,9.4458212,9.4458212
251.37,0.0,118.27,188.45,5.75,1028.4,757.73,28.0,29.654362759999998,29.654362759999998
157.0,236.0,0.0,192.0,0.0,935.4,781.2,3.0,9.694722036,9.694722036
313.3,262.2,0.0,175.5,8.6,1046.9,611.8,7.0,42.79577532,42.79577532
194.68,0.0,100.52,170.17,7.48,998.0,901.8,14.0,24.28334472,24.28334472
313.0,145.0,0.0,127.0,8.0,1000.0,822.0,28.0,44.51946532,44.51946532
251.37,0.0,118.27,188.45,5.75,1028.4,757.73,100.0,43.58177796,43.58177796
339.0,0.0,0.0,197.0,0.0,968.0,781.0,3.0,13.22414968,13.22414968
145.4,0.0,178.9,201.7,7.8,824.0,868.7,28.0,10.535882756,10.535882756
238.05,0.0,94.11,186.66,7.0,949.91,847.01,14.0,25.68987576,25.68987576
246.83,0.0,125.08,143.3,11.99,1086.8,800.89,56.0,60.32225524,60.32225524
275.0,0.0,0.0,183.0,0.0,1088.0,808.0,7.0,14.2032056,14.2032056
133.0,200.0,0.0,192.0,0.0,927.4,839.2,90.0,36.588422892,36.588422892
446.0,24.0,79.0,162.0,11.61,967.0,712.0,7.0,52.00717468,52.00717468
309.9,142.8,111.2,167.8,22.1,913.9,651.2,28.0,38.215586251999994,38.215586251999994
182.04,45.21,121.97,170.21,8.19,1059.4,780.65,3.0,7.3153403599999995,7.3153403599999995
397.0,0.0,0.0,186.0,0.0,1040.0,734.0,28.0,36.93522932,36.93522932
425.0,106.3,0.0,151.4,18.6,936.0,803.7,56.0,64.90037588,64.90037588
153.0,239.0,0.0,200.0,6.0,1002.0,684.0,28.0,26.8550902,26.8550902
359.0,19.0,141.0,154.0,10.91,942.0,801.0,56.0,68.75060685418796,68.75060685418796
540.0,0.0,0.0,173.0,0.0,1125.0,613.0,3.0,41.63745564,41.63745564
141.3,212.0,0.0,203.5,0.0,971.8,748.5,90.0,39.6621069,39.6621069
182.04,45.21,121.97,170.21,8.19,1059.4,780.65,56.0,43.49904084,43.49904084
173.81,93.37,159.9,172.34,9.73,1007.2,746.6,56.0,48.9872698,48.9872698
427.5,47.5,0.0,228.0,0.0,932.0,594.0,7.0,35.076402024,35.076402024
356.0,0.0,142.0,193.0,11.0,801.0,778.0,28.0,40.865242519999995,40.865242519999995
173.0,116.0,0.0,192.0,0.0,946.8,856.8,90.0,32.102692036,32.102692036
331.0,0.0,0.0,192.0,0.0,1025.0,821.0,90.0,37.91428524,37.91428524
322.0,0.0,0.0,203.0,0.0,974.0,800.0,14.0,20.77391188,20.77391188
146.0,230.0,0.0,202.0,3.0,827.0,872.0,28.0,33.0603742,33.0603742
290.2,193.5,0.0,185.7,0.0,998.2,704.3,28.0,33.0431373,33.0431373
276.0,116.0,90.0,180.0,9.0,870.0,768.0,28.0,44.27814872,44.27814872
359.0,19.0,141.0,154.0,10.91,942.0,801.0,28.0,59.494884039999995,59.494884039999995
380.0,95.0,0.0,228.0,0.0,932.0,594.0,270.0,41.15137506,41.15137506
218.23,54.64,123.78,140.75,11.91,1075.7,792.67,56.0,61.99078716,61.99078716
212.0,0.0,124.78,159.0,7.84,1085.4,799.54,100.0,47.8151606,47.8151606
190.0,190.0,0.0,228.0,0.0,932.0,670.0,270.0,50.655112243999994,50.655112243999994
281.0,0.0,0.0,186.0,0.0,1104.0,774.0,28.0,22.435549039999998,22.435549039999998
193.5,290.2,0.0,185.7,0.0,998.2,704.3,7.0,17.200357771999997,17.200357771999997
164.2,0.0,200.1,181.2,12.6,849.3,846.0,28.0,15.091250688,15.091250688
475.0,0.0,0.0,228.0,0.0,932.0,594.0,270.0,42.131120456,42.131120456
228.0,342.1,0.0,185.7,0.0,955.8,674.3,28.0,39.699338604,39.699338604
304.8,0.0,99.6,196.0,9.8,959.4,705.2,28.0,30.12320644,30.12320644
331.0,170.0,0.0,195.0,8.0,811.0,802.0,28.0,56.61287436,56.61287436
425.0,106.3,0.0,153.5,16.5,852.1,887.1,28.0,60.2946762,60.2946762
380.0,0.0,0.0,228.0,0.0,932.0,670.0,90.0,52.908319811999995,52.908319811999995
250.2,166.8,0.0,203.5,0.0,977.6,694.1,90.0,47.714497103999996,47.714497103999996
237.5,237.5,0.0,228.0,0.0,932.0,594.0,365.0,38.995383608,38.995383608
192.0,288.0,0.0,192.0,0.0,929.8,716.1,90.0,50.732333556,50.732333556
236.0,0.0,0.0,194.0,0.0,968.0,885.0,3.0,6.467284879999999,6.467284879999999
401.8,94.7,0.0,147.4,11.4,946.8,852.1,91.0,75.49762199999999,75.49762199999999
349.0,0.0,0.0,192.0,0.0,1047.0,806.0,28.0,32.72253096,32.72253096
143.8,136.3,106.2,178.1,7.5,941.5,774.3,28.0,26.147687824,26.147687824
116.0,173.0,0.0,192.0,0.0,909.8,891.9,7.0,10.089791784,10.089791784
213.5,0.0,174.24,159.21,11.66,1043.6,771.9,56.0,51.25564584,51.25564584
374.0,189.2,0.0,170.1,10.1,926.1,756.7,7.0,46.20178676,46.20178676
491.0,26.0,123.0,201.0,3.93,822.0,699.0,28.0,57.915983999999995,57.915983999999995
162.0,190.0,148.0,179.0,19.0,838.0,741.0,28.0,33.75674496,33.75674496
295.71,0.0,95.64,171.54,8.87,955.14,859.2,28.0,39.94134468,39.94134468
160.0,250.0,0.0,168.0,12.0,1049.0,688.0,28.0,39.45181672,39.45181672
202.0,11.0,141.0,206.0,1.72,942.0,801.0,56.0,23.24519085418796,23.24519085418796
193.5,290.2,0.0,185.7,0.0,998.2,704.3,28.0,32.626693796000005,32.626693796000005
323.7,282.8,0.0,183.8,10.3,942.7,659.9,56.0,80.19984832,80.19984832
374.0,189.2,0.0,170.1,10.1,926.1,756.7,28.0,61.09446836,61.09446836
213.5,0.0,174.24,159.21,11.66,1043.6,771.9,100.0,52.95865156,52.95865156
194.68,0.0,100.52,170.17,7.48,998.0,901.8,28.0,37.2661778,37.2661778
393.0,0.0,0.0,192.0,0.0,940.0,758.0,90.0,48.79421652,48.79421652
133.1,210.2,0.0,195.7,3.1,949.4,795.3,28.0,28.937997196,28.937997196
148.1,0.0,136.6,158.1,16.1,1001.8,830.1,28.0,17.959470848000002,17.959470848000002
139.6,209.4,0.0,192.0,0.0,1047.0,806.9,180.0,44.207822168,44.207822168
304.0,76.0,0.0,228.0,0.0,932.0,670.0,365.0,55.260122448,55.260122448
314.0,145.3,113.2,178.9,8.0,869.1,690.2,28.0,46.234192132,46.234192132
540.0,0.0,0.0,162.0,2.5,1040.0,676.0,28.0,79.98611076,79.98611076
167.35,129.9,128.62,175.46,7.79,1006.3,746.6,28.0,41.20308576,41.20308576
236.0,157.0,0.0,192.0,0.0,972.6,749.1,7.0,20.416073836,20.416073836
290.2,193.5,0.0,185.7,0.0,998.2,704.3,7.0,21.859147104,21.859147104
337.9,189.0,0.0,174.9,9.5,944.7,755.8,7.0,35.101223159999996,35.101223159999996
424.0,22.0,132.0,178.0,8.48,882.0,750.0,3.0,32.01138571527068,32.01138571527068
198.6,132.4,0.0,192.0,0.0,978.4,825.5,180.0,41.719503284,41.719503284
339.0,0.0,0.0,185.0,0.0,1069.0,754.0,28.0,31.84000168,31.84000168
525.0,0.0,0.0,189.0,0.0,1125.0,613.0,28.0,55.94408264,55.94408264
475.0,0.0,0.0,228.0,0.0,932.0,594.0,90.0,42.229026048,42.229026048
380.0,0.0,0.0,228.0,0.0,932.0,670.0,365.0,52.516697443999995,52.516697443999995
203.5,305.3,0.0,203.5,0.0,963.4,630.0,3.0,9.561653168,9.561653168
190.68,0.0,125.4,162.14,7.77,1090.0,804.01,3.0,15.04436632,15.04436632
212.07,0.0,121.62,180.31,5.69,1057.6,779.32,14.0,20.91870184,20.91870184
152.0,0.0,112.0,184.0,8.0,992.0,816.0,28.0,12.17614616,12.17614616
310.0,0.0,0.0,192.0,0.0,970.0,850.0,180.0,37.32823064,37.32823064
134.7,0.0,165.7,180.2,10.0,961.0,804.9,28.0,13.293786756,13.293786756
212.52,0.0,100.37,159.32,8.71,1007.8,903.59,100.0,42.919881,42.919881
525.0,0.0,0.0,189.0,0.0,1125.0,613.0,7.0,42.42345828,42.42345828
212.0,0.0,124.78,159.0,7.84,1085.4,799.54,3.0,19.519065559999998,19.519065559999998
250.0,0.0,0.0,182.0,0.0,1100.0,820.0,7.0,12.73462172,12.73462172
272.8,181.9,0.0,185.7,0.0,1012.4,714.3,7.0,19.765208492,19.765208492
168.88,42.22,124.25,158.33,10.83,1080.8,796.15,14.0,23.5111316,23.5111316
160.0,188.0,146.0,203.0,11.0,829.0,710.0,28.0,32.83974188,32.83974188
153.0,102.0,0.0,192.0,0.0,888.0,943.1,90.0,26.322814728,26.322814728
401.8,94.7,0.0,147.4,11.4,946.8,852.1,7.0,54.09628696,54.09628696
313.3,262.2,0.0,175.5,8.6,1046.9,611.8,3.0,28.79941252,28.79941252
213.76,98.06,24.52,181.74,6.65,1066.0,785.52,3.0,13.18278112,13.18278112
213.74,0.0,174.74,154.79,10.16,1053.5,776.35,56.0,46.6430514,46.6430514
153.0,102.0,0.0,192.0,0.0,888.0,943.1,7.0,8.374375495999999,8.374375495999999
285.0,190.0,0.0,163.0,7.6,1031.0,685.0,28.0,53.57917996,53.57917996
159.0,187.0,0.0,176.0,11.0,990.0,789.0,28.0,32.763899519999995,32.763899519999995
284.0,15.0,141.0,179.0,5.46,842.0,801.0,3.0,13.395533715270679,13.395533715270679
424.0,22.0,132.0,168.0,8.92,822.0,750.0,28.0,72.09850532,72.09850532
108.3,162.4,0.0,203.5,0.0,938.2,849.0,3.0,2.331807832,2.331807832
380.0,95.0,0.0,228.0,0.0,932.0,594.0,7.0,32.823194456,32.823194456
528.0,0.0,0.0,185.0,6.86,920.0,720.0,28.0,56.83350668,56.83350668
290.35,0.0,96.18,168.08,9.41,961.18,865.0,56.0,45.08483564,45.08483564
362.6,189.0,0.0,164.9,11.6,944.7,755.8,91.0,79.29663476,79.29663476
190.68,0.0,125.4,162.14,7.77,1090.0,804.01,28.0,26.40003604,26.40003604
295.0,0.0,0.0,185.0,0.0,1069.0,769.0,7.0,14.796154959999999,14.796154959999999
236.0,157.0,0.0,192.0,0.0,972.6,749.1,3.0,13.565440299999999,13.565440299999999
213.72,98.05,24.51,181.71,6.86,1065.8,785.38,28.0,45.70536404,45.70536404
173.54,50.05,173.53,164.77,6.47,1006.2,793.5,56.0,53.77223324,53.77223324
297.8,137.2,106.9,201.3,6.0,878.4,655.3,28.0,53.524711356,53.524711356
147.0,115.0,89.0,202.0,9.0,860.0,829.0,28.0,19.98790924,19.98790924
312.7,0.0,0.0,178.1,8.0,999.7,822.2,28.0,25.10382116,25.10382116
326.0,166.0,0.0,174.0,9.0,882.0,790.0,28.0,61.232363559999996,61.232363559999996
236.0,0.0,0.0,193.0,0.0,968.0,885.0,7.0,9.99050724,9.99050724
168.88,42.22,124.25,158.33,10.83,1080.8,796.15,56.0,39.14844728,39.14844728
310.0,0.0,0.0,192.0,0.0,1012.0,830.0,3.0,11.85209244,11.85209244
277.0,0.0,0.0,191.0,0.0,968.0,856.0,3.0,11.36256448,11.36256448
531.3,0.0,0.0,141.8,28.2,852.1,893.7,28.0,56.3991368,56.3991368
385.0,0.0,0.0,186.0,0.0,966.0,763.0,3.0,14.699628319999999,14.699628319999999
255.0,0.0,0.0,192.0,0.0,889.8,945.0,3.0,8.204074924,8.204074924
155.0,184.0,143.0,194.0,9.0,880.0,699.0,28.0,28.98557104,28.98557104
427.5,47.5,0.0,228.0,0.0,932.0,594.0,180.0,41.836714203999996,41.836714203999996
146.5,114.6,89.3,201.9,8.8,860.0,829.5,28.0,19.98790924,19.98790924
296.0,0.0,0.0,192.0,0.0,1085.0,765.0,90.0,29.39236188,29.39236188
251.37,0.0,118.27,188.45,5.75,1028.4,757.73,56.0,36.96970312,36.96970312
135.7,203.5,0.0,185.7,0.0,1076.2,759.3,28.0,18.19871902,18.19871902
339.0,0.0,0.0,197.0,0.0,968.0,781.0,180.0,36.44570136,36.44570136
212.52,0.0,100.37,159.32,8.71,1007.8,903.59,28.0,31.640053639999998,31.640053639999998
160.0,128.0,122.0,182.0,6.4,824.0,879.0,28.0,39.39665864,39.39665864
148.5,139.4,108.6,192.7,6.1,892.4,780.0,28.0,23.696600644,23.696600644
229.97,0.0,118.31,195.47,4.63,1029.4,758.59,28.0,24.483292759999998,24.483292759999998
255.3,98.8,77.0,188.6,6.5,919.0,749.3,28.0,33.798802996,33.798802996
439.0,177.0,0.0,186.0,11.1,884.9,707.9,3.0,39.300132,39.300132
275.0,180.0,120.0,162.0,10.35,830.0,765.0,28.0,76.23536132,76.23536132
233.81,0.0,94.58,197.89,4.567,947.04,852.16,28.0,22.83544512,22.83544512
102.0,153.0,0.0,192.0,0.0,887.0,942.0,3.0,4.565020596,4.565020596
108.3,162.4,0.0,203.5,0.0,938.2,849.0,7.0,7.723510152,7.723510152
165.0,0.0,150.0,182.0,12.0,1023.0,729.0,28.0,18.0297974,18.0297974
446.0,24.0,79.0,162.0,10.3,967.0,712.0,28.0,53.38612668,53.38612668
155.0,0.0,143.0,193.0,9.0,1047.0,697.0,28.0,12.45883132,12.45883132
350.0,0.0,0.0,203.0,0.0,974.0,775.0,56.0,29.97841648,29.97841648
342.0,38.0,0.0,228.0,0.0,932.0,670.0,180.0,52.1243856,52.1243856
166.09,0.0,163.27,176.46,4.49,1058.6,780.09,100.0,33.5430074,33.5430074
190.34,0.0,125.18,161.85,9.88,1088.1,802.59,28.0,28.46846404,28.46846404
238.05,0.0,94.11,186.66,7.0,949.91,847.01,100.0,44.298833,44.298833
233.81,0.0,94.58,197.89,4.567,947.04,852.16,3.0,10.38350856,10.38350856
212.0,141.3,0.0,203.5,0.0,973.4,750.0,3.0,6.8085755,6.8085755
397.0,17.2,158.0,167.0,20.8,967.0,633.0,28.0,55.647607959999995,55.647607959999995
374.0,189.2,0.0,170.1,10.1,926.1,756.7,3.0,34.39795764,34.39795764
102.0,153.0,0.0,192.0,0.0,887.0,942.0,7.0,7.675936308,7.675936308
289.0,0.0,0.0,192.0,0.0,913.2,895.3,3.0,11.654902304,11.654902304
288.4,121.0,0.0,177.4,7.0,907.9,829.5,28.0,42.14008364399999,42.14008364399999
252.0,0.0,0.0,185.0,0.0,1111.0,784.0,28.0,19.691434559999998,19.691434559999998
238.0,0.0,0.0,186.0,0.0,1119.0,789.0,28.0,17.54026944,17.54026944
166.09,0.0,163.27,176.46,4.49,1058.6,780.09,3.0,10.76272036,10.76272036
213.72,98.05,24.51,181.71,6.86,1065.8,785.38,100.0,53.90323368,53.90323368
190.34,0.0,125.18,166.61,9.88,1079.0,798.9,3.0,12.5484632,12.5484632
181.38,0.0,167.01,169.59,7.56,1055.6,777.8,100.0,45.3675208,45.3675208
322.0,0.0,116.0,196.0,10.0,818.0,813.0,28.0,31.17810472,31.17810472
349.0,0.0,0.0,192.0,0.0,1056.0,809.0,7.0,9.011451319999999,9.011451319999999
214.9,53.8,121.89,155.63,9.61,1014.3,780.58,28.0,52.20022796,52.20022796
424.0,22.0,132.0,168.0,8.92,822.0,750.0,56.0,74.3649114581204,74.3649114581204
522.0,0.0,0.0,146.0,0.0,896.0,896.0,7.0,50.511011759999995,50.511011759999995
313.0,145.0,0.0,178.0,8.0,867.0,824.0,28.0,44.38846488,44.38846488
298.0,0.0,107.0,210.0,11.0,880.0,744.0,28.0,31.874475479999997,31.874475479999997
158.8,238.2,0.0,185.7,0.0,1040.6,734.3,28.0,21.066249704,21.066249704
382.0,0.0,0.0,186.0,0.0,1047.0,739.0,7.0,24.00065956,24.00065956
192.0,288.0,0.0,192.0,0.0,929.8,716.1,28.0,39.321505756,39.321505756
236.0,0.0,0.0,194.0,0.0,968.0,885.0,14.0,12.83804312,12.83804312
246.83,0.0,125.08,143.3,11.99,1086.8,800.89,100.0,66.42411784,66.42411784
331.0,0.0,0.0,192.0,0.0,1025.0,821.0,120.0,39.382869119999995,39.382869119999995
322.2,0.0,115.6,196.0,10.4,817.9,813.4,28.0,31.178794196000002,31.178794196000002
318.8,212.5,0.0,155.7,14.3,852.1,880.4,7.0,33.398217439999996,33.398217439999996
401.8,94.7,0.0,147.4,11.4,946.8,852.1,28.0,68.4994406,68.4994406
393.0,0.0,0.0,192.0,0.0,940.0,758.0,3.0,19.10537996,19.10537996
210.7,316.1,0.0,185.7,0.0,977.0,689.3,7.0,21.819846971999997,21.819846971999997
298.2,0.0,107.0,209.7,11.1,879.6,744.2,28.0,31.875164956000003,31.875164956000003
229.68,0.0,118.16,195.23,6.13,1028.1,757.63,28.0,24.53845084,24.53845084
200.0,133.0,0.0,192.0,0.0,965.4,806.2,28.0,30.439675923999996,30.439675923999996
380.0,95.0,0.0,228.0,0.0,932.0,594.0,365.0,43.698299404,43.698299404
133.0,200.0,0.0,192.0,0.0,927.4,839.2,7.0,13.664035367999999,13.664035367999999
356.0,119.0,0.0,160.0,9.03,1061.0,657.0,28.0,58.99846132,58.99846132
322.0,149.0,0.0,186.0,8.0,951.0,709.0,28.0,52.42086028,52.42086028
333.0,0.0,0.0,192.0,0.0,931.2,842.6,90.0,41.680203152,41.680203152
153.0,102.0,0.0,192.0,0.0,888.0,943.1,28.0,17.96429718,17.96429718
236.0,157.0,0.0,192.0,0.0,972.6,749.1,28.0,32.88455782,32.88455782
266.0,114.0,0.0,228.0,0.0,932.0,670.0,270.0,51.732763231999996,51.732763231999996
359.0,19.0,141.0,154.0,10.91,942.0,801.0,3.0,23.639177145812038,23.639177145812038
165.0,0.02,143.57,163.81,0.0,1005.6,900.9,56.0,36.56291228,36.56291228
310.0,0.0,0.0,192.0,0.0,971.0,850.6,3.0,9.86640156,9.86640156
332.5,142.5,0.0,228.0,0.0,932.0,594.0,90.0,37.721921436,37.721921436
250.0,0.0,0.0,182.0,0.0,1100.0,820.0,28.0,20.87043852,20.87043852
149.0,139.0,109.0,193.0,6.0,892.0,780.0,28.0,23.69039536,23.69039536
400.0,0.0,0.0,187.0,0.0,1025.0,745.0,7.0,30.143890719999998,30.143890719999998
307.0,0.0,0.0,193.0,0.0,968.0,812.0,90.0,32.922478999999996,32.922478999999996
238.0,0.0,0.0,186.0,0.0,1119.0,789.0,7.0,12.052040479999999,12.052040479999999
425.0,106.3,0.0,151.4,18.6,936.0,803.7,91.0,66.69990824,66.69990824
254.0,0.0,0.0,198.0,0.0,968.0,863.0,90.0,26.94472208,26.94472208
298.0,137.0,107.0,201.0,6.0,878.0,655.0,28.0,53.52402188,53.52402188
135.0,105.0,193.0,196.0,6.0,965.0,643.0,28.0,21.91154728,21.91154728
393.0,0.0,0.0,192.0,0.0,940.6,785.6,7.0,27.742445811999996,27.742445811999996
135.0,0.0,166.0,180.0,10.0,961.0,805.0,28.0,13.29309728,13.29309728
250.0,180.0,95.0,159.0,9.45,860.0,800.0,28.0,67.86512268,67.86512268
313.0,0.0,0.0,178.0,8.0,1000.0,822.0,28.0,25.0969264,25.0969264
339.0,0.0,0.0,197.0,0.0,968.0,781.0,90.0,35.17017076,35.17017076
427.5,47.5,0.0,228.0,0.0,932.0,594.0,270.0,43.01296026,43.01296026
266.2,112.3,87.5,177.9,10.4,909.7,744.5,28.0,39.421479776,39.421479776
331.0,0.0,0.0,192.0,0.0,1025.0,821.0,28.0,31.74347504,31.74347504
173.81,93.37,159.9,172.34,9.73,1007.2,746.6,28.0,37.810863839999996,37.810863839999996
181.38,0.0,167.01,169.59,7.56,1055.6,777.8,28.0,27.77209328,27.77209328
475.0,118.8,0.0,181.1,8.9,852.1,781.5,56.0,72.29845336,72.29845336
500.0,0.0,0.0,200.0,0.0,1125.0,613.0,1.0,12.63809508,12.63809508
252.5,0.0,0.0,185.7,0.0,1111.6,784.3,7.0,11.483912255999998,11.483912255999998
173.81,93.37,159.9,172.34,9.73,1007.2,746.6,3.0,15.81657944,15.81657944
310.0,0.0,0.0,192.0,0.0,970.0,850.0,28.0,27.923778,27.923778
350.0,0.0,0.0,203.0,0.0,974.0,775.0,14.0,22.53207568,22.53207568
446.0,24.0,79.0,162.0,11.64,967.0,712.0,3.0,23.34565736,23.34565736
349.0,0.0,0.0,192.0,0.0,1056.0,809.0,90.0,40.65839972,40.65839972
154.0,144.0,112.0,220.0,10.0,923.0,658.0,28.0,16.49916068,16.49916068
380.0,0.0,0.0,228.0,0.0,932.0,670.0,270.0,53.300631656,53.300631656
339.2,0.0,0.0,185.7,0.0,1069.2,754.3,28.0,31.899986092,31.899986092
183.9,122.6,0.0,203.5,0.0,959.2,800.0,90.0,32.53292506,32.53292506
318.8,212.5,0.0,155.7,14.3,852.1,880.4,3.0,25.2003478,25.2003478
218.23,54.64,123.78,140.75,11.91,1075.7,792.67,28.0,55.50971276,55.50971276
286.3,200.9,0.0,144.7,11.2,1004.6,803.7,28.0,67.69964844,67.69964844
540.0,0.0,0.0,162.0,2.5,1055.0,676.0,28.0,61.887365759999994,61.887365759999994
382.0,0.0,0.0,186.0,0.0,1111.0,784.0,7.0,11.46598588,11.46598588
475.0,0.0,0.0,228.0,0.0,932.0,594.0,180.0,42.620648416,42.620648416
475.0,0.0,0.0,228.0,0.0,932.0,594.0,7.0,38.60376124,38.60376124
275.07,0.0,121.35,159.48,9.9,1053.6,777.5,3.0,23.80071152,23.80071152
491.0,26.0,123.0,210.0,3.93,882.0,699.0,3.0,25.60910856945864,25.60910856945864
164.6,0.0,150.4,181.6,11.7,1023.3,728.9,28.0,18.033934256,18.033934256
210.7,316.1,0.0,185.7,0.0,977.0,689.3,28.0,37.813621743999995,37.813621743999995
213.5,0.0,174.24,154.61,11.66,1052.3,775.48,14.0,33.70158688,33.70158688
362.6,189.0,0.0,164.9,11.6,944.7,755.8,3.0,35.3011712,35.3011712
387.0,20.0,94.0,157.0,13.93,938.0,845.0,56.0,47.96684532,47.96684532
246.83,0.0,125.08,143.3,11.99,1086.8,800.89,14.0,42.21661548,42.21661548
304.0,76.0,0.0,228.0,0.0,932.0,670.0,90.0,49.185149411999994,49.185149411999994
424.0,22.0,132.0,178.0,8.48,822.0,750.0,7.0,39.004642284729314,39.004642284729314
318.8,212.5,0.0,155.7,14.3,852.1,880.4,91.0,68.09954452,68.09954452
172.38,13.61,172.37,156.76,4.14,1006.3,856.4,28.0,33.68779736,33.68779736
387.0,20.0,94.0,157.0,14.32,938.0,845.0,3.0,22.752708,22.752708
295.8,0.0,0.0,185.7,0.0,1091.4,769.3,28.0,25.216895223999998,25.216895223999998
158.0,0.0,195.0,220.0,11.0,898.0,713.0,28.0,8.53571288,8.53571288
259.9,100.6,78.4,170.6,10.4,935.7,762.9,28.0,49.77327244,49.77327244
144.0,15.0,195.0,176.0,6.0,1021.0,709.0,28.0,15.340841,15.340841
190.34,0.0,125.18,166.61,9.88,1079.0,798.9,100.0,33.56369168,33.56369168
136.4,161.6,125.8,171.6,10.4,922.6,764.4,28.0,29.073134491999998,29.073134491999998
145.0,0.0,179.0,202.0,8.0,824.0,869.0,28.0,10.53519328,10.53519328
172.38,13.61,172.37,156.76,4.14,1006.3,856.4,14.0,29.7508894,29.7508894
159.8,250.0,0.0,168.4,12.2,1049.3,688.2,28.0,39.455953576,39.455953576
425.0,106.3,0.0,153.5,16.5,852.1,887.1,56.0,64.30053176,64.30053176
202.0,11.0,141.0,206.0,1.72,942.0,801.0,3.0,9.84965714581204,9.84965714581204
190.34,0.0,125.18,161.85,9.88,1088.1,802.59,100.0,40.38950408,40.38950408
279.8,128.9,100.4,172.4,9.5,825.1,804.9,28.0,52.826961643999994,52.826961643999994
387.0,20.0,94.0,157.0,14.32,938.0,845.0,56.0,56.33708396,56.33708396
400.0,0.0,0.0,187.0,0.0,1025.0,745.0,28.0,43.69898888,43.69898888
167.0,75.4,167.0,164.03,7.91,1007.3,770.1,100.0,56.8128224,56.8128224
375.0,93.8,0.0,126.6,23.4,852.1,992.6,56.0,60.19814956,60.19814956
425.0,106.3,0.0,153.5,16.5,852.1,887.1,28.0,60.2946762,60.2946762
362.6,189.0,0.0,164.9,11.6,944.7,755.8,56.0,77.29715436,77.29715436
213.76,98.06,24.52,181.74,6.65,1066.0,785.52,100.0,49.973220479999995,49.973220479999995
382.5,0.0,0.0,185.7,0.0,1047.8,739.3,28.0,37.437857324,37.437857324
225.0,0.0,0.0,181.0,0.0,1113.0,833.0,7.0,11.169511199999999,11.169511199999999
393.0,0.0,0.0,192.0,0.0,940.6,785.6,90.0,48.846616696,48.846616696
136.0,162.0,126.0,172.0,10.0,923.0,764.0,28.0,29.06830816,29.06830816
238.05,0.0,94.11,186.66,7.0,949.91,847.01,56.0,39.58971192,39.58971192
316.1,210.7,0.0,185.7,0.0,977.0,689.3,28.0,38.70028788,38.70028788
379.5,151.2,0.0,153.9,15.9,1134.3,605.0,7.0,47.09810556,47.09810556
451.0,0.0,0.0,165.0,11.25,1030.0,745.0,28.0,78.80021203999999,78.80021203999999
275.07,0.0,121.35,159.48,9.9,1053.6,777.5,56.0,56.847296199999995,56.847296199999995
321.4,0.0,127.9,182.5,11.5,870.1,779.7,28.0,37.265488323999996,37.265488323999996
339.0,0.0,0.0,197.0,0.0,968.0,781.0,365.0,38.89334116,38.89334116
427.5,47.5,0.0,228.0,0.0,932.0,594.0,90.0,41.542997428,41.542997428
339.0,0.0,0.0,197.0,0.0,968.0,781.0,28.0,32.039949719999996,32.039949719999996
500.0,0.0,0.0,151.0,9.0,1033.0,655.0,28.0,69.83702404,69.83702404
281.0,0.0,0.0,186.0,0.0,1104.0,774.0,7.0,14.49968028,14.49968028
152.0,178.0,139.0,168.0,18.0,944.0,695.0,28.0,36.34917472,36.34917472
491.0,26.0,123.0,201.0,3.93,822.0,699.0,56.0,61.85584685418796,61.85584685418796
252.31,0.0,98.75,146.25,14.17,987.76,889.01,3.0,21.78054684,21.78054684
159.0,209.0,161.0,201.0,7.0,848.0,669.0,28.0,30.881630039999997,30.881630039999997
469.0,117.2,0.0,137.8,32.2,852.1,840.5,91.0,70.69886903999999,70.69886903999999
362.6,189.0,0.0,164.9,11.6,944.7,755.8,28.0,71.29871315999999,71.29871315999999
167.35,129.9,128.62,175.46,7.79,1006.3,746.6,14.0,31.812422639999998,31.812422639999998
166.09,0.0,163.27,176.46,4.49,1058.6,780.09,14.0,25.48303296,25.48303296
212.0,141.3,0.0,203.5,0.0,973.4,750.0,28.0,33.003837168,33.003837168
167.95,42.08,163.83,121.75,5.72,1058.7,780.11,14.0,17.8229546,17.8229546
250.0,0.0,95.69,191.84,5.33,948.9,857.2,56.0,39.64487,39.64487
284.0,15.0,141.0,179.0,5.46,842.0,801.0,28.0,43.733462679999995,43.733462679999995
300.0,0.0,120.0,212.0,10.0,878.0,728.0,28.0,23.83518532,23.83518532
200.0,0.0,0.0,180.0,0.0,1125.0,845.0,7.0,7.8393421199999995,7.8393421199999995
203.5,135.7,0.0,185.7,0.0,1076.2,759.3,28.0,22.629981272,22.629981272
277.19,97.82,24.46,160.7,11.19,1061.7,782.46,14.0,47.7117392,47.7117392
252.0,0.0,0.0,186.0,0.0,1111.0,784.0,7.0,11.46598588,11.46598588
350.0,0.0,0.0,203.0,0.0,974.0,775.0,7.0,18.12632404,18.12632404
389.9,189.0,0.0,145.9,22.0,944.7,755.8,28.0,74.4978818,74.4978818
252.0,97.0,76.0,194.0,8.0,835.0,821.0,28.0,33.398217439999996,33.398217439999996
149.0,118.0,92.0,183.0,7.0,953.0,780.0,28.0,23.51802636,23.51802636
298.1,0.0,107.5,163.6,12.8,953.2,784.0,28.0,35.86585204399999,35.86585204399999
150.7,0.0,185.3,166.7,15.6,1074.5,678.0,28.0,13.461329424,13.461329424
277.0,117.0,91.0,191.0,7.0,946.0,666.0,28.0,43.5748832,43.5748832
318.0,0.0,126.0,210.0,6.0,861.0,737.0,28.0,40.0585556,40.0585556
153.1,145.0,113.0,178.5,8.0,867.2,824.0,28.0,26.233182848000002,26.233182848000002
182.04,45.21,121.97,170.21,8.19,1059.4,780.65,100.0,48.67011084,48.67011084
162.0,190.1,148.1,178.8,18.8,838.1,741.4,28.0,33.762260768,33.762260768
261.9,110.5,86.1,195.4,5.0,895.2,732.6,28.0,33.71882378,33.71882378
349.0,0.0,0.0,192.0,0.0,1056.0,809.0,3.0,15.87173752,15.87173752
295.0,0.0,0.0,185.0,0.0,1069.0,769.0,28.0,25.17966352,25.17966352
331.0,0.0,0.0,192.0,0.0,978.0,825.0,3.0,13.52062436,13.52062436
297.0,0.0,0.0,186.0,0.0,1040.0,734.0,7.0,30.9574724,30.9574724
198.6,132.4,0.0,192.0,0.0,978.4,825.5,90.0,38.074243671999994,38.074243671999994
252.1,97.1,75.6,193.8,8.3,835.5,821.4,28.0,33.399596392,33.399596392
480.0,0.0,0.0,192.0,0.0,936.2,712.2,3.0,24.404692496,24.404692496
250.0,0.0,95.69,187.42,5.53,956.86,861.17,28.0,29.21999288,29.21999288
212.07,0.0,121.62,180.31,5.69,1057.6,779.32,56.0,34.20490436,34.20490436
334.0,17.6,158.0,189.0,15.3,967.0,633.0,28.0,44.32641204,44.32641204
300.0,0.0,0.0,184.0,0.0,1075.0,795.0,28.0,26.848195439999998,26.848195439999998
485.0,0.0,0.0,146.0,0.0,1120.0,800.0,28.0,71.98818916,71.98818916
212.0,141.3,0.0,203.5,0.0,973.4,750.0,7.0,15.030576799999999,15.030576799999999
194.68,0.0,100.52,165.62,7.48,1006.4,905.9,3.0,12.45193656,12.45193656
166.8,250.2,0.0,203.5,0.0,975.6,692.6,3.0,6.902344236,6.902344236
220.8,147.2,0.0,185.7,0.0,1055.0,744.3,7.0,13.089012384,13.089012384
500.0,0.0,0.0,200.0,0.0,1125.0,613.0,180.0,51.04190828,51.04190828
439.0,177.0,0.0,186.0,11.1,884.9,707.9,7.0,56.095767359999996,56.095767359999996
252.31,0.0,98.75,146.25,14.17,987.76,889.01,14.0,42.29245784,42.29245784
277.0,0.0,0.0,191.0,0.0,968.0,856.0,28.0,25.965666159999998,25.965666159999998
295.71,0.0,95.64,171.54,8.87,955.14,859.2,56.0,48.718374159999996,48.718374159999996
165.0,0.02,143.57,163.81,0.0,1005.6,900.9,28.0,26.200088,26.200088
491.0,26.0,123.0,210.0,3.93,882.0,699.0,7.0,33.488834284729315,33.488834284729315
297.16,0.0,117.54,174.8,9.52,1022.8,753.45,28.0,47.401475,47.401475
122.6,183.9,0.0,203.5,0.0,958.2,800.1,7.0,10.354550567999999,10.354550567999999
277.0,0.0,0.0,191.0,0.0,968.0,856.0,14.0,21.26343984,21.26343984
162.0,214.0,164.0,202.0,10.0,820.0,680.0,28.0,30.647208199999998,30.647208199999998
424.0,22.0,132.0,178.0,8.48,822.0,750.0,28.0,62.052839999999996,62.052839999999996
307.0,0.0,0.0,193.0,0.0,968.0,812.0,365.0,36.14922668,36.14922668
250.0,0.0,95.69,191.84,5.33,948.9,857.2,28.0,27.22051248,27.22051248
525.0,0.0,0.0,189.0,0.0,1125.0,613.0,180.0,61.921839559999995,61.921839559999995
251.37,0.0,118.27,188.45,6.35,1028.4,757.73,28.0,32.66047812,32.66047812
165.0,128.5,132.1,175.06,8.08,1005.8,746.6,3.0,19.41564416,19.41564416
222.36,0.0,96.67,189.29,4.46,967.08,870.32,56.0,29.447519959999997,29.447519959999997
213.5,0.0,174.24,159.21,11.66,1043.6,771.9,28.0,44.63667624,44.63667624
275.0,0.0,0.0,183.0,0.0,1088.0,808.0,28.0,24.49708228,24.49708228
397.0,0.0,0.0,185.0,0.0,1040.0,734.0,28.0,39.0932892,39.0932892
165.0,128.5,132.1,175.06,8.08,1005.8,746.6,100.0,55.020184799999996,55.020184799999996
337.9,189.0,0.0,174.9,9.5,944.7,755.8,3.0,24.0971862,24.0971862
172.38,13.61,172.37,156.76,4.14,1006.3,856.4,3.0,21.29101888,21.29101888
183.9,122.6,0.0,203.5,0.0,959.2,800.0,3.0,4.9035533120000006,4.9035533120000006
200.0,133.0,0.0,192.0,0.0,965.4,806.2,90.0,43.25082948,43.25082948
135.7,203.5,0.0,185.7,0.0,1076.2,759.3,7.0,7.507014687999999,7.507014687999999
166.0,259.7,0.0,183.2,12.7,858.8,826.8,28.0,37.917043144,37.917043144
491.0,26.0,123.0,210.0,3.93,882.0,699.0,56.0,59.590425715270676,59.590425715270676
305.3,203.5,0.0,203.5,0.0,965.4,631.0,3.0,14.143910664,14.143910664
446.0,24.0,79.0,162.0,11.61,967.0,712.0,3.0,35.36322404,35.36322404
149.5,236.0,0.0,175.8,12.6,846.8,892.7,28.0,32.96384756,32.96384756
255.5,170.3,0.0,185.7,0.0,1026.6,724.3,7.0,17.236210524,17.236210524
310.0,0.0,0.0,192.0,0.0,970.0,850.0,360.0,38.11423328,38.11423328
305.3,203.5,0.0,203.5,0.0,965.4,631.0,7.0,25.893960655999997,25.893960655999997
323.7,282.8,0.0,183.8,10.3,942.7,659.9,28.0,74.69782984,74.69782984
158.4,0.0,194.9,219.7,11.0,897.7,712.9,28.0,8.536402356,8.536402356
382.5,0.0,0.0,185.7,0.0,1047.8,739.3,7.0,24.065470304,24.065470304
236.0,0.0,0.0,193.0,0.0,968.0,885.0,180.0,24.104080959999997,24.104080959999997
194.68,0.0,100.52,165.62,7.48,1006.4,905.9,56.0,33.963587759999996,33.963587759999996
190.34,0.0,125.18,161.85,9.88,1088.1,802.59,14.0,22.718234199999998,22.718234199999998
500.0,0.0,0.0,200.0,0.0,1125.0,613.0,28.0,44.0919902,44.0919902
148.0,0.0,182.0,181.0,15.0,839.0,884.0,28.0,15.520104759999999,15.520104759999999
342.0,38.0,0.0,228.0,0.0,932.0,670.0,365.0,56.141962252,56.141962252
236.9,91.7,71.5,246.9,6.0,852.9,695.4,28.0,28.629801423999997,28.629801423999997
446.0,24.0,79.0,162.0,11.61,967.0,712.0,56.0,61.06688932,61.06688932
238.1,0.0,0.0,185.7,0.0,1118.8,789.3,28.0,17.576122192,17.576122192
446.0,24.0,79.0,162.0,11.61,967.0,712.0,28.0,57.02655996,57.02655996
190.34,0.0,125.18,166.61,9.88,1079.0,798.9,28.0,24.84871504,24.84871504
326.0,0.0,138.0,199.0,11.0,801.0,792.0,28.0,40.679083999999996,40.679083999999996
173.0,116.0,0.0,192.0,0.0,946.8,856.8,28.0,24.281965768,24.281965768
350.0,0.0,0.0,203.0,0.0,974.0,775.0,28.0,27.337723399999998,27.337723399999998
212.52,0.0,100.37,159.32,8.71,1007.8,903.59,56.0,42.54756396,42.54756396
385.0,0.0,0.0,186.0,0.0,966.0,763.0,1.0,6.26733684,6.26733684
250.0,0.0,95.69,191.84,5.33,948.9,857.2,14.0,24.65566176,24.65566176
296.0,0.0,0.0,192.0,0.0,1085.0,765.0,7.0,14.2032056,14.2032056
150.9,0.0,183.9,166.6,11.6,991.2,772.2,28.0,15.569747031999999,15.569747031999999
355.0,19.0,97.0,145.0,13.13,967.0,871.0,28.0,44.02993736,44.02993736
300.0,0.0,0.0,184.0,0.0,1075.0,795.0,7.0,15.575262839999999,15.575262839999999
387.0,20.0,94.0,157.0,11.61,938.0,845.0,3.0,34.77027468,34.77027468
173.0,116.0,0.0,192.0,0.0,946.8,856.8,7.0,11.392211948,11.392211948
178.03,129.8,118.6,179.94,3.57,1007.3,746.8,100.0,49.99390476,49.99390476
469.0,117.2,0.0,137.8,32.2,852.1,840.5,3.0,40.1964508,40.1964508
158.8,238.2,0.0,185.7,0.0,1040.6,734.3,7.0,9.617500724000001,9.617500724000001
148.0,175.0,0.0,171.0,2.0,1000.0,828.0,28.0,26.91714304,26.91714304
136.0,196.0,98.0,199.0,6.0,847.0,783.0,28.0,26.96540636,26.96540636
342.0,38.0,0.0,228.0,0.0,932.0,670.0,270.0,55.064311264,55.064311264
144.8,0.0,133.6,180.8,11.1,979.5,811.5,28.0,13.202086448,13.202086448
212.07,0.0,121.62,180.31,5.69,1057.6,779.32,28.0,24.90387312,24.90387312
266.0,114.0,0.0,228.0,0.0,932.0,670.0,28.0,45.854290856,45.854290856
425.0,106.3,0.0,153.5,16.5,852.1,887.1,3.0,33.398217439999996,33.398217439999996
155.0,183.0,0.0,193.0,9.0,877.0,868.0,28.0,23.786922,23.786922
304.0,76.0,0.0,228.0,0.0,932.0,670.0,180.0,50.94882902,50.94882902
350.0,0.0,0.0,203.0,0.0,974.0,775.0,180.0,32.72253096,32.72253096
446.0,24.0,79.0,162.0,11.64,967.0,712.0,28.0,44.42293868,44.42293868
173.54,50.05,173.53,164.77,6.47,1006.2,793.5,14.0,33.00521612,33.00521612
376.0,0.0,0.0,214.6,0.0,1003.5,762.36,56.0,36.3009114,36.3009114
446.0,24.0,79.0,162.0,11.64,967.0,712.0,7.0,39.300132,39.300132
387.0,20.0,94.0,157.0,11.61,938.0,845.0,56.0,61.45989064,61.45989064
325.0,0.0,0.0,184.0,0.0,1063.0,783.0,7.0,17.54026944,17.54026944
155.6,243.5,0.0,180.3,10.7,1022.0,697.7,28.0,37.363393916,37.363393916
249.1,0.0,98.75,158.11,12.8,987.76,889.01,3.0,15.361525279999999,15.361525279999999
214.9,53.8,121.89,155.63,9.61,1014.3,780.58,3.0,18.01600788,18.01600788
167.0,75.4,167.0,164.03,7.91,1007.3,770.1,3.0,15.520104759999999,15.520104759999999
425.0,106.3,0.0,153.5,16.5,852.1,887.1,56.0,64.30053176,64.30053176
362.6,189.0,0.0,164.9,11.6,944.7,755.8,3.0,35.3011712,35.3011712
157.0,236.0,0.0,192.0,0.0,935.4,781.2,90.0,43.377003588,43.377003588
525.0,0.0,0.0,189.0,0.0,1125.0,613.0,90.0,58.78472376,58.78472376
310.0,0.0,0.0,192.0,0.0,970.0,850.0,90.0,34.6806428,34.6806428
249.1,0.0,98.75,158.11,12.8,987.76,889.01,100.0,51.0556978,51.0556978
385.0,0.0,0.0,186.0,0.0,966.0,763.0,14.0,27.923778,27.923778
249.1,0.0,98.75,158.11,12.8,987.76,889.01,28.0,30.84715624,30.84715624
304.0,76.0,0.0,228.0,0.0,932.0,670.0,270.0,54.378282643999995,54.378282643999995
387.0,20.0,94.0,157.0,13.93,938.0,845.0,28.0,46.68441996,46.68441996
321.0,0.0,128.0,182.0,11.0,870.0,780.0,28.0,37.25928304,37.25928304
304.0,140.0,0.0,214.0,6.0,895.0,722.0,28.0,33.41890172,33.41890172
520.0,0.0,0.0,170.0,5.2,855.0,855.0,28.0,60.280886679999995,60.280886679999995
165.0,0.02,143.57,163.81,0.0,1005.6,900.9,14.0,16.87837248,16.87837248
331.0,0.0,0.0,192.0,0.0,978.0,825.0,180.0,38.99676256,38.99676256
165.0,128.5,132.1,175.06,8.08,1005.8,746.6,28.0,46.38794528,46.38794528
290.35,0.0,96.18,168.08,9.41,961.18,865.0,28.0,34.73580088,34.73580088
139.7,163.9,127.7,236.7,5.8,868.6,655.6,28.0,35.225328839999996,35.225328839999996
168.88,42.22,124.25,158.33,10.83,1080.8,796.15,28.0,31.11605188,31.11605188
251.81,0.0,99.94,146.14,12.35,1006.0,899.76,14.0,33.35684888,33.35684888
145.7,172.6,0.0,181.9,3.4,985.8,816.8,28.0,23.744174488,23.744174488
349.0,0.0,0.0,192.0,0.0,1047.0,806.9,3.0,15.049192651999999,15.049192651999999
362.6,189.0,0.0,164.9,11.6,944.7,755.8,3.0,35.3011712,35.3011712
362.6,189.0,0.0,164.9,11.6,944.7,755.8,7.0,55.89581932,55.89581932
218.23,54.64,123.78,140.75,11.91,1075.7,792.67,14.0,35.9561734,35.9561734
203.5,305.3,0.0,203.5,0.0,963.4,630.0,7.0,19.539060364,19.539060364
139.6,209.4,0.0,192.0,0.0,1047.0,806.9,90.0,39.358047983999995,39.358047983999995
387.0,20.0,94.0,157.0,11.61,938.0,845.0,7.0,41.66503468,41.66503468
525.0,0.0,0.0,189.0,0.0,1125.0,613.0,3.0,33.79811352,33.79811352
233.81,0.0,94.58,197.89,4.567,947.04,852.16,100.0,34.55653712,34.55653712
310.0,142.8,0.0,167.9,10.0,914.3,804.0,28.0,45.304778483999996,45.304778483999996
200.0,0.0,0.0,180.0,0.0,1125.0,845.0,28.0,12.24509376,12.24509376
166.0,260.0,0.0,183.0,13.0,859.0,827.0,28.0,37.91428524,37.91428524
151.0,0.0,184.0,167.0,12.0,991.0,772.0,28.0,15.568368079999999,15.568368079999999
133.0,210.0,0.0,196.0,3.0,949.0,795.0,28.0,31.026419999999998,31.026419999999998
475.0,0.0,0.0,162.0,9.5,1044.0,662.0,28.0,58.522722879999996,58.522722879999996
382.0,0.0,0.0,185.0,0.0,1047.0,739.0,7.0,24.00065956,24.00065956
480.0,0.0,0.0,192.0,0.0,936.2,712.2,90.0,54.315540328,54.315540328
167.0,75.4,167.0,164.03,7.91,1007.3,770.1,28.0,41.40992856,41.40992856
313.3,262.2,0.0,175.5,8.6,1046.9,611.8,56.0,64.90037588,64.90037588
194.68,0.0,100.52,165.62,7.48,1006.4,905.9,100.0,37.34202016,37.34202016
262.0,111.0,86.0,195.0,5.0,895.0,733.0,28.0,33.7153764,33.7153764
250.0,0.0,95.69,191.84,5.33,948.9,857.2,100.0,41.1617172,41.1617172
304.0,76.0,0.0,228.0,0.0,932.0,670.0,28.0,47.813781648,47.813781648
286.3,200.9,0.0,144.7,11.2,1004.6,803.7,3.0,24.40055564,24.40055564
212.0,0.0,124.78,159.0,7.84,1085.4,799.54,14.0,31.35047372,31.35047372
212.57,0.0,100.39,159.35,10.37,1003.8,903.79,56.0,44.395359639999995,44.395359639999995
166.09,0.0,163.27,176.46,4.49,1058.6,780.09,56.0,28.62704352,28.62704352
540.0,0.0,0.0,173.0,0.0,1125.0,613.0,180.0,71.62276688,71.62276688
212.57,0.0,100.39,159.35,10.37,1003.8,903.79,3.0,13.33446584,13.33446584
314.0,145.0,113.0,179.0,8.0,869.0,690.0,28.0,46.2293658,46.2293658
332.5,142.5,0.0,228.0,0.0,932.0,594.0,365.0,41.052779992,41.052779992
277.19,97.82,24.46,160.7,11.19,1061.7,782.46,3.0,30.44726016,30.44726016
387.0,20.0,94.0,157.0,13.93,938.0,845.0,3.0,25.510612,25.510612
277.0,0.0,0.0,191.0,0.0,968.0,856.0,180.0,32.32952964,32.32952964
446.0,24.0,79.0,162.0,11.64,967.0,712.0,28.0,51.021224,51.021224
141.3,212.0,0.0,203.5,0.0,971.8,748.5,7.0,10.3938507,10.3938507
374.0,189.2,0.0,170.1,10.1,926.1,756.7,56.0,63.3973182,63.3973182
332.5,142.5,0.0,228.0,0.0,932.0,594.0,7.0,30.275580636,30.275580636
202.0,11.0,141.0,206.0,1.72,942.0,801.0,28.0,21.96670536,21.96670536
297.16,0.0,117.54,174.8,9.52,1022.8,753.45,56.0,51.95891136,51.95891136
475.0,0.0,0.0,228.0,0.0,932.0,594.0,365.0,41.934619796,41.934619796
277.05,0.0,97.39,160.6,11.83,973.9,875.61,3.0,23.13881456,23.13881456
281.0,0.0,0.0,185.0,0.0,1104.0,774.0,28.0,22.435549039999998,22.435549039999998
153.0,145.0,113.0,178.0,8.0,867.0,824.0,28.0,26.22766704,26.22766704
296.0,0.0,106.7,221.4,10.5,819.2,778.4,28.0,31.420110796000003,31.420110796000003
190.0,190.0,0.0,228.0,0.0,932.0,670.0,180.0,46.931941843999994,46.931941843999994
424.0,22.0,132.0,168.0,8.92,822.0,750.0,7.0,40.28509771527068,40.28509771527068
173.81,93.37,159.9,172.34,9.73,1007.2,746.6,100.0,50.93848688,50.93848688
359.0,19.0,141.0,154.0,10.91,942.0,801.0,56.0,66.78067543054136,66.78067543054136
238.0,0.0,0.0,185.0,0.0,1118.0,789.0,28.0,17.54026944,17.54026944
277.05,0.0,97.39,160.6,11.83,973.9,875.61,14.0,41.885667,41.885667
302.0,0.0,0.0,203.0,0.0,974.0,817.0,28.0,21.7529678,21.7529678
178.03,129.8,118.6,179.94,3.57,1007.3,746.8,28.0,39.1622368,39.1622368
480.0,0.0,0.0,192.0,0.0,936.2,712.2,28.0,43.942373908,43.942373908
116.0,173.0,0.0,192.0,0.0,909.8,891.9,28.0,22.347985588,22.347985588
277.19,97.82,24.46,160.7,11.19,1061.7,782.46,56.0,66.82401392,66.82401392
222.36,0.0,96.67,189.29,4.46,967.08,870.32,28.0,24.8900836,24.8900836
181.9,272.8,0.0,185.7,0.0,1012.4,714.3,28.0,27.935499091999997,27.935499091999997
362.6,189.0,0.0,164.9,11.6,944.7,755.8,28.0,71.29871315999999,71.29871315999999
326.5,0.0,137.9,199.0,10.8,801.1,792.5,28.0,38.630650804,38.630650804
218.23,54.64,123.78,140.75,11.91,1075.7,792.67,3.0,27.42046052,27.42046052
238.05,0.0,94.11,186.66,7.0,949.91,847.01,3.0,19.93275116,19.93275116
212.52,0.0,100.37,159.32,8.71,1007.8,903.59,14.0,26.310404159999997,26.310404159999997
296.0,0.0,0.0,192.0,0.0,1085.0,765.0,28.0,21.6495464,21.6495464
450.1,50.0,0.0,200.0,3.0,1124.4,613.2,28.0,39.37597436,39.37597436
203.5,305.3,0.0,203.5,0.0,963.4,630.0,90.0,51.863763672,51.863763672
379.5,151.2,0.0,153.9,15.9,1134.3,605.0,56.0,54.896079119999996,54.896079119999996
218.85,0.0,124.13,158.49,11.33,1078.7,794.91,28.0,30.219733079999997,30.219733079999997
214.9,53.8,121.89,155.63,9.61,1014.3,780.58,14.0,38.60376124,38.60376124
170.3,155.5,0.0,185.7,0.0,1026.6,724.3,28.0,25.726417988,25.726417988
374.3,0.0,0.0,190.2,6.7,1013.2,730.4,28.0,39.056057496,39.056057496
439.0,177.0,0.0,186.0,11.1,884.9,707.9,56.0,71.69860924,71.69860924
385.0,0.0,0.0,186.0,0.0,966.0,763.0,7.0,23.221551679999997,23.221551679999997
153.6,144.2,112.3,220.1,10.1,923.2,657.9,28.0,16.503987012,16.503987012
231.75,0.0,121.62,173.96,6.72,1056.4,778.45,28.0,33.72916592,33.72916592
446.0,24.0,79.0,162.0,10.3,967.0,712.0,56.0,54.765078679999995,54.765078679999995
425.0,106.3,0.0,153.5,16.5,852.1,887.1,56.0,64.30053176,64.30053176
141.3,212.0,0.0,203.5,0.0,971.8,748.5,3.0,4.827710952,4.827710952
349.0,0.0,0.0,192.0,0.0,1047.0,806.0,90.0,39.48629052,39.48629052
405.0,0.0,0.0,175.0,0.0,1120.0,695.0,28.0,52.30364936,52.30364936
480.0,0.0,0.0,192.0,0.0,936.0,721.0,3.0,24.39366088,24.39366088
251.37,0.0,118.27,192.94,5.75,1043.6,754.3,3.0,11.98309288,11.98309288
142.0,167.0,130.0,174.0,11.0,883.0,785.0,28.0,44.6090972,44.6090972
339.2,0.0,0.0,185.7,0.0,1069.2,754.3,7.0,21.179323768,21.179323768
374.0,0.0,0.0,190.0,7.0,1013.0,730.0,28.0,39.05192064,39.05192064
260.9,100.5,78.3,200.6,8.6,864.5,761.5,28.0,32.401235144,32.401235144
145.0,0.0,134.0,181.0,11.0,979.0,812.0,28.0,13.19657064,13.19657064
102.0,153.0,0.0,192.0,0.0,887.0,942.0,28.0,17.275510655999998,17.275510655999998
186.2,124.1,0.0,185.7,0.0,1083.4,764.3,7.0,7.995853172,7.995853172
182.04,45.21,121.97,170.21,8.19,1059.4,780.65,14.0,21.504756439999998,21.504756439999998
173.54,50.05,173.53,164.77,6.47,1006.2,793.5,3.0,23.07676172,23.07676172
140.0,164.0,128.0,237.0,6.0,869.0,656.0,28.0,35.225328839999996,35.225328839999996
225.0,0.0,0.0,181.0,0.0,1113.0,833.0,28.0,17.3403214,17.3403214
229.97,0.0,118.31,195.47,4.63,1029.4,758.59,100.0,35.34253976,35.34253976
265.0,111.0,86.0,195.0,6.0,833.0,790.0,28.0,41.540929,41.540929
277.19,97.82,24.46,160.7,11.19,1061.7,782.46,100.0,66.9481196,66.9481196
439.0,177.0,0.0,186.0,11.1,884.9,707.9,91.0,73.29819356,73.29819356
314.0,0.0,113.0,170.0,10.0,925.0,783.0,28.0,38.45897128,38.45897128
475.0,0.0,59.0,142.0,1.9,1098.0,641.0,28.0,57.226507999999995,57.226507999999995
469.0,117.2,0.0,137.8,32.2,852.1,840.5,7.0,54.896079119999996,54.896079119999996
237.0,92.0,71.0,247.0,6.0,853.0,695.0,28.0,28.62704352,28.62704352
439.0,177.0,0.0,186.0,11.1,884.9,707.9,28.0,65.99664272,65.99664272
379.5,151.2,0.0,153.9,15.9,1134.3,605.0,91.0,56.49566344,56.49566344
143.0,169.4,142.7,190.7,8.4,967.4,643.5,28.0,29.726068263999995,29.726068263999995
491.0,26.0,123.0,201.0,3.93,822.0,699.0,3.0,29.54897143054136,29.54897143054136
239.6,359.4,0.0,185.7,0.0,941.6,664.3,28.0,39.435269296,39.435269296
170.3,155.5,0.0,185.7,0.0,1026.6,724.3,7.0,10.730314988,10.730314988
249.1,0.0,98.75,158.11,12.8,987.76,889.01,56.0,42.030456959999995,42.030456959999995
237.5,237.5,0.0,228.0,0.0,932.0,594.0,180.0,36.251958603999995,36.251958603999995
297.16,0.0,117.54,174.8,9.52,1022.8,753.45,14.0,36.990387399999996,36.990387399999996
332.5,142.5,0.0,228.0,0.0,932.0,594.0,270.0,40.269535256000005,40.269535256000005
167.0,75.4,167.0,164.03,7.91,1007.3,770.1,56.0,53.46196904,53.46196904
322.0,0.0,0.0,203.0,0.0,974.0,800.0,180.0,29.58541516,29.58541516
525.0,0.0,0.0,189.0,0.0,1125.0,613.0,14.0,48.401215199999996,48.401215199999996
190.0,190.0,0.0,228.0,0.0,932.0,670.0,28.0,40.856968808,40.856968808
212.07,0.0,121.62,180.31,5.69,1057.6,779.32,100.0,39.6103962,39.6103962
236.0,0.0,0.0,194.0,0.0,968.0,885.0,90.0,21.946021079999998,21.946021079999998
165.0,128.5,132.1,175.06,8.08,1005.8,746.6,14.0,33.08795324,33.08795324
250.0,0.0,95.69,187.42,5.53,956.86,861.17,100.0,42.347615919999996,42.347615919999996
366.0,187.0,0.0,191.0,7.0,824.0,757.0,28.0,65.90701084,65.90701084
297.16,0.0,117.54,174.8,9.52,1022.8,753.45,3.0,21.91154728,21.91154728
167.35,129.9,128.62,175.46,7.79,1006.3,746.6,3.0,14.94094492,14.94094492
362.6,189.0,0.0,164.9,11.6,944.7,755.8,7.0,55.89581932,55.89581932
167.95,42.08,163.83,121.75,5.72,1058.7,780.11,3.0,7.74971024,7.74971024
313.3,145.0,0.0,178.5,8.0,867.2,824.0,28.0,40.925226931999994,40.925226931999994
289.0,0.0,0.0,192.0,0.0,913.2,895.3,7.0,14.596896395999998,14.596896395999998
425.0,106.3,0.0,151.4,18.6,936.0,803.7,3.0,36.3009114,36.3009114
380.0,95.0,0.0,228.0,0.0,932.0,594.0,180.0,40.759063216,40.759063216
375.0,0.0,0.0,186.0,0.0,1038.0,758.0,28.0,38.21075992,38.21075992
389.9,189.0,0.0,145.9,22.0,944.7,755.8,7.0,59.09498796,59.09498796
425.0,106.3,0.0,151.4,18.6,936.0,803.7,7.0,46.80163088,46.80163088
362.6,189.0,0.0,164.9,11.6,944.7,755.8,7.0,55.89581932,55.89581932
