componente,t_ini,t_fin,t_centro,bloque,n_ventana,cruza_T0,rmse,mae,r2_local,sd_obs,sd_pred,crps,cobertura,ancho,M
FPC 1,2,21,11,train,20,False,0.9546477555292225,0.78793119541814,0.25005780571031144,1.1310126401185037,0.5121790354378001,0.5521661113969352,0.9,3.0686066983640194,M=3
FPC 1,3,22,12,train,20,False,0.9595594576395972,0.7955166042048059,0.2704753187143496,1.152630461607972,0.6614935021099286,0.5586314954622356,0.9,3.0994932264834643,M=3
FPC 1,4,23,13,train,20,False,0.9438321761752191,0.7648008510199655,0.33478572148096697,1.1872773831401173,0.6785257355402444,0.5432026452167795,0.9,3.1030214384943244,M=3
FPC 1,5,24,14,train,20,False,0.9773320235701842,0.801482334930712,0.3879494600975312,1.2817008841498176,0.7009820268243899,0.5707960786300383,0.9,3.1025890809297563,M=3
FPC 1,6,25,15,train,20,False,0.8872263396015225,0.7396324974688947,0.48620660550743555,1.269925855859781,0.7717604247303275,0.5141789999933766,0.95,3.1127604320645332,M=3
FPC 1,7,26,16,train,20,False,0.8324019571808879,0.6740786565950752,0.5762555710754451,1.3119560581615697,0.8094805507229247,0.4820649296853645,0.95,3.0570545444265007,M=3
FPC 1,8,27,17,train,20,False,0.8339677769207312,0.675520628927871,0.6101731263062156,1.3704133491615218,0.840667639025209,0.48254446257797123,0.95,3.0660533181950447,M=3
FPC 1,9,28,18,train,20,False,0.8340016519409249,0.6757436180792565,0.6269261711639099,1.4009018734065826,0.8814667019721835,0.4828515332410562,0.95,3.0847080996260043,M=3
FPC 1,10,29,19,train,20,False,0.8340340087351384,0.6763811696934803,0.6313659537282568,1.409367445309764,0.90079057541745,0.48354094307421447,0.95,3.097667520828545,M=3
FPC 1,11,30,20,train,20,False,0.8231583255943582,0.6652295780175457,0.6328128894137978,1.3937274656265688,0.9032913624251007,0.4747323596002847,0.95,3.103559050522745,M=3
FPC 1,12,31,21,train,20,False,0.8157834252560954,0.659841449444573,0.6076476558437947,1.3362107111543526,0.8900190778748719,0.47045309865935125,0.95,3.0988941745832563,M=3
FPC 1,13,32,22,train,20,False,0.8333739375234652,0.6968787246014547,0.5867556332966477,1.330070437388548,0.8669533096841898,0.47965798216729744,0.95,3.080303094163537,M=3
FPC 1,14,33,23,train,20,False,0.7399127769360263,0.6449733597968201,0.5466997929244422,1.1275239237421237,0.8604551482703249,0.43032435583532475,1.0,3.105406704992056,M=3
FPC 1,15,34,24,train,20,False,0.7263976661810352,0.6310460977896136,0.5568566049854766,1.119542274067831,0.7937685961494576,0.41785216191203045,1.0,3.06974466316402,M=3
FPC 1,16,35,25,train,20,False,0.7363170690128293,0.6399390076631917,0.4383673399916439,1.0080379631547514,0.7848014790068049,0.4261293272623467,1.0,3.110433551855386,M=3
FPC 1,17,36,26,train,20,False,0.7311352003909387,0.6216667947553404,0.2675458442064348,0.8764873794850202,0.7096954244191948,0.4218268004050484,1.0,3.1014751742407687,M=3
FPC 1,18,37,27,train,20,False,0.7305536506452565,0.6198773988847901,-0.060002065081272926,0.728009349811854,0.6242614520080279,0.4208054902625172,1.0,3.088625907637179,M=3
FPC 1,19,38,28,train,20,False,0.7240093442123828,0.6127610555037939,-0.21523292321059695,0.673833510599702,0.5266591705307414,0.4159569683191435,1.0,3.0801233363524085,M=3
FPC 1,20,39,29,train,20,False,0.717815764033469,0.5928028293833947,-0.2516757292306615,0.6582718347950219,0.4857007874481046,0.411474305937094,1.0,3.0825453011319044,M=3
FPC 1,21,40,30,train,20,False,0.7045093894035589,0.5779955431788839,-0.19312637129531973,0.661731426710123,0.4737826522247268,0.40230227439943766,1.0,3.08415152553469,M=3
FPC 1,22,41,31,train,20,False,0.6525328312917625,0.5379957180925974,0.06930622290876276,0.6939643486186061,0.47634209277383704,0.37282458965162063,1.0,3.0827131691947587,M=3
FPC 1,23,42,32,train,20,False,0.6905566292582451,0.5645600162606287,0.3450626488673787,0.8754626383425052,0.5009688402587189,0.3932581191256844,1.0,3.051338320784272,M=3
FPC 1,24,43,33,train,20,False,0.7014292493612471,0.5844988397686819,0.3897651334420704,0.9212416409038606,0.6179795404499079,0.40172691415635625,1.0,3.062374751307071,M=3
FPC 1,25,44,34,train,20,False,0.7387269095967491,0.6032581778700956,0.540947469280437,1.1186414915697933,0.653065197324666,0.4202408500240627,0.95,3.0600142813101416,M=3
FPC 1,26,45,35,train,20,False,0.7745711893178568,0.6301486385498825,0.6314406406569069,1.309018590177173,0.7609381020446359,0.4389059138793188,0.95,3.08384884338826,M=3
FPC 1,27,46,36,train,20,False,0.7772197632058879,0.641654535569619,0.6711254882745692,1.3904869732700065,0.8464882170586375,0.4440507955850167,0.95,3.1250800248235473,M=3
FPC 1,28,47,37,train,20,False,0.7592068455423742,0.6226848755416241,0.7030753287801412,1.4294704121912523,0.9008507033241354,0.43103628518562437,0.95,3.143724763542415,M=3
FPC 1,29,48,38,train,20,False,0.774741239150343,0.6513528215822572,0.7106643774248498,1.4777260112448567,0.9251404093705352,0.44203370336268044,0.95,3.1466817356646066,M=3
FPC 1,30,49,39,train,20,False,0.8629787819475577,0.7339549989562381,0.6384850651184378,1.4725674396280115,0.9541379070543959,0.4943432303382059,0.95,3.166508300527931,M=3
FPC 1,31,50,40,train,20,False,0.8504501046869234,0.7109458152760333,0.6374682214562393,1.4491521833039067,0.9504761395750777,0.4835902464723197,0.95,3.1633947900682693,M=3
FPC 1,32,51,41,train,20,False,0.8166103739483168,0.6629990187306833,0.6331489057390961,1.383273893825436,0.9340386798636835,0.45783344986570673,0.95,3.152158694267274,M=3
FPC 1,33,52,42,train,20,False,0.8954489282133409,0.7154552462786355,0.5408459951192004,1.355813113054674,0.8863852004642193,0.5072279120004121,0.9,3.1196217511221773,M=3
FPC 1,34,53,43,train,20,False,0.8728263824485379,0.6742043018910134,0.4725245564043926,1.2330052883876832,0.8547570242453034,0.4932485492949833,0.9,3.1253104473277933,M=3
FPC 1,35,54,44,train,20,False,0.8634028776802177,0.6462465351744268,0.3282838421225255,1.080833486433017,0.7670041365811506,0.4872667853957925,0.9,3.087689573504031,M=3
FPC 1,36,55,45,train,20,False,0.8414987864268404,0.6143909035719932,0.32344084058340583,1.0496362049518804,0.6539836460097171,0.4670951823057982,0.9,3.0501751929521563,M=3
FPC 1,37,56,46,train,20,False,0.8446857878403188,0.6295638732808426,0.30065469362420294,1.036304901288424,0.6325467165358092,0.46991597050876666,0.9,3.0466882223635916,M=3
FPC 1,38,57,47,train,20,False,0.8440635609541006,0.6268318444325968,0.2830806718777632,1.0227705270315044,0.6230876514442479,0.4691042181684291,0.9,3.0462857470661406,M=3
FPC 1,39,58,48,train,20,False,0.8393588783259301,0.6192421772723574,0.208780044214952,0.9681380066183188,0.6131032017185584,0.46519664855558085,0.9,3.0446454855054625,M=3
FPC 1,40,59,49,train,20,False,0.8464537786220163,0.6425198382361129,0.1187523966867231,0.9251080732196488,0.5723453326630377,0.4715099775040848,0.9,3.041831994354726,M=3
FPC 1,41,60,50,train,20,False,0.8552681907645516,0.6547486556508353,-0.04507696221613844,0.8583538911307431,0.5429928318039522,0.47895268334362073,0.9,3.0445525341480972,M=3
FPC 1,42,61,51,train,20,False,0.8486306016733989,0.6344805440534629,-0.09768019115809157,0.8310343442204907,0.4916407806825776,0.47386191362702323,0.9,3.0616648913919926,M=3
FPC 1,43,62,52,train,20,False,0.8080818842004401,0.5932418334618451,-0.0035449930179267675,0.8276088838127869,0.474863914701611,0.4437002093387291,0.9,3.0638738768547773,M=3
FPC 1,44,63,53,train,20,False,0.8012015669473328,0.5811553348008582,0.0023933144817031016,0.8230009033049746,0.4723689273669977,0.43782446077636683,0.9,3.0573449447005987,M=3
FPC 1,45,64,54,train,20,False,0.7320446899509275,0.53559442229197,0.182407204080136,0.8306293334496937,0.4695339315765625,0.39738429082230564,0.95,3.056418135687709,M=3
FPC 1,46,65,55,train,20,False,0.7482330582997445,0.5443705164252741,-0.053268731577077455,0.7480067101862514,0.4823090391075434,0.4112128353323742,0.9,3.0136257342994215,M=3
FPC 1,47,66,56,train,20,False,0.7887146844938273,0.5873631479137572,-0.07185909858698114,0.7816085016959246,0.45753278431758326,0.4341371919618723,0.9,2.9595379406213764,M=3
FPC 1,48,67,57,train,20,False,0.779594623045924,0.5640118050595262,-0.0842056869948542,0.7681591215089506,0.4684417818805257,0.4302865862400478,0.9,2.980651028677821,M=3
FPC 1,49,68,58,train,20,False,0.764451885250726,0.5368943272449227,-0.13153759077415028,0.7373163428405269,0.4620320316909104,0.4196354545850774,0.9,2.9677115718275306,M=3
FPC 1,50,69,59,train,20,False,0.6786403099565027,0.48410057089656233,-0.04487590973377875,0.6811542826508629,0.4474846929230815,0.3775775628168074,0.9,2.9440649919211865,M=3
FPC 1,51,70,60,train,20,False,0.6885482313678247,0.5008641210846444,-0.17467682344140067,0.6517985115413009,0.4026913189058764,0.3852603623583825,0.9,2.961207431182265,M=3
FPC 1,52,71,61,train,20,False,0.7023839540545583,0.5269165596654051,-0.3203325543564821,0.6271495474076153,0.38086636381519745,0.3957410476654876,0.9,2.9615416001528496,M=3
FPC 1,53,72,62,train,20,False,0.579335387592216,0.4541011091655758,-0.03581358513930222,0.5840196415097914,0.3654633164093938,0.3369682243498853,0.95,2.968998747691512,M=3
FPC 1,54,73,63,train,20,False,0.6302893078323728,0.5061143103058443,-0.1833180076178651,0.5944665199560585,0.348502454965396,0.36356695035986075,0.95,2.92518490858376,M=3
FPC 1,55,74,64,train,20,False,0.6435525566515475,0.5345348921813893,-0.20305742619927725,0.6019758078304702,0.3535464017179636,0.37248850541582545,0.95,2.9341597292572255,M=3
FPC 1,56,75,65,train,20,False,0.6879604550036327,0.5771507706119166,-0.3263878295359064,0.6128672413050271,0.35719630389827095,0.4002860657130417,0.95,2.930581545531749,M=3
FPC 1,57,76,66,train,20,False,0.6970684370623319,0.5907272958990117,-0.4103976691147966,0.6022028757496483,0.36368484904221426,0.40652117493125084,0.95,2.95273733459413,M=3
FPC 1,58,77,67,train,20,False,0.7037767455690209,0.6056709385568038,-0.6187607858638089,0.5675207857311148,0.3540148426472056,0.41198774994321574,0.95,2.9792025154829025,M=3
FPC 1,59,78,68,train,20,False,0.6976489230864814,0.5915997411620117,-0.6555290273561678,0.5562970098668163,0.3289044658890701,0.4089109266496715,0.95,3.0034305575489997,M=3
FPC 1,60,79,69,train,20,False,0.6914804977677513,0.5801939784957469,-0.5243377095759747,0.574615764423781,0.32259574668920526,0.404386910934849,0.95,3.0066022074222563,M=3
FPC 1,61,80,70,train,20,False,0.6731276350546045,0.5534385900149675,-0.3475967894235725,0.5949159795307882,0.3331872504937175,0.3912980069170497,0.95,3.0021129359304903,M=3
FPC 1,62,81,71,train,20,False,0.8701055753420519,0.672966292390253,-0.5875327449008791,0.7085145982094515,0.34645510346063363,0.485271767823036,0.9,2.9818609739094972,M=3
FPC 1,63,82,72,train,20,False,0.9447213522483479,0.737565995556931,-0.5775056354048234,0.771714159668391,0.3781403651904402,0.5273943530659916,0.9,3.0567541979253288,M=3
FPC 1,64,83,73,train,20,False,0.9670315696005207,0.7698679451248652,-0.6891860042256299,0.7633788307946583,0.42515871755979445,0.5478796758104865,0.9,3.0497681649774306,M=3
FPC 1,65,84,74,train,20,False,0.9542533727288682,0.7395449933818471,-0.8987784384729895,0.7105011009642167,0.4209226229717447,0.5353556855474457,0.9,3.053719932809472,M=3
FPC 1,66,85,75,train,20,False,0.944211927369854,0.7326587325724484,-0.7715048110110687,0.7278409921208944,0.37923625563041113,0.5283588894177881,0.95,3.054309347495437,M=3
FPC 1,67,86,76,train,20,False,0.9109956151753985,0.6906464214520808,-0.8137915784973972,0.6940021140894613,0.38756885644517175,0.5028907796749303,0.95,3.0746400570869445,M=3
FPC 1,68,87,77,train,20,False,0.9111906826233979,0.6925771249797367,-0.8259603037015231,0.6918338410230165,0.3746050513043687,0.500938882356231,0.95,3.046948720216751,M=3
FPC 1,69,88,78,train,20,False,0.9152226873394196,0.7053687467761517,-0.7421846541389274,0.711406587925649,0.37192805297718373,0.5045163260380945,0.95,3.035402237251401,M=3
FPC 1,70,89,79,train,20,False,0.904836069460792,0.6828429838519814,-0.6235229590628368,0.7285827499506996,0.38340704048542334,0.49451262635719084,0.95,3.02599047280848,M=3
FPC 1,71,90,80,train,20,False,0.907966610808743,0.6874373476635309,-0.6754778793510723,0.7196788278330736,0.3943019793280367,0.49711877086690653,0.95,3.0053594299405813,M=3
FPC 1,72,91,81,train,20,False,0.8979358235197946,0.6652230037667668,-0.6075080736114009,0.7266192750287406,0.38946967074083366,0.4874971449690676,0.95,3.0074528291076423,M=3
FPC 1,73,92,82,train,20,False,0.8948972402089612,0.6539899284447387,-0.6160692526431244,0.7222397422103153,0.3922307677253905,0.4840879751893371,0.95,2.9999503164738415,M=3
FPC 1,74,93,83,train,20,False,0.8623986453635321,0.6138299934930045,-0.4846584807395311,0.7261611016589579,0.3894556659865351,0.4569799824465778,0.95,3.000072966441512,M=3
FPC 1,75,94,84,train,20,False,0.8716274607091623,0.6253206437140084,-0.5403248437862151,0.7205480406271999,0.3912750195130196,0.46435551777991463,0.95,2.9773299733549354,M=3
FPC 1,76,95,85,train,20,False,0.850150734854601,0.6051942043616033,-0.4440607966935033,0.7258408274137772,0.38948962590043473,0.4478358342007474,0.95,2.9832743576169016,M=3
FPC 1,77,96,86,train,20,False,0.8474238185734967,0.6010531797892522,-0.3627336531558083,0.7447892050607363,0.3932827879627735,0.4460059846924982,0.95,2.9631009601801632,M=3
FPC 1,78,97,87,train,20,False,0.8430348483318296,0.5907810079059252,-0.4005484561564412,0.7308607767012253,0.4128833703483728,0.4419047338449421,0.95,2.9380898568034173,M=3
FPC 1,79,98,88,train,20,False,0.8502283392914569,0.6085710473248003,-0.4324076317395351,0.7288538643798717,0.40360054257248557,0.44733669172882157,0.95,2.914323573559522,M=3
FPC 1,80,99,89,train,20,False,0.8554173877596571,0.6202630106472629,-0.43238424892853144,0.7333081347844991,0.40137184973164014,0.4521387219811997,0.95,2.9120869571715593,M=3
FPC 1,81,100,90,train,20,False,0.8828161391651055,0.660056488251411,-0.3972648759485615,0.7662475350536462,0.40663441491889296,0.4748684398490265,0.95,2.9182656437903645,M=3
FPC 1,82,101,91,train,20,False,0.692742585495112,0.5522079728912374,-0.24444206868628315,0.6371222051179157,0.42529973615496663,0.383052873774848,1.0,2.9530005558580164,M=3
FPC 1,83,102,92,train,20,False,0.591338875067536,0.49327943226772025,0.04062905480504908,0.6194144710653554,0.39171496948188345,0.34337904409474584,1.0,2.8937894058972597,M=3
FPC 1,84,103,93,train,20,False,0.5507297385396462,0.4540123075852745,0.16736341448356262,0.6192257115884559,0.3742749389525065,0.32202923161358626,1.0,2.914409743174911,M=3
FPC 1,85,104,94,train,20,False,0.5549405185340088,0.4650135298677869,0.15478346668815546,0.6192993741642575,0.3740668774246614,0.3247057637147485,1.0,2.9149866293370725,M=3
FPC 1,86,105,95,train,20,False,0.4848445209702904,0.42534020415244084,0.2709628473812118,0.5825938006573661,0.3752200896986989,0.29365013474488144,1.0,2.920444432869554,M=3
FPC 1,87,106,96,train,20,False,0.48307056081014393,0.4223057721734481,0.2360207021035876,0.5670325289695283,0.36006570557339346,0.2920403193482406,1.0,2.8981632744520907,M=3
FPC 1,88,107,97,train,20,False,0.4825104725237944,0.41872816254763545,0.23775612417701952,0.5670194668423697,0.3523538269879905,0.290941134791693,1.0,2.8869881916046145,M=3
FPC 1,89,108,98,train,20,False,0.47801371198911013,0.41264328015144536,0.23970638167730096,0.562455126424054,0.35234479212316855,0.28839760775604834,1.0,2.8870162529498336,M=3
FPC 1,90,109,99,train,20,False,0.47627238493952107,0.4062944142397713,0.21514382867821336,0.5515673620903881,0.34930411368290704,0.28744020372531814,1.0,2.8861212795227766,M=3
FPC 1,91,110,100,train,20,False,0.47694260588162213,0.40677236767138475,0.34409360003408784,0.6042037039925853,0.34148798094766475,0.2873791856091038,1.0,2.887194052115083,M=3
FPC 1,92,111,101,train,20,False,0.5006055302994131,0.4327450610288235,0.2749394188892117,0.60317966677925,0.38017290402172826,0.299631880394145,1.0,2.886210348680616,M=3
FPC 1,93,112,102,train,20,False,0.5406256537914647,0.4723444628198247,0.20381853729947597,0.6216254927128814,0.37963927345813125,0.3208980422594887,1.0,2.8878318832069634,M=3
FPC 1,94,113,103,train,20,False,0.6461775971233824,0.5375132007324526,0.06368984776149356,0.6851414274774573,0.3906653803380117,0.36889263726743615,0.95,2.905626866668463,M=3
FPC 1,95,114,104,train,20,False,0.6453269249630501,0.5368303250827805,0.3129445453965176,0.7987706282491783,0.4403812163543572,0.36781316319293833,0.95,2.9097175367921593,M=3
FPC 1,96,115,105,train,20,False,0.6267879307236642,0.5113248928697703,0.4052999533722974,0.833892055424826,0.5275766329789835,0.35615714268688364,0.95,2.9128538923710585,M=3
FPC 1,97,116,106,train,20,False,0.6284602170654918,0.5132791421149634,0.3651833850205688,0.8092670274000553,0.5537500350372627,0.3574608283476334,0.95,2.9145809128880504,M=3
FPC 1,98,117,107,train,20,False,0.6330945856337155,0.5217889535153091,0.37201246633900453,0.8196553641917823,0.5362737858875161,0.360314272518324,0.95,2.9112725876271726,M=3
FPC 1,99,118,108,train,20,False,0.6290987766957538,0.5163791382966134,0.4240809529721091,0.8505039149967197,0.5435650744417574,0.35718006652445705,0.95,2.911837984025478,M=3
FPC 1,100,119,109,train,20,False,0.6294559063966725,0.51682868716954,0.41255291284831486,0.8425954954413156,0.5642197635682826,0.3575047409422103,0.95,2.91290857128799,M=3
FPC 1,101,120,110,train,20,False,0.6253623938120932,0.5141805684142262,0.36528368893415186,0.8053415926140999,0.5575543544529549,0.35610835850691264,0.95,2.907292637601496,M=3
FPC 1,102,121,111,train,20,False,0.6423861689930597,0.5350060028621483,0.34870103513705475,0.8166654546519818,0.5421772118026156,0.36553997217297923,0.95,2.885061145201326,M=3
FPC 1,103,122,112,train,20,False,0.6567742065323044,0.5492175345855869,0.2518246148593374,0.779027121716203,0.5467842119768611,0.37500114569731174,0.95,2.8932899047434337,M=3
FPC 1,104,123,113,train,20,False,0.6737537770560805,0.5743589943323124,0.22385612135537114,0.7846361115174786,0.5254618270822629,0.38533080703868366,0.95,2.869862289428711,M=3
FPC 1,105,124,114,train,20,False,0.6835918457455973,0.5887130332447355,0.23876272745974136,0.8038500602752697,0.5289738873664614,0.39209747100885994,0.95,2.870859239697457,M=3
FPC 1,106,125,115,train,20,False,0.7057069705827141,0.6097065218513393,0.14550600025021243,0.7832638730941517,0.5390366229790332,0.40612938900784135,0.95,2.881751677915454,M=3
FPC 1,107,126,116,train,20,False,0.7214171510058345,0.6328616709834538,0.07271669276621118,0.7686319615647244,0.5255945229236316,0.4174309561293315,0.95,2.8685936927795415,M=3
FPC 1,108,127,117,train,20,False,0.7566027610889208,0.6819028324720586,0.09617826891671166,0.8165160569537429,0.5169829239847801,0.4422879030400619,0.95,2.8609782301634556,M=3
FPC 1,109,128,118,train,20,False,0.7547822031206316,0.6760657416097441,0.15057912105347393,0.840230385287693,0.5399130662917772,0.4422303455995463,0.95,2.886819618716836,M=3
FPC 1,110,129,119,train,20,False,0.7623203064662797,0.6968453591087523,0.13265744690511516,0.839808679641413,0.5553168428607987,0.44917436161690283,0.95,2.9018137767910956,M=3
FPC 1,111,130,120,train,20,False,0.7700587301337934,0.7047302026382887,0.10764614258825367,0.8363604613339365,0.5553596896309235,0.4549244616913481,0.95,2.901904034018517,M=3
FPC 1,112,131,121,train,20,False,0.7659262693911841,0.69989745176983,0.12063191556025621,0.8379918843625468,0.5530794067955213,0.45167135494966776,0.95,2.9121744602918627,M=3
FPC 1,113,132,122,train,20,False,0.7383594083935301,0.6610317976898037,0.13334237242856228,0.8137335621534331,0.553401528796927,0.4303996759705816,0.95,2.910124524384737,M=3
FPC 1,114,133,123,train,20,False,0.6587600117682287,0.6110892185922108,0.2842969123330418,0.7989120663600576,0.5381686145887044,0.3897148618336831,1.0,2.8911411618441347,M=3
FPC 1,115,134,124,train,20,False,0.6341933166301389,0.5727016534664539,0.18639546480196578,0.721361862406961,0.5265354507544745,0.37372997001645547,1.0,2.888960386514664,M=3
FPC 1,116,135,125,train,20,False,0.6461020654346699,0.5918293672056452,0.035348502186301034,0.6749228088281104,0.4641632114263725,0.3815667721275172,1.0,2.879610464945436,M=3
FPC 1,117,136,126,train,20,False,0.6494687490970346,0.5955048181738265,0.06899902472542163,0.6905917535544126,0.4293446163989018,0.3834428753245632,1.0,2.8777942919731143,M=3
FPC 1,118,137,127,train,20,False,0.6441245485021311,0.5847330929464193,0.04347687121044319,0.6757099444915804,0.4407405432089605,0.38008727339586307,1.0,2.881168051064015,M=3
FPC 1,119,138,128,train,20,False,0.6464871981787951,0.58814992474939,-0.09475285214845841,0.6339282181724252,0.42985432638438553,0.3816159314353828,1.0,2.880165728181601,M=3
FPC 1,120,139,129,train,20,False,0.6524760190205581,0.5949456723727737,-0.08436875238956665,0.642856818360644,0.39919364272084096,0.3856221277349131,1.0,2.87979810461402,M=3
FPC 1,121,140,130,train,20,False,0.6300617387044081,0.5758401053094521,0.0247852817352322,0.6545927351838907,0.4057414298642304,0.37173656598866056,1.0,2.890337993130088,M=3
FPC 1,122,141,131,train,20,False,0.6093124773283206,0.5452980866077252,-0.02223815889885339,0.6183042399436741,0.4114830015402295,0.3602911488290084,1.0,2.896623306721449,M=3
FPC 1,123,142,132,train,20,False,0.5835270356590879,0.5131303064890859,0.04922008526402688,0.6139870063394605,0.393331681099963,0.3446003155930633,1.0,2.873379248604179,M=3
FPC 1,124,143,133,train,20,False,0.5751280299476152,0.5053144193230065,0.10115217479064798,0.6223857572418587,0.3917001264240305,0.3397553720421624,1.0,2.8784484679996973,M=3
FPC 1,125,144,134,train,20,False,0.5601053108996342,0.48345619212562624,0.08512941882761083,0.6007974168640445,0.3964953912169345,0.33151610487796523,1.0,2.884592356458307,M=3
FPC 1,126,145,135,train,20,False,0.5192527411501978,0.4398726979514419,0.16647453542022483,0.5835224361244483,0.3840253130231635,0.31010687697486305,1.0,2.8688691021502026,M=3
FPC 1,127,146,136,train,20,False,0.4953807813959628,0.41242203210496,0.25266100864252294,0.5879204007909746,0.372356564258916,0.2971874868300033,1.0,2.8672818468511108,M=3
FPC 1,128,147,137,train,20,False,0.49600075130683763,0.412722250700379,0.300897750408069,0.6086255526079626,0.37419455497765064,0.2971982048783589,1.0,2.8641401661187413,M=3
FPC 1,129,148,138,train,20,False,0.4957485451216285,0.41198644769247206,0.29625632725579876,0.6063067372310948,0.4046653677256029,0.2958409685409307,1.0,2.8406013530492786,M=3
FPC 1,130,149,139,train,20,False,0.5167025785646827,0.42838291467420697,0.2423062602185574,0.609020591441489,0.40604943889475587,0.30612203246117264,1.0,2.828061279729009,M=3
FPC 1,131,150,140,train,20,False,0.48232649658798593,0.3897540782779106,0.2796979414050472,0.5830717361213292,0.40842984912364727,0.2884797381968115,1.0,2.8281121832877405,M=3
FPC 1,132,151,141,train,20,False,0.5132268596239584,0.4089683889306094,0.3061071921619023,0.6321226925502651,0.39341547660600673,0.3024277853601296,1.0,2.8160216151922945,M=3
FPC 1,133,152,142,train,20,False,0.5122056080996431,0.40200357087006955,0.3226425131452708,0.6385186089705148,0.4194187869430801,0.3035008476915173,1.0,2.839959381148219,M=3
FPC 1,134,153,143,train,20,False,0.49374372768547176,0.3750147943678423,0.2867211106409845,0.5998050302614769,0.4244199358280034,0.29402834373563463,1.0,2.8476307181268927,M=3
FPC 1,135,154,144,train,20,False,0.5303926142059959,0.4168687364590009,0.16829246230330808,0.5966921803359139,0.3968414989545564,0.3130076779787047,1.0,2.8477931798994542,M=3
FPC 1,136,155,145,train,20,False,0.5292267589841858,0.4158022284754622,0.17586518623673908,0.5981097226964335,0.3898307703606159,0.31273882888994736,1.0,2.8686506187915803,M=3
FPC 1,137,156,146,train,20,False,0.5117149026121829,0.3933067054288024,0.13695607654569109,0.5651318873178154,0.39058912295181236,0.303105383904972,1.0,2.868649658560753,M=3
FPC 1,138,157,147,train,20,False,0.6082873742925342,0.4569557617234127,0.13648738774444957,0.6716030458086112,0.3675557041553016,0.3484802001171343,0.95,2.8657809358835222,M=3
FPC 1,139,158,148,train,20,False,0.6059940468800014,0.4538574512135408,0.2086262171961435,0.6989011030046388,0.4506851332993891,0.3475908914761018,0.95,2.873085691854358,M=3
FPC 1,140,159,149,train,20,False,0.5925521207246763,0.4366564850757779,0.2758165614770125,0.7143983779717756,0.46871074704806687,0.33865685961566905,0.95,2.8723506022244694,M=3
FPC 1,141,160,150,train,20,False,0.6227965910693154,0.45983205561686386,0.3229983488992977,0.7765860057141226,0.4806568605979889,0.3554428135117328,0.95,2.8631539112329483,M=3
FPC 1,142,161,151,train,20,False,0.6457830672263672,0.4926719800250027,0.265480639579173,0.7730778444653356,0.5346859578394613,0.3696683791636194,0.95,2.853975937515497,M=3
FPC 1,143,162,152,train,20,False,0.6453149219179098,0.4904137287081921,0.25692476970135414,0.7680571078187519,0.5311509248859783,0.36906476358411683,0.95,2.8503494277596473,M=3
FPC 1,144,163,153,train,20,False,0.6558899873057611,0.5009952479209303,0.22906868843166606,0.7664103409981383,0.5265287545710691,0.37575691688995183,0.95,2.8466308730095626,M=3
FPC 1,145,164,154,train,20,False,0.679682745591628,0.533191371123973,0.1552228663289975,0.7587057360397971,0.5286147571140382,0.39162699295085734,0.95,2.840208710283041,M=3
FPC 1,146,165,155,train,20,False,0.6843872807141298,0.5479416985264968,0.1586886144250188,0.7655291699065306,0.5228846724155638,0.3952826278278566,0.95,2.83810299269855,M=3
FPC 1,147,166,156,train,20,False,0.683372071190659,0.5397519549492078,0.17273781689155066,0.7708570294264775,0.5277305423545493,0.39466663298327787,0.95,2.8423253297805786,M=3
FPC 1,148,167,157,train,20,False,0.6706389723689125,0.5305261425673876,0.15894750113592937,0.7502662875040411,0.5320315054536946,0.38740227474057765,0.95,2.8437780241668227,M=3
FPC 1,149,168,158,train,20,False,0.6699788506358968,0.527070717451715,0.15698557774265087,0.7486551018564095,0.5162218188880106,0.38664824579923457,0.95,2.839866567030549,M=3
FPC 1,150,169,159,train,20,False,0.6519145114639922,0.5077375566734954,0.22107069839346427,0.7578440149290545,0.5150445790076097,0.3742535974799016,0.95,2.8395587853342295,M=3
FPC 1,151,170,160,train,20,False,0.6538535296164285,0.5164479927543567,0.23034803220308886,0.7646654675242435,0.5208014337144158,0.3755501642373187,0.95,2.841017148867249,M=3
FPC 1,152,171,161,train,20,False,0.6158413548490311,0.4739046748054749,0.16081044223315344,0.6897266566064127,0.5246931136424288,0.35220353950153493,0.95,2.843192867934704,M=3
FPC 1,153,172,162,train,20,False,0.6256977786667475,0.49836538917558243,0.0469434080825587,0.6575722323616813,0.48268413553683287,0.35750286783163704,0.95,2.8202665019035345,M=3
FPC 1,154,173,163,train,20,False,0.6376567200292783,0.5223905842699297,-0.05553904008414001,0.636777908115014,0.46270319469293036,0.3652920697223636,0.95,2.8138703432679177,M=3
FPC 1,155,174,164,train,20,False,0.6114190048884368,0.49454447452338846,-0.3825678856282868,0.5334993551434076,0.447341480742108,0.34877791545627734,0.95,2.811963665261865,M=3
FPC 1,156,175,165,train,20,False,0.6109861986771529,0.494075283829178,-0.3922874598817694,0.5312575827010966,0.38949540207087946,0.3477295546023379,0.95,2.791117031797767,M=3
FPC 1,157,176,166,train,20,False,0.6595815337004837,0.5413530680703734,-0.3528648405018986,0.5818077212327301,0.38795410569546523,0.3766624328227398,0.95,2.792629388198257,M=3
FPC 1,158,177,167,train,20,False,0.6518654945737158,0.5378668177905539,-0.35484872979007065,0.5745803719089939,0.426562018883791,0.37229339473917966,1.0,2.814010241217912,M=3
FPC 1,159,178,168,train,20,False,0.6481158124165051,0.5308727111332038,-0.20681894941477963,0.6052987181906487,0.4208056811179364,0.36911213582401825,1.0,2.807303571365774,M=3
FPC 1,160,179,169,train,20,False,0.6523108521466777,0.5382444424795125,-0.21819174057849144,0.606366187219413,0.4424191507221164,0.37220928647911167,1.0,2.8081941819563516,M=3
FPC 1,161,180,170,train,20,False,0.6265993932308316,0.5183311920376534,-0.19534599943512188,0.588005449659482,0.4434962636664853,0.3575997897847113,1.0,2.805358007587493,M=3
FPC 1,162,181,171,train,20,False,0.6237086995272286,0.5159159591930536,-0.1842037501209941,0.5880398836474724,0.42673654607432154,0.3553817824453873,1.0,2.7962730164453395,M=3
FPC 1,163,182,172,train,20,False,0.6239038585521577,0.5169197588963399,-0.17687219696890844,0.5900532644332497,0.42671508115979273,0.35559929228016013,1.0,2.7964970031008125,M=3
FPC 1,164,183,173,train,20,False,0.6007162799704402,0.4821386462138551,-0.15438829526678322,0.573629716959389,0.42837506235326145,0.3407908471857619,1.0,2.7957144130393865,M=3
FPC 1,165,184,174,train,20,False,0.577634610980635,0.4587582549989171,-0.025959714869749018,0.5850948168454059,0.41626890301584396,0.32689173120095105,1.0,2.7910394879058007,M=3
FPC 1,166,185,175,train,20,False,0.5759764776534751,0.4559170274800475,0.006048118469232033,0.5927345803505913,0.42393324595630594,0.3259480780222216,1.0,2.7926098121330143,M=3
FPC 1,167,186,176,train,20,False,0.5771424624061942,0.4639735812179455,0.047453245839275904,0.6067056993192221,0.4284554654901979,0.326837995865494,1.0,2.7928291886672385,M=3
FPC 1,168,187,177,train,20,False,0.5455605999422513,0.4220997523607056,0.17494893401930456,0.6162270819523469,0.4370519983957823,0.30877368884186296,1.0,2.795162360034883,M=3
FPC 1,169,188,178,train,20,False,0.587540093817937,0.46641659539173264,0.06297918643819944,0.6227318617631634,0.4438470837696327,0.3320271804069962,1.0,2.7959891845658427,M=3
FPC 1,170,189,179,train,20,False,0.6009407805581701,0.48050721998699614,0.10015534564461392,0.6499592121894562,0.4486689766683602,0.34011844015729753,1.0,2.7980072421208027,M=3
FPC 1,171,190,180,train,20,False,0.6423021724868173,0.5209061376249987,-0.05644052549635492,0.6411432318040161,0.46953538018915575,0.3650939115305164,1.0,2.8023333119228484,M=3
FPC 1,172,191,181,train,20,False,0.6475070775954163,0.5334613991649845,-0.02307282761076368,0.6567944013840357,0.4634360991789693,0.36877411181515307,1.0,2.799156020693481,M=3
FPC 1,173,192,182,train,20,False,0.6666127672619222,0.5519362832122191,-0.08447500656746132,0.656752978130192,0.47407445467590914,0.3809722284192986,1.0,2.800830111987889,M=3
FPC 1,174,193,183,train,20,False,0.6870587565147501,0.5706030670524702,-0.09095399029339224,0.6748835753449297,0.47353018083118786,0.3940404620542869,1.0,2.7999979024007917,M=3
FPC 1,175,194,184,train,20,False,0.6835948633272432,0.5567956347699017,-0.08300898037427351,0.6739395740855302,0.48566572760759746,0.3917716594490528,1.0,2.8039247274026278,M=3
FPC 1,176,195,185,train,20,False,0.6821326845763923,0.554948825837761,-0.1063971495547642,0.6653521010249768,0.485368162770305,0.39102163628636466,1.0,2.804101838059723,M=3
FPC 1,177,196,186,train,20,False,0.6532982931908902,0.5339175209190434,-0.7340568802333665,0.5090003153402455,0.475911957258873,0.3742883208388599,1.0,2.8084090681746607,M=3
FPC 1,178,197,187,train,20,False,0.5716116113086541,0.4666710723744287,-0.306896865641729,0.5130014366159824,0.3582393015782225,0.331856304255908,1.0,2.787316435649991,M=3
FPC 1,179,198,188,train,20,False,0.6238987742806615,0.5103590725681211,-0.1744630635368627,0.590653318475549,0.3606941130199588,0.3609016031583982,1.0,2.7856616602092985,M=3
FPC 1,180,199,189,train,20,False,0.6322845275518926,0.5200933824782282,0.10782472452207048,0.686792683624361,0.41940642493723107,0.3660157180912918,1.0,2.791583343073726,M=3
FPC 1,181,200,190,train,20,False,0.6175061614887699,0.49637087054187357,0.23652264225213648,0.7250724631838376,0.4919237000909885,0.3563876553111785,1.0,2.804842999279499,M=3
FPC 1,182,201,191,train,20,False,0.6362023683406433,0.5099938132896792,0.37866109794888014,0.8280741090763307,0.5211031776340125,0.36619451696403976,1.0,2.811208383217454,M=3
FPC 1,183,202,192,train,20,False,0.6372258010021593,0.5138334029257823,0.45256424887375035,0.8836188482180052,0.5969865968110597,0.3672209871199144,1.0,2.835752968303859,M=3
FPC 1,184,203,193,train,20,False,0.6452075958783878,0.5336372769594429,0.4921277178660255,0.9288817138126481,0.6379350669412515,0.3725259469882828,1.0,2.8498514608666303,M=3
FPC 1,185,204,194,train,20,False,0.6647114885681487,0.5559932213502233,0.5126565339713549,0.9769083202817095,0.6709317644181534,0.38429078372536696,1.0,2.865799616090954,M=3
FPC 1,186,205,195,train,20,False,0.6646671483689651,0.5558972982185347,0.4868957985184843,0.9520058693876836,0.705400650425308,0.38569369330866643,1.0,2.891739041022957,M=3
FPC 1,187,206,196,train,20,False,0.6660058085097526,0.5601993962191428,0.44523015028150215,0.9174022249140356,0.688133273363235,0.3866187609828581,1.0,2.894308402873576,M=3
FPC 1,188,207,197,train,20,False,0.7078768947426344,0.6135989599740489,0.365229927949442,0.9115651496284374,0.6638401365902395,0.41407912788538026,1.0,2.8959288814291364,M=3
FPC 1,189,208,198,train,20,False,0.6731528192900562,0.5661744813820023,0.4540773259504667,0.9347302553918381,0.6599847435476145,0.39045870539374306,1.0,2.893417835123837,M=3
FPC 1,190,209,199,train,20,False,0.6572156663837385,0.5445157503909341,0.4768808005476751,0.9322787278397839,0.677492214752037,0.3795591757970051,1.0,2.890760122574866,M=3
FPC 1,191,210,200,train,20,False,0.6571719570485552,0.5444881335414425,0.4649420829729416,0.921757803472833,0.6762895744447536,0.37917127036077986,1.0,2.882730071730912,M=3
FPC 1,192,211,201,train,20,False,0.6568610903716704,0.5439612345157913,0.4217650258012098,0.8862567504855033,0.6679282134490011,0.3786515440645659,1.0,2.88849674705416,M=3
FPC 1,193,212,202,train,20,False,0.6293754096437477,0.5107309133494262,0.4674442406600824,0.884841381315944,0.6429978331401051,0.36124351134443444,1.0,2.8933212937787176,M=3
FPC 1,194,213,203,train,20,False,0.6450450465101187,0.5204685138175204,0.44846241200827597,0.8911292194935765,0.6417814551758252,0.369884177913656,1.0,2.8964162333682175,M=3
FPC 1,195,214,204,train,20,False,0.6833928695308581,0.5692733061833093,0.32654455349409617,0.8543861618653764,0.6454001536562176,0.3941875535323044,1.0,2.8960686900094155,M=3
FPC 1,196,215,205,train,20,False,0.6829825745045183,0.5687308641638585,0.23486073741526292,0.8010831126791226,0.6186377215203824,0.39392369523302506,1.0,2.8960662191733717,M=3
FPC 1,197,216,206,train,20,False,0.6732329348790964,0.5575969919543924,0.24349124112289455,0.7941390842752394,0.5860514867259788,0.38711654114646,1.0,2.8894431420788167,M=3
FPC 1,198,217,207,train,20,False,0.6730960899931567,0.5559113898057675,0.23550456602116032,0.7898194368080174,0.5807541086965375,0.3870529760508539,1.0,2.890726984851062,M=3
FPC 1,199,218,208,train,20,False,0.6237948199752915,0.5093658492819897,0.33974402272061044,0.7876327947561256,0.5774831345633314,0.3570743796796045,1.0,2.891229271702468,M=3
FPC 1,200,219,209,train,20,False,0.6118437656936365,0.4941957544406481,0.32898153159705756,0.7663223637719891,0.5760727371306462,0.34976997055727405,1.0,2.884608004130423,M=3
FPC 1,201,220,210,train,20,False,0.6212263456404162,0.5118170738436999,0.32246829674175603,0.7743249479469275,0.5600882641997554,0.3559053934824393,1.0,2.872273680083454,M=3
FPC 1,202,221,211,train,20,False,0.5837752900675172,0.47703197266346714,0.3544971673819711,0.7454779966799494,0.5660682837509647,0.3348543688399167,1.0,2.8640807983651757,M=3
FPC 1,203,222,212,train,20,False,0.5843591686085968,0.47855864780899304,0.3369482010042948,0.7362822503540998,0.5442172680933927,0.3350567734742807,1.0,2.8404588799178603,M=3
FPC 1,204,223,213,train,20,False,0.6000578657096174,0.4938218005014424,0.1802637696779391,0.679977065920478,0.5351912525408807,0.3447477197384476,1.0,2.828340399041772,M=3
FPC 1,205,224,214,train,20,False,0.5776925175178823,0.47028707023765737,-0.08530598749933538,0.5689300070044085,0.4929067645402565,0.3323944107576448,1.0,2.8130224610120056,M=3
FPC 1,206,225,215,train,20,False,0.5740692675455965,0.46005975498214513,-0.1972585642320237,0.5382803411576332,0.411272262236814,0.3284004135403729,1.0,2.785763218849898,M=3
FPC 1,207,226,216,train,20,False,0.6138427191174127,0.497743709779041,-0.19372879957280187,0.5764245517303225,0.38823625917700155,0.35162841475299433,1.0,2.7795261824131012,M=3
FPC 1,208,227,217,train,20,False,0.5724253596654473,0.46459981450105226,-0.03773779179245218,0.5765184981054299,0.4011690727378242,0.3296698533701108,1.0,2.792324004545808,M=3
FPC 1,209,228,218,train,20,False,0.5736626201870422,0.4715972835044432,-0.05932825854953916,0.571846504479046,0.40124888405738535,0.33047502887341784,1.0,2.793512526676059,M=3
FPC 1,210,229,219,train,20,False,0.6586746151127865,0.5316035256832459,-0.10737420422462329,0.6421876101654314,0.3977048606049097,0.3746078897049582,0.95,2.794505182281137,M=3
FPC 1,211,230,220,train,20,False,0.6167887083431972,0.48527728471065334,0.04558523607934195,0.6477479352967315,0.45177930410987366,0.3493411777305562,0.95,2.805831377580762,M=3
FPC 1,212,231,221,train,20,False,0.6227062420536752,0.4932190472595055,-0.11119002071188366,0.6060762282248104,0.45612261795937425,0.35382044919749117,0.95,2.8068847187608483,M=3
FPC 1,213,232,222,train,20,False,0.6519874274131783,0.5275752681753308,-0.11866486701412793,0.6324517798043704,0.4242126336030292,0.37209367513379676,0.95,2.8013822348415856,M=3
FPC 1,214,233,223,train,20,False,0.624963850174068,0.5092009979172776,0.0899780275437535,0.6721514738510376,0.44471412058190524,0.35655856777631956,0.95,2.804066089466214,M=3
FPC 1,215,234,224,train,20,False,0.5909783199480242,0.4806984338446744,0.19474007643367486,0.675680995072967,0.4780134042660127,0.3380805642406528,0.95,2.8122614306956533,M=3
FPC 1,216,235,225,train,20,False,0.5934405147591632,0.4834066541889654,0.18494888020698386,0.6744083920704592,0.48061589938554244,0.33978732750279184,0.95,2.813437361940742,M=3
FPC 1,217,236,226,train,20,False,0.587777995322621,0.4750153907831095,0.23637987645766478,0.6901012885420504,0.4796700394798845,0.3364140639880554,0.95,2.8129068268090487,M=3
FPC 1,218,237,227,train,20,False,0.619358703205916,0.5168255790964663,0.1628123422106481,0.6944948561670934,0.49130952325649907,0.35580780561312775,0.95,2.812923249900341,M=3
FPC 1,219,238,228,train,20,False,0.627252325757473,0.5305463927319134,0.17648910483684355,0.7091625663384795,0.49428855122364834,0.3611198950009512,0.95,2.8139314907789235,M=3
FPC 1,220,239,229,train,20,False,0.6842955211289994,0.5772094558528701,0.2233034508823527,0.7966291740040723,0.5051546586438217,0.3938477056144317,0.95,2.816858829557896,M=3
FPC 1,221,240,230,train,20,False,0.6848294277877709,0.5779238180016578,0.22645352212653125,0.7988723776662299,0.5704503122558915,0.39558678640267253,0.95,2.8397018289566045,M=3
FPC 1,222,241,231,train,20,False,0.7024408032029998,0.6009328505118278,0.2035210111516107,0.8075339064382319,0.5713814057465737,0.40799707588632445,0.95,2.843472218215466,M=3
FPC 1,223,242,232,train,20,False,0.7044969298246041,0.6059423021302774,0.17304648617201024,0.7948345808856812,0.578110272269246,0.4093782054538099,0.95,2.852415246218443,M=3
FPC 1,224,243,233,train,20,False,0.683599320516023,0.5683260313126144,0.22913039007610547,0.798820786514823,0.5698505847111464,0.39473974262243694,0.95,2.859847783595324,M=3
FPC 1,225,244,234,train,20,False,0.7327392181046031,0.6132911423049542,0.1907990819604345,0.8357174119684974,0.5724323455710583,0.4257092454777017,0.95,2.8642376511543994,M=3
FPC 1,226,245,235,train,20,False,0.7882337020139384,0.6733664507828282,0.23055356411100825,0.9219428508990927,0.5987576949632307,0.4611593355062884,0.95,2.887791070453823,M=3
FPC 1,227,246,236,train,20,False,0.7763380421487053,0.6630309639767539,0.19167603422453905,0.8859237362081861,0.6533677877445255,0.4486896734529899,0.95,2.949788198210299,M=3
FPC 1,228,247,237,train,20,False,0.7722099467236551,0.6525492082196659,0.14605237286829542,0.8573496417520903,0.6353757770147653,0.44503652008091904,0.95,2.9916988614574076,M=3
FPC 1,229,248,238,train,20,False,0.7763212671496996,0.6637752969712623,0.06463778688674204,0.8235496187249868,0.6149080431823863,0.44836886059404274,0.95,3.0195569835603235,M=3
FPC 1,230,249,239,train,20,False,0.7046960339708725,0.6010986318336451,0.227884391003897,0.8228086687009519,0.5899588771361822,0.4049024572750756,1.0,3.0402384300157426,M=3
FPC 1,231,250,240,train,20,False,0.7058288011041465,0.6060147854463201,0.2268291249769927,0.823568694738466,0.5891578844860809,0.4054499259710315,1.0,3.03693637739867,M=3
FPC 1,232,251,241,train,20,False,0.6972921633595979,0.5905024649930474,0.2212323221846072,0.8106791857566824,0.5896771628544443,0.3989431386963707,1.0,3.03594563331455,M=3
FPC 1,233,252,242,train,20,False,0.6868317700141526,0.5814055697245207,0.2444542502311554,0.8106962974808107,0.5798130718583331,0.3922597059135832,1.0,3.035666078440845,M=3
FPC 1,234,253,243,train,20,False,0.676099930216049,0.5700003229723656,0.3128057283166429,0.8367762074405959,0.5798251437266311,0.3856335062173971,1.0,3.0362670388445254,M=3
FPC 1,235,254,244,train,20,False,0.6780236592576633,0.5727849226973188,0.3102528566109417,0.8376027425867633,0.5992835134832968,0.386206482062953,1.0,3.0249571569636466,M=3
FPC 1,236,255,245,train,20,False,0.666342039537136,0.5482835050858906,0.28109045870488003,0.8063030216880979,0.5999162492355117,0.3774434752899177,1.0,3.025674276836216,M=3
FPC 1,237,256,246,train,20,False,0.6628110101987645,0.5361331897105814,0.1659223643507347,0.744602813952194,0.5767404554532478,0.37461918745928646,1.0,3.0270106634870175,M=3
FPC 1,238,257,247,train,20,False,0.6796647047372104,0.5475782321726448,0.3628712333121822,0.8736134418947055,0.5330005535535002,0.384579012180345,1.0,3.027062409333885,M=3
FPC 1,239,258,248,train,20,False,0.766382793845099,0.6057610118541457,0.1864017585831108,0.8717238786553224,0.6180791140254936,0.43203228631513435,0.95,3.036556495986879,M=3
FPC 1,240,259,249,train,20,False,0.7221537603990072,0.5693564674090142,0.2859130080558481,0.8767833892377689,0.6166705953317504,0.4045030334901843,0.95,3.038755241595209,M=3
FPC 1,241,260,250,train,20,False,0.7203967790373947,0.5667863477624165,0.3692027786430858,0.9306043407256694,0.6205889992767155,0.40172845045904,0.95,3.0148719949647784,M=3
FPC 1,242,261,251,train,20,False,0.7155295021805238,0.5618777594971245,0.3847394592889698,0.9359145756900266,0.660471887269455,0.3984201713949821,0.95,3.0108842131122944,M=3
FPC 1,243,262,252,train,20,False,0.7164895590868912,0.5637977242102996,0.41478166728231114,0.9609241366667289,0.6643374761452445,0.39944538097991633,0.95,3.0017737152799966,M=3
FPC 1,244,263,253,train,20,False,0.7218845123620314,0.5830303280543059,0.46152513091453184,1.0093068065303805,0.6828863681379871,0.40330148548940237,0.95,2.9933769998326896,M=3
FPC 1,245,264,254,train,20,False,0.6783690807493773,0.5482370165405331,0.5550122171893695,1.043350428298721,0.7174385379808653,0.37700532478758053,0.95,2.9910666331276294,M=3
FPC 1,246,265,255,train,20,False,0.649326582620388,0.5312219345939473,0.4883249295353582,0.9313314118564534,0.7359701317473255,0.363751570879669,0.95,2.9767527378350502,M=3
FPC 1,247,266,256,train,20,False,0.6504635787865918,0.5321385084118602,0.3391428389299438,0.8209323715990594,0.6598164828021535,0.3685887200659433,0.95,2.9160838210582734,M=3
FPC 1,248,267,257,train,20,False,0.6748606362662875,0.5635670568911365,0.08122280073450494,0.7223491896022973,0.5854646304725676,0.38393891380721173,0.95,2.8604482550173995,M=3
FPC 1,249,268,258,train,20,False,0.671179583970002,0.5557736007680418,-0.22041845763784207,0.6233364902107268,0.5127934497359949,0.381477160875923,0.95,2.8328718581423162,M=3
FPC 1,250,269,259,train,20,False,0.6720123148748274,0.5580795683221726,-0.387902657652166,0.5852425923966976,0.438572943416198,0.3805511981215645,0.95,2.810521778613329,M=3
FPC 1,251,270,260,train,20,False,0.7161883408096045,0.6038723674100722,-0.4627663492068017,0.6075443180390143,0.409388348744011,0.4094755272595486,0.95,2.8044452932477,M=3
FPC 1,252,271,261,train,20,False,0.7518144734019099,0.6447489817330445,-0.12884174158778516,0.72599285995488,0.42690211898405345,0.43305853309084696,0.95,2.807221150994301,M=3
FPC 1,253,272,262,train,20,False,0.7526088392796161,0.6455867970812285,-0.18138036442604055,0.7104158428203483,0.5158362097938761,0.4349728028539558,0.95,2.832653831802309,M=3
FPC 1,254,273,263,train,20,False,0.772993563482288,0.6666593481728483,-0.18830390345990522,0.7275290063078896,0.5038318491334778,0.4500396482436887,0.95,2.8294716543331746,M=3
FPC 1,255,274,264,train,20,False,0.8224520372512945,0.7094034239754573,-0.28623239420710744,0.7440276175969367,0.5162611280598353,0.48325818200602944,0.95,2.830165256597102,M=3
FPC 1,256,275,265,train,20,False,0.8398081485020772,0.7437976655469273,-0.17342025102649172,0.795410815638211,0.5288741100640922,0.4978297840624668,0.95,2.8329050632938744,M=3
FPC 1,257,276,266,train,20,False,0.8459732394530006,0.7632915905689868,-0.05877659128354984,0.8435147033959446,0.5678203631211308,0.503257288063276,0.95,2.843580492548645,M=3
FPC 1,258,277,267,train,20,False,0.8095804879267988,0.7134812974053415,-0.050965579101331926,0.8102219108722141,0.6039178611799101,0.47464651791980234,0.95,2.853942994289101,M=3
FPC 1,259,278,268,train,20,False,0.7280617039050777,0.6553506556688049,0.1823891433807886,0.8261008333949745,0.5852360443773668,0.4270683530940162,1.0,2.8517854333296424,M=3
FPC 1,260,279,269,train,20,False,0.7186141869572146,0.6351336238319012,0.2236142167402091,0.8367489905129164,0.5973009441799815,0.4195608612625553,1.0,2.8551628296449785,M=3
FPC 1,261,280,270,train,20,False,0.7757900008659196,0.6811787268430551,0.2028090635894264,0.8914586407112367,0.6048412913691549,0.45459176166196597,1.0,2.863030610196293,M=3
FPC 1,262,281,271,train,20,True,0.7616434579303816,0.6513394751834738,0.26241017554472745,0.909876514141809,0.6429753624874933,0.4447314701334146,1.0,2.901556544415653,M=3
FPC 1,263,282,272,train,20,True,0.8331179646252928,0.7102917427814355,0.2495431538075935,0.9866925173755622,0.656568454815659,0.48934297992168074,0.95,2.9122664165124297,M=3
FPC 1,264,283,273,train,20,True,0.8466275408345608,0.7296121914404625,0.26153895888001544,1.010803635428954,0.7052002221801952,0.49712307029213365,0.95,2.972517755366862,M=3
FPC 1,265,284,274,train,20,True,0.8393907025899482,0.7125063745311102,0.11593239591275917,0.9159243682049393,0.7183878260811795,0.4936254964720453,0.95,3.02658799957484,M=3
FPC 1,266,285,275,train,20,True,0.8289796558265267,0.7024338983015866,0.13776655921820202,0.9159455112899,0.6562835180873748,0.48519867483115214,0.95,3.032370662242174,M=3
FPC 1,267,286,276,train,20,True,0.8493975365046721,0.7197648729130581,-0.019043407197458784,0.8632823318521664,0.6561379445441322,0.4968527561398541,0.95,3.0560983305051925,M=3
FPC 1,268,287,277,train,20,True,0.9899349831865905,0.7993327198217297,0.0552481973952218,1.0449271290307902,0.616406308747146,0.5662943268823424,0.9,3.1071653202548624,M=3
FPC 1,269,288,278,train,20,True,1.0152596303255816,0.8391327183779407,0.04498632176723116,1.0658854139114904,0.6763722278500365,0.5794032635281686,0.9,3.2582823756709693,M=3
FPC 1,270,289,279,train,20,True,1.0186397590953207,0.8486587147409772,-0.03220524784147494,1.0286693250343952,0.6741353575519993,0.5826179655890629,0.9,3.36701732788235,M=3
FPC 1,271,290,280,train,20,True,0.9882414529677221,0.8035952704032061,0.014850081900539158,1.0215275916588145,0.6448701314232314,0.5544473108650431,0.9,3.428035140298307,M=3
FPC 1,272,291,281,test,20,True,0.9822797715308861,0.7976567419975129,0.040556123535345656,1.0288773584600883,0.6416327105088184,0.5478019543561417,0.9,3.451411933600903,M=3
FPC 1,273,292,282,test,20,True,0.9850751279002475,0.8012850111270401,-0.02832444072997653,0.9966495432720146,0.6480203772691672,0.5460722049208896,0.9,3.474292030967773,M=3
FPC 1,274,293,283,test,20,True,0.9695668239221962,0.7809475040624696,-0.4969782232906541,0.813033054738101,0.6249395076335995,0.5293672744517854,0.9,3.525096816010773,M=3
FPC 1,275,294,284,test,20,True,0.9835233495151325,0.7903807324665805,-0.5919339873350304,0.7997612257670964,0.47769149740536593,0.5346229135876762,0.85,3.5668515420332554,M=3
FPC 1,276,295,285,test,20,True,0.9732545344571493,0.7734751136616428,-0.594709550421715,0.7907220243709137,0.46314966361673704,0.5318220953184544,0.85,3.6519532468542457,M=3
FPC 1,277,296,286,test,20,True,0.9704483644561919,0.7665166921393554,-0.4302824923455437,0.8325296670909598,0.456302730850666,0.5303552915183327,0.85,3.656365634687245,M=3
FPC 1,278,297,287,test,20,True,0.9756987827530619,0.7844062165967696,-0.16846441486666874,0.9260751170876463,0.4912703594940983,0.5358591225508478,0.85,3.6488298794254668,M=3
FPC 1,279,298,288,test,20,True,0.9719123810493943,0.7753250328741552,0.11048675120927554,1.0572777711018853,0.5706909949271362,0.5321391137716576,0.85,3.640865089036525,M=3
FPC 1,280,299,289,test,20,True,0.9848888099741917,0.8048058778703009,0.145323211420624,1.093010781215763,0.6757735036581132,0.5452133419331243,0.85,3.6308906004205346,M=3
FPC 1,281,300,290,test,20,False,0.9512529794305702,0.7749154218229021,0.22770162649296366,1.1105590800329497,0.7040180973258403,0.5202759807440489,0.85,3.624736755155027,M=3
FPC 1,282,301,291,test,20,False,0.9616692552651087,0.8033490767115653,0.21204683654409695,1.111510903766422,0.7142908127344517,0.528936762032473,0.85,3.5945414851233357,M=3
FPC 1,283,302,292,test,20,False,0.899319734710811,0.7414540894812505,0.33872111588283693,1.13464497342289,0.7149054061529307,0.4837812325530749,0.9,3.5941301358863718,M=3
FPC 1,284,303,293,test,20,False,0.8826041503097752,0.7082232037169314,0.3858328428342428,1.155475837758731,0.7297950284832277,0.47216108863847894,0.9,3.5358733719959856,M=3
FPC 1,285,304,294,test,20,False,0.9358748439964103,0.76915555740333,0.3087034263139494,1.1548451875750756,0.7431437567722399,0.5105431394952405,0.85,3.482406509779394,M=3
FPC 1,286,305,295,test,20,False,0.9293660184114708,0.760109499444398,0.31803288815535635,1.1546311518970882,0.7433829588383373,0.5045770745248116,0.85,3.4877639793232094,M=3
FPC 1,287,306,296,test,20,False,0.8942411927693881,0.7151541807935964,0.3538370935324997,1.1413579211765865,0.7430815881264226,0.4774057492318769,0.85,3.4864160194620495,M=3
FPC 1,288,307,297,test,20,False,0.7965451464953951,0.6740418415642582,0.35551195973245386,1.0179844915158276,0.7313588420556756,0.4408289733632699,0.85,3.4473820148035883,M=3
FPC 1,289,308,298,test,20,False,0.803946080278662,0.6794740305671807,0.29695850767967247,0.9837271119672939,0.6935067753775963,0.4506945882550877,0.85,3.3645793104544284,M=3
FPC 1,290,309,299,test,20,False,0.7974545677613817,0.6572225948559411,0.2721155512271136,0.958987457148946,0.68046732022887,0.44973479139556555,0.85,3.3427950196340683,M=3
FPC 1,291,310,300,test,20,False,0.8446467705222482,0.7091767866860941,0.22643270478883049,0.9852904492308177,0.6647537718911024,0.48098123041708235,0.85,3.309593777693808,M=3
FPC 1,292,311,301,test,20,False,0.8564473949645106,0.7189460099356483,0.25375824787524226,1.0171830579642687,0.6811260277750164,0.48617419548608465,0.85,3.341591902077198,M=3
FPC 1,293,312,302,test,20,False,0.8390140797077584,0.6891780999308139,0.27019915062022604,1.0076396862566304,0.6983086330590422,0.4757254889631314,0.85,3.3756099897623058,M=3
FPC 1,294,313,303,test,20,False,0.8332443150231349,0.6779477623117762,0.26750196751394406,0.9988662179989388,0.6920208606596541,0.4721598259888692,0.85,3.359934953525663,M=3
FPC 1,295,314,304,test,20,False,0.7846036407523561,0.6455745105195084,0.2762613734675622,0.9462320203793707,0.6854181025921744,0.44503329258407287,0.9,3.339998941235245,M=3
FPC 1,296,315,305,test,20,False,0.7791439326154334,0.6293312354583019,0.28647371433396696,0.9463480727880091,0.6577660172252912,0.4342543991359924,0.9,3.287696355432272,M=3
FPC 1,297,316,306,test,20,False,0.7758241828215373,0.6145002439780944,0.27696707096066364,0.9361004879207969,0.6579087328803107,0.43099827854999384,0.9,3.288210467584432,M=3
FPC 1,298,317,307,test,20,False,0.7782975970896844,0.6183234633484564,0.2519928166534423,0.9232748439421704,0.650362316935072,0.4331988112277639,0.9,3.2919891759380704,M=3
FPC 1,299,318,308,test,20,False,0.7757211933633898,0.6095063210778687,0.16182577255864328,0.8693140580547208,0.6405617526920636,0.4309191019087516,0.9,3.2924550565704704,M=3
FPC 1,300,319,309,test,20,False,0.7853200587117151,0.6186748918105687,0.07510603398508153,0.8377972194810556,0.6003615043851914,0.43739233488209733,0.9,3.2934134547039866,M=3
FPC 1,301,320,310,test,20,False,0.7686874606151386,0.5955753167632081,0.18529467760327567,0.8737510631611843,0.5760964337105505,0.42477272262868127,0.9,3.2992261574044823,M=3
FPC 1,302,321,311,test,20,False,0.8099075720761644,0.6291130276877064,0.09282068919889952,0.8724229630789068,0.6037716892549501,0.4522139757895166,0.9,3.2926094194129107,M=3
FPC 1,303,322,312,test,20,False,0.8077026716221726,0.62185887059879,0.045071512786734935,0.8480164797156035,0.6031355187222162,0.4498416884205656,0.9,3.295798476301134,M=3
FPC 1,304,323,313,test,20,False,0.8074140613291103,0.6192676068068147,0.007075637130647738,0.8313356839623938,0.5848769117863426,0.4500872847744203,0.9,3.3030509043112404,M=3
FPC 1,305,324,314,test,20,False,0.7464829736375904,0.5630436123201094,0.2501220225408435,0.8844286531485775,0.5719261444599723,0.409938422355326,0.95,3.3032999381795527,M=3
FPC 1,306,325,315,test,20,False,0.7725065241985938,0.5871103752054433,0.4199346255274672,1.0406432755319797,0.6114704992288115,0.4293039583337059,0.95,3.284519824162126,M=3
FPC 1,307,326,316,test,20,False,0.7741347491932983,0.5912488908516483,0.5411401743209057,1.1725051038982623,0.7197582160398063,0.43081725723598874,0.95,3.26875053729862,M=3
FPC 1,308,327,317,test,20,False,0.7180036203190168,0.5582059182260968,0.5876483867820217,1.1471784561753513,0.8099501148520142,0.4024745130636478,1.0,3.2619758004322654,M=3
FPC 1,309,328,318,test,20,False,0.6771549810452329,0.5216092612406242,0.6084380493127552,1.1102634245308238,0.7953900619473199,0.3826716254038411,1.0,3.192220836095512,M=3
FPC 1,310,329,319,test,20,False,0.6787606119341778,0.531503433292925,0.6231808776377163,1.134457845854181,0.779332223121494,0.3798635759853227,1.0,3.106037711165846,M=3
FPC 1,311,330,320,test,20,False,0.6294040060717081,0.49606402737787236,0.633159799135812,1.0661768265978868,0.7966580412423382,0.35486326517920275,1.0,3.0785090104117994,M=3
FPC 1,312,331,321,test,20,False,0.6033687752474857,0.47930397249449097,0.6065800832785103,0.9869447874904468,0.7522020162012552,0.34710332278631323,1.0,3.015405394174159,M=3
FPC 1,313,332,322,test,20,False,0.7435183712568582,0.5670225737465657,0.3392540378298837,0.9384532490037092,0.7070242123298305,0.41354346629400124,0.95,2.9354853823408487,M=3
FPC 1,314,333,323,test,20,False,0.7565758212613803,0.5862449450861089,0.3037028309626113,0.930236423976463,0.6733945708687034,0.42285920530409526,0.95,2.909036493636668,M=3
FPC 1,315,334,324,test,20,False,0.731743842546133,0.5534851522022713,0.26379120246180476,0.8749772728405428,0.667611810823813,0.40655744341940264,0.95,2.905769269876182,M=3
FPC 1,316,335,325,test,20,False,0.7317699714442965,0.5536721601775667,0.20309640327113798,0.8410269021108355,0.6296994512946448,0.40629335997732535,0.95,2.880066011399031,M=3
FPC 1,317,336,326,test,20,False,0.7324096723943991,0.5593492791161243,0.17433048676467555,0.826968836418201,0.6043744621207227,0.4063809159355077,0.95,2.8680746782943607,M=3
FPC 1,318,337,327,test,20,False,0.7224426541673219,0.5348583028101024,0.19645497538972645,0.8268685401883921,0.5939110414487949,0.39804873500676813,0.95,2.86115014936775,M=3
FPC 1,319,338,328,test,20,False,0.7227629069863954,0.5363618840129709,0.19501198006446507,0.8264933142225913,0.5938259555133293,0.39828708500725785,0.95,2.8611424482986334,M=3
FPC 1,320,339,329,test,20,False,0.6967091297542177,0.5056112665733329,0.24637758754898942,0.8234036657156973,0.5934972906008465,0.38034339012619006,0.95,2.860152448676527,M=3
FPC 1,321,340,330,test,20,False,0.7544145999898937,0.5559454113267799,0.1561107101924103,0.8425691319124937,0.5918728559701737,0.41679646242558316,0.95,2.8536148341372614,M=3
FPC 1,322,341,331,test,20,False,0.7200028323096734,0.5321903537092065,0.24693188004033562,0.8512463658137033,0.6061564149971581,0.39618917785985086,0.95,2.860633847676218,M=3
FPC 1,323,342,332,test,20,False,0.7303416249756556,0.5522452671248589,0.1844092747660101,0.829713414402916,0.6124375098275491,0.4050937582365048,0.95,2.864768173210323,M=3
FPC 1,324,343,333,test,20,False,0.7378661905789314,0.5727635330640631,0.16972918310091611,0.8308180474729402,0.5961609074569253,0.4104537500876494,0.95,2.8579468049481513,M=3
FPC 1,325,344,334,test,20,False,0.7609120518534529,0.6026242604608256,0.1826463599319692,0.863510573196429,0.5969970050346147,0.42708446634430697,0.95,2.8598435180261736,M=3
FPC 1,326,345,335,test,20,False,0.723046282914457,0.5526259649926811,0.15487164151467292,0.8069431843128211,0.6212712487293124,0.40043949294887166,0.95,2.8723339836671946,M=3
FPC 1,327,346,336,test,20,False,0.7192366986456895,0.540236365075005,-0.048831562100278836,0.7205384522179781,0.5842569443875258,0.3974511500053598,0.95,2.8695732192322607,M=3
FPC 1,328,347,337,test,20,False,0.7678049822232871,0.569585104762653,-0.0249457813174625,0.7781058440341538,0.5287421581493673,0.4238247116389715,0.9,2.863860260285437,M=3
FPC 1,329,348,338,test,20,False,0.7706798086983785,0.5743856271464793,-0.0173447061773917,0.7839314960921671,0.5690793890014444,0.4250201813074847,0.9,2.897091587074101,M=3
FPC 1,330,349,339,test,20,False,0.7848112921230092,0.5986972018668056,-0.10776262896500355,0.7650328530620205,0.572399163810609,0.4349786345724125,0.9,2.926332433111966,M=3
FPC 1,331,350,340,test,20,False,0.853450272693629,0.6508497298704754,-0.011313572113217152,0.8707099373032977,0.5579734645876946,0.47526731900042424,0.85,2.9591598163917663,M=3
FPC 1,332,351,341,test,20,False,0.8839260844669682,0.6762180687875288,-0.03997043816087609,0.889290494431195,0.6145386616343893,0.4875149001986907,0.85,3.0485801773145793,M=3
FPC 1,333,352,342,test,20,False,0.7750853414833485,0.6011139061766533,0.272428956184531,0.9322878356271435,0.605409722972518,0.4232051903727153,0.9,3.1486033774539828,M=3
FPC 1,334,353,343,test,20,False,0.7725067164187526,0.5981447870380817,0.3154875049624202,0.9579652850396411,0.635324168451503,0.4194460495677138,0.9,3.1973025806620714,M=3
FPC 1,335,354,344,test,20,False,0.772102516609699,0.5967414369919798,0.32405119227811396,0.9635100793207488,0.6535358558280325,0.4195302085197207,0.9,3.228292046636343,M=3
FPC 1,336,355,345,test,20,False,0.7721408775353024,0.5970185561605036,0.31540248619901623,0.9574521603013675,0.6585501512024942,0.420195217670429,0.9,3.2422757909446958,M=3
FPC 1,337,356,346,test,20,False,0.7832748125231429,0.620294109761812,0.3159961035634167,0.9716795683041969,0.6543245784958888,0.4294960159784617,0.9,3.245987816154957,M=3
FPC 1,338,357,347,test,20,False,0.7865208013393497,0.6339028340394588,0.3557942556787166,1.0053935942531085,0.6654010848557191,0.4325415358409851,0.9,3.2459921266138556,M=3
FPC 1,339,358,348,test,20,False,0.8019576365530647,0.661475146752844,0.3142373396825776,0.9935796948981662,0.6908721153743081,0.44555372096081935,0.9,3.2449512934684757,M=3
FPC 1,340,359,349,test,20,False,0.7998987837020944,0.6539206659423217,0.25721805892715943,0.9522315474859004,0.6817052113681035,0.4436807129805624,0.9,3.248087516576052,M=3
FPC 1,341,360,350,test,20,False,0.8092793784227651,0.6593525740354567,0.23946586802272773,0.9520884939235424,0.6499982820650625,0.44844319580147135,0.85,3.249628046751023,M=3
FPC 1,342,361,351,test,20,False,0.7929395350624772,0.63820066498578,0.2695290897821724,0.9518681742146333,0.6510592211389602,0.43541574537698685,0.85,3.262378985695541,M=3
FPC 1,343,362,352,test,20,False,0.7845176901490926,0.6221523687957096,0.2659776373200967,0.9394773036700155,0.6508437930566335,0.4282390569493937,0.85,3.26177926927805,M=3
FPC 1,344,363,353,test,20,False,0.778736009745761,0.6089548627096728,0.30838271313960075,0.9607171310836484,0.6413374631208727,0.42383568631065865,0.85,3.264820827916264,M=3
FPC 1,345,364,354,test,20,False,0.7978272001965265,0.6236522000065948,0.27416739504261056,0.9607907192316659,0.6577802008345479,0.4369855166473551,0.85,3.260989258214831,M=3
FPC 1,346,365,355,test,20,False,0.7977569489421437,0.6225521345648614,0.2748598998336915,0.9611647435634862,0.6577227071081715,0.43684358728021166,0.85,3.259331093654037,M=3
FPC 1,347,366,356,test,20,False,0.8007234417010795,0.6338163425391381,0.25867420297096577,0.9541489653823868,0.6579964258590041,0.4391768276036398,0.85,3.259179081246257,M=3
FPC 1,348,367,357,test,20,False,0.7337774817031413,0.5834926984434581,0.3673461529061317,0.9464975641639244,0.6527437261269753,0.398101812883815,0.9,3.261644076108932,M=3
FPC 1,349,368,358,test,20,False,0.7504162909424935,0.6014368565208945,0.3309204707016521,0.9412426104977494,0.6456287605153771,0.41048224939093386,0.9,3.238175466731191,M=3
FPC 1,350,369,359,test,20,False,0.7836202104691953,0.6279555530707556,0.29559122944719707,0.9579248693530288,0.641388148877898,0.4315012138919904,0.9,3.2289744588360194,M=3
FPC 1,351,370,360,test,20,False,0.7013778181908,0.5650139933198888,0.34951279564534266,0.8922177215046613,0.6524514710528405,0.38583924330668484,0.95,3.248239325545728,M=3
FPC 1,352,371,361,test,20,False,0.6440296706175791,0.518843472065406,0.27933400401942554,0.7783538140735192,0.6160515791621796,0.36074350416775536,0.95,3.1899198731034994,M=3
FPC 1,353,372,362,test,20,False,0.6571886120799151,0.5332329668531072,0.17047445621409785,0.7403095378168506,0.5582441076161104,0.3686933783176087,0.95,3.108860212229193,M=3
FPC 1,354,373,363,test,20,False,0.6462173363806449,0.5189062776851844,0.08582748845597021,0.6934301539153428,0.535616254576646,0.36595426962557237,0.95,3.0818480205163366,M=3
FPC 1,355,374,364,test,20,False,0.6447017619762231,0.5117663656987721,0.05879227030625034,0.681795784855604,0.5046528330125808,0.3644511023366414,0.95,3.0367484265938405,M=3
FPC 1,356,375,365,test,20,False,0.6694104310319295,0.5469476277249633,-0.011013737478795083,0.6830494475471577,0.49594560261233606,0.37930376311682634,0.95,3.014125015847385,M=3
FPC 1,357,376,366,test,20,False,0.6701331959011956,0.5477377480000487,-0.11218548748548707,0.6519446372107328,0.4970141918367892,0.37881655611502707,0.95,3.0159020710363986,M=3
FPC 1,358,377,367,test,20,False,0.6681395631599412,0.5428823690956027,-0.472898488472137,0.5648315898490598,0.47372108961147447,0.378134736807187,0.95,3.031511112712324,M=3
FPC 1,359,378,368,test,20,False,0.6486559871611711,0.5106858820046352,-0.39233706736526375,0.5640017295143206,0.40849932206613726,0.3648659941031182,0.95,3.0366642278060323,M=3
FPC 1,360,379,369,test,20,False,0.650092954739588,0.5155593789637474,-0.2442431027326475,0.5979447207357472,0.4078533718089353,0.3660204568227842,0.95,3.0356052447482953,M=3
FPC 1,361,380,370,test,20,False,0.5913407166060403,0.48292365333038534,-0.03431752341448657,0.5965530072307496,0.43363126673200425,0.3376545105362269,1.0,3.0339919380471114,M=3
FPC 1,362,381,371,test,20,False,0.5844517494576974,0.4656889019403542,0.03651671109823984,0.6108924631573545,0.432287254656186,0.3337710387517541,1.0,3.0178913639485843,M=3
FPC 1,363,382,372,test,20,False,0.7448458481932734,0.5570422480246329,-0.32587591961006,0.66367148316219,0.4428867568148435,0.4066032996233472,0.95,3.001283314712346,M=3
FPC 1,364,383,373,test,20,False,0.7958295582405733,0.6100666327712689,-0.2472806915114396,0.7310989549643546,0.4779969612422768,0.43660888800189185,0.95,3.045170894674958,M=3
FPC 1,365,384,374,test,20,False,0.8067714354469199,0.6171286346353626,0.03844847896292469,0.8441165804729805,0.5124730929037259,0.434592761549138,0.95,3.1241147272661336,M=3
FPC 1,366,385,375,test,20,False,0.8721086714336829,0.689216760785159,0.12637946899852792,0.9572985170679067,0.5734319854516134,0.4680639292009987,0.95,3.213793731741608,M=3
FPC 1,367,386,376,test,20,False,0.9071716740172135,0.7312014059980216,0.17406300608552328,1.0241279506661212,0.6274442812035134,0.48481515472216036,0.95,3.3313409124687317,M=3
FPC 1,368,387,377,test,20,False,0.937917992435929,0.7645395018725362,0.20155248532322267,1.0769111606497945,0.6627313538296332,0.4991969181474105,0.95,3.4337226862087844,M=3
FPC 1,369,388,378,test,20,False,0.9386205450673651,0.7652927792872177,0.24518613430303282,1.1084301202874456,0.6923995099121154,0.49327481461471107,0.95,3.5297675639763484,M=3
FPC 1,370,389,379,test,20,False,0.9035520281775322,0.7269255857453835,0.3008465087448352,1.1086771509285918,0.713448138645458,0.465545874784053,0.95,3.5950811795145277,M=3
FPC 1,371,390,380,test,20,False,0.9306296844139585,0.7625519052320053,0.27947135527024236,1.124836688179483,0.7136195270211573,0.4848539286320775,0.95,3.596269590184093,M=3
FPC 1,372,391,381,test,20,False,0.9655699592869591,0.8043744427977568,0.2614544034151087,1.1527451041149734,0.7253199244869469,0.5085648327788345,0.95,3.635030295886099,M=3
FPC 1,373,392,382,test,20,False,1.070853547866298,0.8773625250850877,0.23450413345390198,1.2557316838826542,0.7437284826028234,0.565612244337667,0.9,3.7039400245249277,M=3
FPC 1,374,393,383,test,20,False,1.1329048517694482,0.9441524935518559,0.20477459721728253,1.3034263957812418,0.779846227855409,0.5935199756627982,0.9,3.8298790913075216,M=3
FPC 1,375,394,384,test,20,False,1.1898643162810676,1.0222718481361097,0.1328119737991823,1.3109284882267718,0.7942613254876871,0.6263039705218438,0.9,3.9727573535591363,M=3
FPC 1,376,395,385,test,20,False,1.2211207894406384,1.0552387358722715,0.10119327534008182,1.3214893453929666,0.7876154070522368,0.6372698305506911,0.9,4.10952020391822,M=3
FPC 1,377,396,386,test,20,False,1.2289134771433234,1.0679980940959477,0.07205162428116263,1.3088732635555855,0.7922395733367262,0.6388014132432568,0.9,4.232020815089347,M=3
FPC 1,378,397,387,test,20,False,1.2417901654043775,1.0981447402925517,-0.045629537994413605,1.2459410416099734,0.7900486153936312,0.6478516156997187,0.9,4.310236702412367,M=3
FPC 1,379,398,388,test,20,False,1.2868636604535213,1.1699085435198238,-0.33009047069515374,1.1448013777709183,0.7533681721445606,0.6867887231185117,0.9,4.383093715757132,M=3
FPC 1,380,399,389,test,20,False,1.2916568144468505,1.1855064069382553,-0.9617156264137925,0.9461659417425057,0.6861887387446317,0.6913241172500766,0.9,4.494451020509006,M=3
FPC 1,381,400,390,test,20,False,1.2879549638600056,1.1789229183374152,-1.6821954234559349,0.8068516027268836,0.542512887897485,0.6833769705661085,0.9,4.564753386452795,M=3
