8.812017161665748333e-01,2.976466183036309832e-01,-2.513164942768952859e-01,-4.781828333247254426e-01,-2.954021451471650628e-01
6.171153275774435981e-02,4.267787627918683269e-01,-2.802789878530052015e-01,-5.767626594225240266e-01,-3.224531844500267419e-01
1.563907614002630897e-01,6.399501585501968792e-01,6.703758572056878196e-02,-2.369303270310182952e-01,-6.693558280049554110e-01
-4.455776599627824797e-01,-2.578954504953145932e-01,2.461168074039769282e-01,5.769663154481501077e-02,-2.976117014124927268e-03
-3.355430152332692928e-01,4.796829996960692011e-01,6.997276332068085303e-01,-7.985642932459509347e-02,4.020092185887221281e-01
-4.105396288136001215e-01,-1.831286736079791849e-03,7.688146770400065000e-01,4.922332287568619708e-02,6.610911037561815196e-01
-1.071683787651293018e+00,5.992809095222760840e-01,2.129737936179333657e-01,-1.527648544353630566e-01,5.077115673711948274e-01
1.358752752989119905e+00,-4.690331168842876708e-01,2.052888887299016418e-01,-2.140730220019009811e-01,2.859395559373457685e-01
1.139414156528067101e+00,-2.749760748265993038e-01,5.577249188476699482e-01,-2.653032150223584851e-01,-1.349673998400008068e-01
5.632855472996090018e-01,-4.903507842981221221e-01,7.764027721989066322e-01,-3.761737732636170062e-01,1.755076373989895855e-01
-4.459303001259929539e-02,-2.804343125137832571e-01,3.454725824205339690e-01,-1.771053128214009620e-01,-2.010724331413714719e-02
-5.761547692911482554e-02,-1.069303637589506639e+00,1.518788795430001670e-01,-4.187754640438890452e-01,-2.395981495156234743e-03
-3.436535849660504183e-01,-1.413203586295555203e+00,1.433970548545150936e-01,-8.512672905802760870e-02,9.721015506869090054e-04
2.251563864269149062e-01,-9.071056364485177159e-01,2.586656266362320072e-02,7.088373964280002271e-02,-4.529703798831602457e-02
8.997504782449856631e-01,-7.165050237655737897e-01,6.534890623066184068e-01,-1.977289359453070217e-02,-1.403745076946731063e-01
1.593929640155170357e+00,3.537874472641179269e-01,4.937333930099552792e-01,1.989666273745236691e-01,6.782265483182095545e-02
1.152692494120574063e+00,7.040292973934345611e-01,1.109803788048578932e-01,1.767980132425119311e-01,-2.158242667917748339e-02
6.763294883017781922e-01,7.034880019546850827e-01,-8.539999070798651171e-02,-4.246296965699649650e-01,-5.963247448610781848e-02
9.347849691295184726e-01,1.473243081254966003e-01,-7.185940158374302111e-01,-3.050505376390360082e-02,-2.239882393631265067e-01
3.344031959319253011e-01,2.941609501951039651e-01,-7.785120800212556036e-01,-1.293092537200692393e-01,-3.069590722620110790e-01
1.522084168051334729e-01,1.088605290831782035e+00,-1.085574124378584637e-01,2.444506852610988656e-01,-2.508304391112344267e-01
-4.856484217515951718e-01,1.269444182248722797e+00,-3.574124769460264583e-01,3.546102071160643909e-01,6.197869247291156597e-02
-1.555029424834220540e-02,6.494471714597189749e-01,-2.237457007140849496e-01,4.462792047853543775e-01,1.285517712344270425e-01
-3.583160629533130859e-01,5.952032898949487505e-01,2.401424675150515831e-01,2.047016671659144804e-01,-1.163453689690821663e-01
3.165559587421570287e-01,6.028745390426202277e-01,4.503996868923194064e-01,5.568781196291352487e-01,-2.377104423254506327e-01
-4.861170257416939644e-01,4.687123045105897612e-01,3.091740047561123417e-01,4.250429310799817006e-01,-2.051205542948619232e-01
4.939365570291116003e-01,2.302497447779353335e-01,-5.499355229865660055e-01,1.810292587026222089e-01,-3.181621918337917965e-02
7.822427971054480844e-01,-4.997838094840920814e-02,-3.960076157431492994e-01,6.207682958829567887e-01,-5.211505431525251253e-02
2.483641439527253525e-01,6.231340778566470950e-01,-4.422843079060595484e-01,4.273437476580478900e-01,-2.054687318691266473e-01
8.887061382405181398e-01,4.860744753900569370e-01,-2.198645019765761988e-01,-4.345744100174081526e-02,-1.032988698903641034e-01
4.007732113477906893e-02,6.078074877149242106e-01,-4.850369419077624755e-01,2.758340777118173728e-02,9.926658756320830279e-02
6.579492551700569791e-01,1.337730731393763861e+00,-4.196327706429392457e-01,2.498562480177873302e-01,-1.927757845499636358e-01
5.289210878248069569e-01,1.665666720979020354e+00,-3.682477083059422229e-01,2.176264146329157378e-01,-2.766571935403129290e-01
1.971312121627274205e+00,1.241375296939812634e+00,-7.887475698646928546e-01,4.329694823639431145e-01,-6.688597811610030863e-02
6.623085249300756372e-01,1.210647800831939680e+00,-6.719700618294126571e-01,1.487679086958462460e-01,-1.572505905966494755e-01
1.027665096186045846e+00,1.556120511000303352e+00,-3.577868831266410865e-01,-8.575503014033188098e-02,-1.922133822398972569e-01
7.918962102086134491e-01,1.009498904749456250e+00,-6.465835250258794575e-01,-4.817783452765088681e-01,-3.227481213667273141e-01
3.743521203640229333e-01,1.310271529464946960e+00,4.350830923913726056e-02,-4.006964300010126823e-01,-8.581262999374345002e-02
3.159211025651937343e-01,1.271078506689271359e+00,3.414800898707643362e-01,-3.488503759769431833e-02,-3.305974235047001164e-01
9.446090266191127238e-01,6.211602090980210544e-01,-4.090807746397920885e-01,3.681494983164172452e-01,-2.238202243956348703e-01
1.828640678539451114e+00,6.135716618056393790e-01,-1.183410433217433194e-01,-1.724922152357167282e-01,-4.011957487156325025e-02
1.389431518095025408e+00,3.111520750517348666e-01,7.571236830514206650e-02,-4.364556082598673448e-01,-2.722582920353396330e-01
-2.258011439105220841e-01,4.464034693269388065e-01,-1.142920050208915544e-01,-3.179538038491975249e-01,-1.930103932167894498e-01
9.879422169561262734e-01,4.584764151168633783e-01,1.613582731157668093e-01,-1.946924647383548035e-01,2.849994413250976980e-02
1.741330048645912676e+00,6.714095955091846646e-01,3.074798634908741321e-02,-1.246686437497550454e-01,1.260350408404950773e-01
5.677245785950920665e-01,3.830955549107073477e-01,6.245494480197451986e-02,-2.225524088866180639e-02,3.381046717729409568e-01
6.164955814578061688e-02,6.149786070919823766e-01,-4.790995698293374350e-01,-2.155766453210401501e-01,2.873329055336044657e-01
1.341294893028675217e+00,2.466926262362197364e-01,-8.353003959620559638e-01,-4.867090058677318587e-01,2.508473917793840324e-01
7.661317842534440814e-01,5.313722990946555536e-01,-5.244584979268140934e-02,-6.514010065448445630e-01,2.638211452790599765e-01
-3.849827662352651725e-01,5.076270858582115908e-01,1.443422708277576627e-01,-1.693915728841184076e-01,1.808675012770326607e-01
-2.171618172551293691e-01,2.719334392308287995e-01,-3.689850535044730036e-03,-5.229050497654947893e-01,2.811412507483092016e-01
-1.539299064136076867e+00,8.175483044261695476e-01,-8.855363838225172035e-01,-3.828868315276359180e-01,4.330194413869734721e-02
-1.032226070402543661e+00,1.481357247543443112e+00,-7.744086414991613321e-01,-7.316679928366918162e-01,3.991305407122460736e-01
-2.256702224257473688e+00,5.860428649269953105e-01,-7.819248206700049053e-01,-5.850025022207628878e-01,3.186293573059653106e-01
-1.562982354474012903e+00,1.636952258305303665e-01,-8.913146108835543480e-01,8.421687679803543936e-03,3.407140030583892809e-01
-7.327114351303534168e-01,9.023827298968642996e-01,-9.427442538943804351e-01,1.767849600703970403e-01,7.680923740099011854e-02
-1.112586274523730268e+00,1.589285418002917449e+00,-4.397179917076029509e-01,3.132465156493016156e-01,2.111489007111549965e-01
-4.070691056419697973e-01,8.949018227103513468e-01,4.942113990209757168e-01,5.940908863354676939e-01,-1.241637725520568572e-02
-4.146983012669840929e-01,1.795550046709434078e+00,4.402502761340546522e-01,5.994095552205619404e-01,2.554260444026324461e-01
-1.364706162848621007e+00,1.292785401543122603e+00,4.075822165898088101e-01,5.812441942108272919e-01,3.861720554679824446e-01
-2.094432440766217596e+00,6.037816869312138124e-01,7.065022439596888582e-01,3.383611245731333456e-02,1.561179521010386262e-01
-8.312678205178083979e-02,5.852724168927604387e-01,5.512414496410302789e-01,1.432905357790914269e-01,-1.417399177958939271e-01
7.188638914652624168e-01,-1.303069306285969675e-01,5.621090865050136776e-01,1.809488906402502151e-01,-1.461488341969988392e-01
-9.921324686326362663e-01,-4.598068020068368095e-02,-3.677327711199675497e-01,-3.962595433922536658e-01,-1.441901087654418878e-01
-1.025949357729889488e+00,-1.161383868222723714e-01,-3.828286017146792508e-01,-4.594084462738253216e-01,1.846777699090963454e-01
-8.235049090631614277e-01,-1.232071115048656573e-01,-3.606446826726929511e-01,-3.092091317556006080e-01,1.063159620456994442e-01
-4.600246285474671182e-01,-1.143047391306255767e+00,-2.275738195619446680e-01,-4.885570974186504989e-01,1.484159532205810983e-01
-8.651517489769209313e-01,-3.933088226043054414e-01,-3.395158990824684864e-01,-4.747024396149726044e-01,3.956356987862181818e-01
-3.230317618587096873e-01,-9.047549705402653242e-01,-7.020880595453864448e-01,-4.205350071008176482e-01,-2.140311109743981473e-03
-5.187148051573708951e-01,-6.850882772634320217e-01,-6.178346627575056482e-01,3.406149489018531207e-01,1.503214933353388960e-01
-8.578179065374705869e-01,-3.275134269609334958e-01,-9.703449404041930570e-01,4.560480683995231654e-01,2.068854907862598680e-01
2.364809923611552733e-01,-4.580557920616227241e-01,-8.334149816010597567e-01,6.089137848546068987e-01,3.850483942948693117e-01
2.724259427607383377e-01,5.295774443282867949e-01,-9.291970031548169029e-01,3.308541688992711061e-01,5.656821962864121422e-01
-1.252871957497714073e+00,1.380878785156230137e-01,-1.799050778444614418e-01,5.377050767683878574e-01,6.890562397155065855e-02
-1.298213186499894034e+00,-3.854357111802393931e-01,-8.299541342869998228e-01,2.335876023308841309e-01,2.343278668708815293e-01
-1.003209558267725399e+00,-1.020250099032901925e-01,-6.198377465979284517e-01,2.938349056064716303e-01,2.116629869025456190e-01
-1.375118151690899904e+00,-9.260255884372737833e-01,-5.741864765967746864e-01,-4.579344835412457043e-02,4.784260791419213399e-02
-5.794648763613711173e-01,-1.003949044322337114e+00,-7.309938907195122626e-01,1.985650160545106013e-01,3.862722135393263367e-01
3.094832239300707721e-01,-1.109278618790646043e+00,-9.209006698800947799e-01,1.459815963003920636e-01,3.960447429056384583e-01
4.155426062261070586e-01,-3.613610795943835163e-01,2.978394193262494660e-01,1.083737164173336626e-01,3.567249871609925460e-01
3.115829166242428117e-01,-1.895199307391535748e-01,1.055440910641624486e+00,-2.021067789539848780e-01,8.279033130615429809e-03
2.667380332719742619e-01,-1.533231018364729081e-01,8.138846296089736754e-01,-4.783351470764553304e-02,-4.859184845093043187e-02
4.044537721339493963e-01,6.789239474678185893e-01,6.637641725044133301e-01,-1.746697415157431044e-01,-3.208468752327768569e-03
-9.207941320324675508e-03,2.142216234879832648e-01,1.277050634682791452e+00,-2.375240625354812229e-01,1.954063351980438457e-01
6.200760816481160065e-01,5.700919475835672934e-01,7.402197042254109460e-01,-1.082172589043941396e-01,2.778591238119766660e-02
1.271813103092774011e-02,1.583236919157302358e+00,-1.162110904249787913e-01,-1.141003337460307493e-01,1.106630750884021602e-01
-1.914533198277879600e-01,1.998793348378401946e+00,3.173739967311902666e-01,-2.543972356588809075e-02,-3.212908503707848085e-02
-3.561890643476509632e-01,2.171194508300019699e+00,1.638256588579408424e-01,-4.470747662928133137e-02,-2.219193478311681511e-01
-5.510511145439468406e-01,1.647125544201919256e+00,4.179142284233310911e-01,-2.495082143354644399e-01,-8.220403075818168148e-02
1.575441834835705213e-01,6.193002122809359022e-01,2.945463130398947582e-01,-3.122262223656439017e-01,1.172887555024785533e-01
1.245094824467917860e+00,5.298243564324528476e-01,2.858216700275947875e-01,-2.347451357212234080e-01,7.183149092746990427e-03
8.011686827607449324e-01,7.427420618146239883e-01,3.484960604664623096e-01,2.036790848888948569e-01,3.162543719779947193e-01
-2.951565166399224838e-01,1.133466530587066146e+00,4.199564606446805626e-01,-1.634106587980435343e-01,2.404602009542587335e-02
6.521774932765067589e-02,1.326238030576718518e+00,5.721635529961291988e-01,-7.762025951234832744e-02,6.629788856961112142e-02
6.356105120899612215e-01,5.159443944092498846e-01,6.192115379609678394e-01,-5.829228185673903523e-02,2.220282356041689831e-01
6.512153401375077033e-01,-3.557426900910444501e-02,9.099985355628360528e-01,-2.480926855572120338e-01,2.974692879383736277e-01
1.045680214874051828e+00,-4.267558718874780999e-01,1.204048652858809992e-02,-1.056886966136147965e-01,2.068783044712602381e-01
1.679890133538690100e-01,-7.933290360263991481e-01,2.850747790116444635e-01,3.599459365260122556e-01,8.056268817884087996e-02
2.347079882383857452e+00,-5.714969864628555163e-01,3.411226050822436795e-01,2.086129543959118204e-01,-1.746425247337972109e-01
2.403416585415566686e+00,-3.556587473721183335e-01,2.010931807196496279e-01,4.554927345188964916e-01,-4.961429195007967530e-01
1.831442181423807325e+00,-2.531215255563978861e-01,2.543849497183915953e-01,3.334919451593401085e-01,-1.927540516229819811e-01
6.174734011114701993e-01,-8.465408569402443906e-01,2.969427609896799214e-01,4.492986806871877015e-01,-2.946516515956966176e-01
-3.675032291608354429e-01,-1.810375286226069580e+00,2.004633030264920679e-01,-8.224633022040866992e-02,-2.233664749083772716e-01
1.829318156800245898e-01,-1.516238137336456182e+00,-6.132085146679787380e-02,1.469622743705201531e-02,-2.049332966978107129e-01
4.396495802538806785e-01,-1.161449345783221565e+00,-5.978951155326079903e-01,-2.222499213016157771e-01,-3.637848930944414527e-01
-3.113268051844836903e-01,-7.443200463686199253e-01,-8.840736320114018776e-01,9.366763798166169441e-02,-2.005872179733549365e-01
-7.005360208634318075e-01,-1.219563954181029697e+00,-5.818451830380776124e-02,1.145254142859331026e-01,-1.091631847019303297e-01
-3.445358722461411838e-01,-1.375084463124080170e+00,-1.205548094557100935e-01,2.830009386934624338e-01,1.435345490729992013e-01
3.513420454517224845e-01,-7.240712875211782751e-02,5.918948799356434920e-01,1.600370025287189968e-01,1.132220492177503368e-01
1.373151323757999254e-01,-5.568745762953137834e-01,4.682139563909292757e-01,-9.540225793691356482e-02,2.397238810702846112e-01
1.227778777687044798e+00,-7.236072345412221107e-01,-1.626573422700947069e-02,-2.749780006146337538e-02,1.641686326476916313e-01
-5.254577855966260369e-01,-5.872794097414493208e-01,5.865458573848690849e-01,-5.075757374934146693e-01,2.099509224474613855e-01
-1.075459440516922882e+00,-4.151071910533731257e-01,3.565056015859738858e-01,1.186986660840612939e-01,5.968301726025360132e-01
-4.508254832229426079e-02,-7.445880936585684839e-01,9.573195044210602855e-02,-7.943646929716284555e-02,6.760708302846701878e-01
-1.101814183013260368e-01,-2.384396647840864303e-01,2.044967768744877512e-01,-3.088518190550662013e-01,6.933138012566700814e-01
-8.022204709588396376e-01,8.962653399463496040e-01,2.887697994540779911e-01,-2.157437463831695657e-01,3.158137623377501590e-01
-7.352074831002636257e-01,-1.412933205009618276e-01,8.862199811982359732e-01,-3.580621421429060480e-01,-1.901585090026608194e-01
-4.715663061762646047e-01,4.067086451795549618e-01,7.887266335626780256e-02,-7.446255161017621971e-01,-4.267232611918295726e-01
9.422063629071371071e-01,-7.049131637194223643e-01,2.187249958293298047e-01,-5.034393062102496819e-01,-3.898781736218583927e-01
2.723343551096843451e-01,-9.996654860404255993e-01,-6.903815197063817299e-01,-8.190039985829397073e-01,-2.817199531469114504e-01
-1.101512358062384678e+00,-1.622242896694287229e+00,-3.004716588237451580e-01,-6.790520596765984296e-01,-5.284727759021767834e-01
-2.259661740588313705e+00,-1.495552470712612436e+00,-6.174491417434928575e-01,-8.466354097355492936e-01,-1.129209826172089814e-01
-1.930221845306623552e+00,-1.942794448203661428e+00,3.591882098686748070e-02,-6.671324688839667116e-01,-1.620726981290718793e-01
-8.382698060132870443e-01,-1.401314603502973544e+00,3.894019700285483165e-01,-2.588888660360930127e-01,-1.203690584432946797e-01
-1.490522624841382315e+00,-1.374712566935337055e+00,6.659136182929336067e-01,-2.913825102324423821e-01,-2.947720240196653463e-01
-1.771481054228728036e+00,-9.650142672832118240e-01,8.917963542743020389e-01,2.143874013875782525e-01,-3.598342876213865282e-01
-1.866159660341120352e+00,-1.404662919287933631e+00,6.667226244328766649e-02,7.476882744133788172e-01,-3.270304194062972902e-01
-2.687828450790626711e+00,-2.594460686053658427e-01,-2.380495912811645964e-01,2.851963055587303231e-01,-3.897936571252534899e-01
-2.098618413642649561e+00,7.849023090135073821e-02,5.314623748246635193e-01,1.510517576858166067e-01,3.007527718439158282e-02
-1.405100832118738596e+00,-3.461272580059671644e-01,4.664944139855285443e-01,3.163946737928166053e-01,2.655126234751050140e-01
-1.365081533267987313e+00,-1.007885288231121557e+00,3.120177532409705301e-01,4.143796892050510827e-01,1.203747263706244214e-01
-8.645554572852907071e-01,-1.957357593611394331e-01,9.665525626534440806e-02,7.637832272591220661e-01,2.157142355280469992e-01
-2.175168393138589007e-01,9.125995352208976508e-01,-6.360236340456235649e-01,7.699978429454735762e-01,1.051943583127979559e-01
-4.310900841058430966e-01,1.108090270606974403e+00,-5.487261144845129168e-01,2.066012413484266674e-01,1.069121105685631561e-02
-5.183698400186596139e-02,3.781469946440570440e-01,1.230219566242120588e-01,1.736145693815888680e-01,-1.123807543290058220e-01
-1.159995846409882098e-01,6.923569363044257408e-01,4.397197466144887046e-01,5.673573234997114634e-01,-9.738560637615331639e-02
-1.233690050198170463e+00,8.637874887322293249e-01,3.390747163244857143e-01,-1.267597338841477683e-01,-1.288779593200614637e-01
6.116314775416904076e-02,6.347033443870602198e-01,5.758797287815338173e-01,-1.403588674399054194e-02,-2.611590457587174563e-01
6.708519382661412012e-01,-1.668505785224420612e-01,3.466053917547062824e-01,3.387055930535973758e-01,1.898900597517974298e-01
-5.046706081669911637e-01,5.855272161540580056e-01,1.124163772650343118e-01,-4.829423194266340563e-02,1.536491939107146321e-01
-1.486403026516109671e+00,5.213949115721747685e-01,7.556042590321454533e-01,1.436675013801678169e-01,-7.259370856019044249e-02
-1.323860671410916012e+00,4.461996098227725693e-01,4.981813245323382655e-01,4.423122907769704015e-02,-6.817936707134071572e-02
-7.427689719367795984e-01,5.619171054723742093e-02,4.679541372848258773e-01,5.238184570390788664e-02,3.056537097877727871e-01
3.813623384065600308e-01,5.309678883770719837e-01,2.569941506423740196e-01,1.971791277619519278e-01,2.428216186350463934e-01
2.095034161739870004e+00,3.800181944466916040e-01,-3.467774888627250252e-01,4.001806991475874153e-01,2.828360817668798544e-01
1.841087966624965988e+00,-5.228532072141158782e-01,-1.589431956364570631e-01,-1.894209545059958588e-01,3.864768522869218015e-01
1.177554000570283810e+00,-9.063970476246206998e-01,-7.228384238292699937e-01,-2.903774160248566161e-01,5.635817043194353282e-01
1.312074053884168423e+00,-4.251573781051690704e-01,-1.179328408088126334e+00,-5.307770288303118589e-01,3.025548004939844771e-01
-7.362630021657907697e-01,4.394550732117135095e-01,-4.431674961117912925e-01,-7.122710837260466388e-01,1.664408778788682985e-01
-3.158963068903158922e-01,2.118927119510440327e-01,-3.477088030501979121e-01,-3.848731657721904398e-01,2.832317140540010492e-01
-6.324028818700966337e-01,-3.264536001512930441e-01,8.343625175336823185e-02,-3.694004231235992752e-01,1.284009767364427401e-01
-1.087845886710316012e+00,-6.286350096461073012e-01,3.602644280973211766e-01,-1.835832080839722436e-01,2.798017073202436200e-01
-2.004310265493509657e-01,-1.599512933426719741e+00,6.856238275745781818e-01,3.513213639809943944e-01,2.770903857172562490e-01
6.499872122953275211e-01,-1.063622983399144184e+00,1.880006406519932338e-01,2.839954740515093778e-01,1.655003668357504509e-01
8.515908888532595089e-01,-1.643512400060306855e-01,3.533632480080130533e-01,-8.036179048204150632e-02,5.905982454151636335e-02
4.895697191998773512e-01,-2.668546314946829701e-01,1.233771841004283332e-01,3.738441787528069549e-01,2.702442340439484628e-02
1.144680232983737778e+00,4.045569979394951221e-01,-9.406266054913389740e-02,5.091939521078747699e-01,6.666185413324578202e-02
1.507156863796766055e+00,5.859476541554981682e-02,-8.591752190386571508e-02,5.667271652673063764e-01,3.863066374964360672e-01
1.166693346448175905e+00,4.060825271532674252e-01,7.278089107954421877e-01,3.918493439904433551e-01,-3.958187150132037174e-02
3.018531453858977476e-01,6.548571359207805420e-01,3.949605361036472861e-01,-8.006735952789763300e-02,3.195212511498172203e-01
6.103191389982340898e-01,-3.334474691812356895e-01,7.236338489879314828e-01,-8.429971929615054718e-03,2.780657921872571325e-01
1.099883661356212267e-01,-1.681229481163627748e-01,-1.508134408019085049e-01,3.993119950606273671e-01,5.155777807086389108e-01
6.400333790246288679e-01,9.839669169546256811e-01,-3.192983935599762457e-01,2.155933161805386744e-01,6.681665829408157675e-01
1.667462428123848373e+00,3.381310246690554799e-01,3.352198067014136029e-01,4.166861452549188577e-02,5.659524723206372787e-01
1.041815153213514256e+00,2.718595489349470706e-01,-2.696740370117006180e-01,-2.234161704496526457e-01,2.778389656625477322e-01
1.618724247659098392e+00,5.086933489746788828e-01,-1.492591170133219236e-01,8.760005573109477806e-02,2.293056142981822476e-01
2.070062670424490214e+00,-2.036173709804016130e-01,7.332299152799293118e-02,-4.230178399818169260e-03,1.571212392502484290e-01
9.144243432799593618e-01,-3.530069410595904067e-01,-1.969117214943150451e-01,2.164099774963669509e-01,3.239135784782416760e-02
1.614428382435181553e-01,4.181930495036468853e-01,-4.135877364162590664e-01,-2.881483926554342587e-02,-7.004255645004162090e-02
8.401344586649286406e-01,9.380222412086424155e-01,-1.479798225089051789e-01,2.399477932825031523e-01,-9.341964024063748040e-02
-2.226832747815035152e-01,9.551114894036304426e-01,6.606288541129361480e-01,1.303712745148029872e-01,-5.309743745437695006e-01
5.817557979286958059e-02,1.639312297960783538e-01,3.271613622386203568e-01,3.790161814956399464e-03,-4.950151006060666825e-01
-4.270863317007410620e-01,7.944052825790397510e-01,2.630069500126194226e-01,2.431955553883699273e-01,-2.453098941791179155e-01
-8.389219036453135492e-02,5.424026481939181465e-01,8.668188533679259677e-01,3.890523327378950791e-01,-1.478281720260744003e-01
4.038020800557985956e-01,8.973212733988807088e-02,8.837072301723776224e-01,3.636142030131170322e-01,-2.165153350763531770e-01
5.306971111551867654e-02,4.524207257096439783e-01,6.261286688903964226e-01,1.032862308483126768e-01,-1.322000018168122404e-01
-1.797554345367016748e-01,-2.980093184785575500e-01,7.681471814159163136e-01,3.458339310074846074e-01,-1.403959367029466720e-01
-1.072620082455741475e+00,1.928100500231143821e-01,4.244125191439887534e-01,-2.959053450648460593e-01,1.187998463922744774e-01
-2.109357757557575042e+00,5.858812070817054352e-01,3.556686293082952921e-01,-1.456449957988161514e-01,-1.515906265676917053e-01
-1.381614651657012027e+00,1.811555858449632461e-01,7.158340704223542517e-01,-6.320025805414282438e-02,1.988484333582481445e-01
-8.839251364150347845e-01,-1.603718014853574292e-01,5.610870553049963905e-02,-2.859420514574002592e-01,2.573821835092989785e-01
-8.987510400834499702e-01,-8.196707216975868127e-01,2.933590290451155158e-01,-2.950770678911105449e-01,-1.843244135862241338e-03
3.960661274462901060e-01,-1.275272957294915743e+00,-1.959541123007749464e-01,1.185055987276863593e-01,-1.052778161213321073e-01
1.018686055020139980e+00,-5.721288187758863941e-01,1.275788761034299390e-01,-1.168676786934026574e-01,-1.248296827083078125e-01
6.777798891985797880e-01,-6.580654982010740728e-01,-1.355623726875652274e-02,1.805850441613259250e-01,-9.288102461738877158e-02
-2.070811096102755378e-01,-6.696745924940308292e-01,-3.775204813527365255e-01,1.969174943913855336e-02,-3.763439838642410606e-01
-1.309961884696291268e+00,-6.252163871039173593e-01,1.324778310116149771e-01,4.173253447606745103e-01,-2.518828748661581796e-01
-1.502476563079580441e+00,-7.163585008729194126e-01,-3.035046323486974562e-01,4.672825339898638020e-01,-7.761102115093251319e-01
-7.305483021091379037e-01,-8.513387551174068646e-01,-9.038434154459340508e-01,3.411247923482801370e-01,-4.378822255534583485e-01
-9.405383974125604007e-01,-1.107816826172632885e+00,-2.535009725212824527e-01,2.453254321228137413e-01,-2.865847981359960772e-01
-9.519795717492539333e-02,-6.680308826975446257e-01,-6.233012588489746097e-02,1.923202347071308604e-01,-1.318083983849545615e-01
-1.464751558698990375e-01,-1.357159069168120791e+00,1.669596539829224235e-01,9.698470854002312624e-02,5.747378537866399545e-02
-4.444810118764228046e-01,-1.356507253813711511e+00,-1.535374898982332370e-01,-8.802901458363783516e-02,1.477677289863597032e-01
5.650870328203505544e-02,-4.155874139082637586e-01,-4.462391902540520650e-01,5.614316917786226629e-02,1.999117697945584637e-01
3.671307858071822250e-01,3.845049371138119926e-02,-3.237907478271544459e-01,4.371996267254972257e-01,-1.103168514333991296e-01
6.681724020114957474e-01,-5.963077603117230563e-01,-1.039958804936576442e+00,7.477328860670638955e-01,-5.030793895815154071e-02
-8.814683854247206130e-01,1.395602816595260254e-01,-6.721673852450255060e-01,5.746338816570475405e-01,2.407751348903887367e-01
-1.157469521108125621e+00,-2.425572235919653541e-01,-6.937719201290598603e-01,7.551755399677859693e-01,1.245564985578888756e-01
-1.444962070061334147e+00,5.476547585410513480e-03,-7.213687250347011748e-01,1.909877587507895214e-01,1.010919720515647963e-01
-1.184152837610833009e+00,1.037530530141073104e+00,-6.690498797224762040e-01,6.830315833511437784e-01,-1.193283199123624794e-01
-1.542277225717821443e+00,1.761605997124708056e-01,-4.866145902264641943e-01,4.915554522680476990e-01,-1.887936476096425953e-01
-7.321968000264312826e-01,5.696188510877822075e-01,-3.367088058363163494e-01,2.309674073679303663e-01,-1.877607200967328638e-01
-4.083732023315350124e-01,9.635273175766052509e-03,-2.529962517669948618e-01,6.910068618342868341e-02,-1.874416969876802064e-01
-5.406860139394763509e-01,-9.584917011110708485e-01,3.352123184975070586e-02,1.067681944752375545e-01,-2.532293564549268350e-01
-5.135993430091676526e-01,-7.118376512204015460e-01,1.229938746150192191e-01,1.835981549116442180e-01,-3.127996487658214475e-01
-8.060262754514446737e-01,9.033458912005667973e-02,-1.448433789656111137e-01,-2.658721086327169858e-01,-1.137423761094741026e-01
-1.485633646845743838e+00,3.563571292934832324e-01,-2.263814475336004273e-01,-5.323486452838169791e-01,-1.815459842633802487e-02
-1.486139368640167602e+00,5.887354807281038882e-01,1.475447784299146470e-01,-6.756558997511460940e-02,-1.184936031466721218e-01
-3.340330180275866701e-01,1.242765039711903920e-02,1.508895193524029954e-01,6.491963670125223962e-02,-9.866549959205841991e-02
-9.620635765256825567e-02,-5.788424974798684897e-01,-2.827075864106210479e-01,-3.139846068496538606e-02,-2.759761972725657264e-01
-3.078668949064479188e-01,9.896148121502350292e-03,-8.030379561960523938e-02,-1.122625659696052380e-01,-1.023041319471521132e-01
7.098858231944427111e-01,-3.110913401684393675e-01,-5.299664766844326413e-01,5.548024693956239012e-02,-3.835580301240302387e-02
1.582008360950477144e+00,7.617448583196485823e-02,-6.352090308171561839e-01,3.433016141933493137e-01,1.851376087761995998e-02
3.068636764250671223e-01,6.591811512765796133e-01,-1.009528974974362558e+00,3.860293025931298416e-01,7.642342833884159525e-02
1.461026743507157777e+00,4.329449895548085347e-01,-1.115722184588410437e+00,-1.003961192791882201e-01,-1.550621716283486218e-01
6.436213034432333169e-01,9.009628702905227993e-01,-1.054131407782834096e+00,-4.698658672643544199e-01,-2.730571804977368067e-01
8.729312779715899806e-01,7.541564526460926565e-01,-6.476253004242820133e-01,-6.377152759658002434e-01,-1.903512143517590571e-01
1.483039356191539593e+00,9.773565539925340717e-01,-9.730345518358473056e-01,-5.057061755587519691e-01,-4.203109680095015177e-01
1.136689878803406328e+00,3.649537639547724699e-01,-3.086992185828387192e-01,-5.896330154500334375e-01,-3.648891630713150258e-01
1.485021829558849760e+00,-4.451404723978673594e-01,-2.102581215946894289e-01,-3.055695026458059016e-01,-4.586152474400536083e-01
1.038880176496169927e+00,-2.551663395130185918e-01,1.453625964599006629e-02,-8.096905612993686441e-02,-2.550075793824190806e-01
2.808176375613430920e-01,1.598364983870476985e+00,1.476602829412272111e-01,-2.325329053736486518e-01,-6.555016907962545325e-01
5.339439614031663561e-01,6.520498348867150851e-01,3.300370409548879502e-01,6.775696702098175928e-02,-4.412917202606062017e-01
1.063008675978304618e+00,-1.871834179314822433e-01,2.010407920737833920e-01,6.785540176642737564e-02,-3.386511633848269254e-01
1.157766433258882177e+00,-1.386718153024925515e+00,4.639951435211967512e-01,-3.696024015995647005e-01,-6.042086263065594709e-01
1.112113244218522201e+00,-3.791477821668564618e-01,6.365347308626158052e-01,-3.270647711539286240e-01,-9.550489678365717272e-02
3.319140514040805900e-01,-3.431274963055040983e-01,1.079154548899318167e+00,-1.983753141517220209e-01,-8.787504450762802233e-02
-5.622377935484801359e-02,-2.855485811915804417e-01,5.326766914290352872e-01,3.382447662817043670e-03,-6.766200617275572315e-02
4.603025027991888840e-01,-2.691197587493938670e-01,1.672135725952577090e-01,-1.728589893053428250e-02,2.229572445955633336e-02
1.371611780196736019e+00,-5.298972566458233224e-01,2.444411534133233421e-01,-1.813905561424020707e-01,3.147364851618115328e-02
1.302535005734277052e+00,-1.089352294997399273e+00,4.252415000653326782e-01,-3.715145611335515796e-01,1.512319344262712251e-01
1.284959648192036008e+00,-1.175338883432379466e+00,-8.441686618641469630e-02,-2.344669193740137048e-01,-4.452839186054081966e-02
1.124315351674934904e+00,-9.196005439954706429e-01,3.851419753557072112e-01,-4.771694907333817737e-01,2.686868210385576824e-03
6.671653836672327698e-01,-8.915434314616881295e-01,-3.191219584717860935e-02,-4.489145041809074477e-01,-1.982441815502719237e-02
1.012591168853527623e+00,-6.551659715590568700e-02,1.146454257404496829e-01,-3.376848721222713845e-02,7.081034756250449702e-02
5.534020980973726189e-01,-2.919626265242991625e-02,-1.814354158282151797e-01,2.541283297223878024e-01,-1.658630374865936730e-01
-1.121070135781630367e-01,-3.363874931295932069e-01,-3.714644755470776771e-01,-3.954355841676306799e-02,-3.650712286640344084e-01
4.471390805115793565e-02,-3.598598250767552909e-01,-7.132829382845776722e-01,9.719938252367202325e-02,-9.432919817408463858e-02
4.811305727034999036e-01,-6.987294998000687096e-01,1.622318061120352761e-01,8.656722671480642228e-01,-7.065689535456394499e-02
-2.696237058278993515e-01,-8.362672232591871202e-01,6.341346218783978916e-02,4.956944868101271773e-01,-1.423856514591050337e-01
-3.019464481431796687e-01,-9.457328372071047706e-01,2.341002070723842143e-01,5.794497079486555791e-01,-1.600657957986762192e-01
4.746639491527350763e-01,-1.501777184964024459e+00,5.179424814150167256e-02,1.378257627833859300e-02,3.072097904082494724e-01
1.601523568428565136e+00,-1.590012944347495072e+00,4.349108730395308542e-01,1.038998066113751562e-01,2.198072465902139172e-01
5.449253282842747570e-01,-2.257449852823797398e-01,-3.219711939872193368e-02,-2.440190841409645151e-02,5.089965416355766159e-01
-5.166285485368989905e-01,-2.632933037524597952e-01,3.803883364184587612e-01,1.107195164346940347e-01,4.288092243956116434e-01
-3.283585890923674255e-01,2.653005829447097064e-01,7.554229761486201955e-01,9.579018467144975388e-03,1.100173201386270422e-01
-9.050262622153819603e-01,1.182029354113728781e+00,1.055473538330296446e+00,1.785740208917923830e-02,-1.314390345610350619e-01
-9.963442779885880451e-01,1.452469619736087125e+00,8.252250451929498132e-01,-1.417838040486498474e-01,-4.258631075316544369e-03
-6.331731760634111694e-01,1.256615817105724675e+00,4.786459316441260547e-01,1.022214416030230305e-01,-2.358835312837970211e-01
-1.584832772143899726e+00,9.937241972034427384e-01,1.639120904075054563e-01,-3.432883562453211135e-01,-1.014435135206623595e-01
-6.075192009186947129e-01,9.505870222075475384e-01,6.260654796523441867e-02,-6.812523273483059860e-01,1.805497281387884179e-01
-8.792866015745004482e-01,3.105929979028431223e-02,1.370169640297372593e-01,-3.046748182021256079e-01,1.965306093010833199e-01
3.840482615024989888e-01,-9.456408939352208831e-01,-3.955140712469824016e-01,4.486265181564133564e-02,1.516330269092462657e-01
-7.530018049839182215e-02,-3.824104424602539076e-01,-1.034456244932102864e+00,2.296190580598634345e-01,2.053082694751908466e-01
-1.156058666473175567e+00,1.105849509640777079e-01,-1.043778836104226171e+00,-4.218070036759987707e-01,1.873599838958249220e-01
-8.223351235192306596e-01,3.920566708877558648e-01,-3.378313301315308270e-01,-5.150430882733678661e-01,4.314191372090920434e-02
-3.221101438177857990e-01,2.646029253600698516e-01,-4.699589517701571184e-01,-6.983741815951575171e-01,-4.382479795489638286e-01
2.989595124358260803e-01,-9.083931427367941680e-01,-2.111716919828394157e-01,-5.701723626716129756e-01,-5.233888601133450669e-01
-1.069664608081365431e-01,-2.565107662035849834e-01,-1.204564065400558770e-01,-7.834077700643690134e-01,-4.913452168990504743e-01
-6.229891384688900358e-01,6.462948072778825770e-01,2.959866963472056467e-01,-6.979216666695611249e-01,-4.003345233877452780e-01
2.460659386166269905e-02,2.665369227619017733e-01,3.944865197419277769e-01,8.053434485916156904e-02,-2.350299536628543684e-01
2.648534460806297730e-01,-3.096038782762789987e-01,5.864131070872341533e-01,-2.913735454689065363e-01,1.251896357613326016e-01
-1.447332066319032551e+00,8.062270123470103300e-01,2.858657069679493290e-01,-3.506660615378805468e-01,4.477316429608187431e-01
-6.576038674103633630e-01,3.248067888318063035e-01,1.949012579623353447e-01,-4.389008540320228913e-01,4.688825257954002956e-01
2.558515110609419496e-01,-1.185026483508249351e+00,1.804756848816335968e-01,-3.226009648754499248e-01,6.244277666791745451e-01
1.788809636950179360e+00,-8.115049663866966689e-01,3.063132009713131487e-01,8.960079817501265254e-02,1.697571748523548363e-01
1.746130586439351928e+00,-9.733483882851193814e-01,4.314044114856787071e-01,1.792753765905969465e-01,1.710257376888382475e-01
1.092942286861678935e+00,-2.494561495511444793e-01,4.701763893300786035e-01,-1.713481023777733425e-01,3.273527834438784596e-03
-6.311809062058495456e-01,-2.664969685614118622e-01,2.897862047813988193e-02,-5.515592085098822706e-01,2.407938595015817751e-01
-6.283568434040806561e-02,3.784947484643571558e-01,-2.111330737731744733e-01,-5.256360318142779819e-01,1.223937131278720059e-01
-3.991634174592864071e-01,-2.854245358939123123e-01,-3.929360678992008804e-01,-4.651540279870211569e-01,6.223551016576701900e-02
-1.020903062131938599e+00,4.608467348458524238e-01,-2.378619419704607330e-01,1.026684754490650026e-01,-2.519084410265800544e-01
4.674292579204765707e-01,-3.150812110357754658e-01,-6.229884345869429740e-01,5.216804606463321115e-01,-1.146563132112478067e-01
4.828989743223339737e-01,-1.117525751090501923e-01,-5.292523454456053711e-02,1.984198081251363488e-01,-5.882225382198735808e-02
1.176221916598687023e-01,-1.294109071760769503e-01,2.600674188586600266e-01,6.833109593405745086e-01,9.796700491329482507e-02
-8.890827909935705708e-01,-5.293575134825284634e-01,4.391202967680371549e-01,8.177499856670126244e-01,-8.442849666901360017e-02
-8.264933281740785564e-02,-4.558340678127704992e-02,8.741778577093742286e-02,8.838167407820606281e-01,-4.794483079877738807e-01
-1.765257592606757520e+00,-7.213060325055687949e-01,3.429056949015234501e-01,5.901743299987315394e-01,-5.059368137651200081e-01
-5.244925823619099869e-01,-8.560220838202035054e-01,-5.250148445304030353e-01,3.970200837825299534e-01,-1.863809682593780825e-01
-1.765899151069026674e-01,-8.064243594460764886e-01,-8.682448788756425007e-01,6.802221075915958481e-01,-5.019519806192096652e-03
3.684426230428562987e-01,-1.175087281549578755e+00,-5.677168965610372708e-02,6.652187147326122929e-01,-7.293039157133641981e-02
7.993505394826957433e-01,-5.624623350963212642e-01,-5.771272013767813069e-01,7.456439222994419858e-01,1.181109254973474049e-01
1.026020167324400711e+00,9.489735980720824526e-02,1.670862869287613461e-01,3.931378057327321596e-01,2.155066239276688389e-01
6.053787791841219734e-01,3.333788085892880337e-02,4.667516418825828350e-01,4.420858017332042755e-01,2.463244062943579782e-01
6.106265758321822723e-01,5.111226582074008817e-01,3.283731374106229062e-01,5.483849281850607937e-01,5.335056503768036834e-02
-2.524498135309859448e-01,2.600444169605484190e-01,5.399975488958719261e-01,7.971213010586281067e-01,5.389732283420706899e-02
-2.725985365940746252e-01,-2.506506760934801847e-01,8.922250472435903079e-01,6.400565303008183271e-01,-4.266988774552354924e-02
-4.222028632576289020e-01,-7.929483856338449543e-01,8.137176323464268002e-01,1.962608943756009305e-01,-2.089878776695499873e-01
-9.141097798067193692e-01,-6.557601208928921510e-01,7.625509171057726077e-01,1.428670698656509322e-02,-1.131576701082658842e-01
-1.948803162859022109e+00,-1.059482107750883806e+00,1.140743973951886980e+00,-2.129736050626873656e-01,-1.494097658334384571e-01
-1.810709120406444272e+00,-1.576532114369339821e+00,1.960356712909684385e-01,-3.782323357527306862e-01,3.061461393785304685e-01
-1.723902534800615838e+00,-1.579857918559461671e+00,7.622674193905845108e-01,-2.267126772612664543e-01,3.654714274332013790e-01
-1.080845276700727053e+00,-2.358499951530476313e+00,3.138128231127822465e-01,-3.680498257383070793e-01,4.489544091148084948e-01
-5.483891764062713836e-01,-1.459907023000848625e+00,2.674980481422646883e-01,-2.552822852445596480e-01,-2.865438915220483787e-02
-8.359488610499158368e-01,-4.770180790449428665e-01,-4.702616167316685247e-02,2.704917665820537678e-02,-7.409721659151481676e-02
1.435601082702549734e-02,-2.145769573638237615e-01,4.443415939627076705e-01,1.763715772519663383e-01,-2.638902253571879797e-01
2.144133064188188109e-01,2.748457092369460675e-01,1.647739418166574710e-01,1.165177395227656211e-02,-3.240088241373154099e-02
-1.762616960047141967e-01,3.074042162441356640e-01,-2.770390404009122065e-01,-1.446691396124532014e-01,1.061425538649965819e-02
-5.568941993170608423e-02,1.086028435771059508e-01,2.841833385874236728e-01,6.205828901769130379e-01,-1.146892115261244488e-01
5.078972497085492144e-01,7.116078938801494447e-01,3.979270047821809042e-01,5.131635924266705340e-01,-1.695463715245233149e-01
1.140891421332437400e-01,-1.457535239486366652e-01,2.189143935963883958e-01,9.383445442434025230e-01,-5.965929758162483165e-02
4.265690703883808221e-01,-2.147352534295642601e-01,-2.292240732033421369e-03,2.638634300134012345e-01,-4.038824381281871934e-01
-7.560672833529070713e-01,-8.408263136445212060e-01,-2.640242981140440426e-01,5.679763163472468790e-01,-6.869729103041085638e-01
-7.521118926098039337e-01,-6.414459859905194961e-01,-2.373926551590639367e-01,-1.574090946240010863e-02,-1.098384120928760643e-01
-2.686028264143633382e-01,-1.958949039722328145e+00,5.181209611648537883e-02,5.212279374650493624e-01,-4.094898191741948024e-01
1.647859296451580080e-02,-1.704358589198545992e+00,-1.069827399432664805e+00,3.887093604747841880e-02,-7.841174433210246209e-02
-7.300289900444891789e-01,-2.909875793764272522e+00,-6.866876514135766829e-01,3.708829050254859316e-01,1.165258071832425690e-01
-1.753104954993237152e+00,-1.852115073598776585e+00,-3.574056222730105370e-01,9.163291972810587438e-02,2.156053286988226791e-01
-1.494728432657543848e+00,-1.296871951142900103e+00,-5.733182904193520057e-01,3.974450043661700849e-01,4.142929105166435755e-01
-1.327760787876861803e+00,-4.019118702998606962e-01,-1.196126672415518677e-01,2.236396343207578408e-01,3.946998164441700152e-01
-1.450169428457974696e+00,-7.810471184603251515e-01,1.561789971825325030e-01,2.554221357948110570e-03,4.375178275771160474e-01
-9.107727888912049430e-01,-3.942641570811714069e-01,4.622121679551352558e-01,-3.214492388301568027e-01,4.390588690111362768e-01
-2.317238099577712540e-01,-4.725359290830043468e-01,7.537046066443092718e-02,-1.481194742191453417e-01,1.887634928937503564e-01
-3.889445911713941273e-01,8.377138201578898657e-01,-7.369845089010546024e-01,-1.493051350034354241e-01,1.016409043086913128e-01
-1.113926665685566419e+00,6.365804025671625288e-01,-7.335043302667328957e-01,1.506696316015022352e-01,2.215895072324009507e-01
-5.352014177327631961e-01,3.962107930026952385e-01,-5.380967647443866131e-01,-6.115389096727875257e-02,9.982951315949761817e-02
-2.176911490526281523e-01,-3.531603920254720586e-01,-1.037653440281952610e+00,-7.116206357236698476e-02,2.988126558951253453e-01
-9.204667851713282944e-02,1.970985542068243168e-01,-1.647356145454447751e-01,-4.003384912614624258e-01,4.585491659032500111e-01
3.034977369333197172e-02,-5.274742760553690069e-01,5.535943075758185949e-02,-1.488026084749599354e-01,4.339050057041538011e-01
-2.596891540866051382e-02,-1.126908746806310591e+00,3.043872674188400143e-02,-4.490685921630928057e-01,3.711780854134488217e-01
-7.421117196090458723e-01,-1.875210534739071511e+00,3.456708013011808300e-01,-2.770178751814794671e-01,6.891910970250153534e-01
-3.187048645161825178e-01,-6.920866844985410493e-01,-2.238214123238879416e-01,-7.115196957157664537e-01,8.704098679361341739e-01
-1.490367350706658822e+00,2.238186430566314056e-01,-3.871908702082270670e-01,-6.792299411979783041e-01,6.390392437309854179e-01
-8.431591528102690969e-01,-8.491874129515314396e-01,2.366833239485184037e-01,-4.897071778070287151e-01,4.329512790858813243e-01
-6.639270958213291385e-01,-1.538658756234444258e+00,7.011458214551593571e-01,-2.745216166769298693e-01,7.952045503080217709e-03
-6.953990475734520560e-01,-1.538050961689194418e+00,6.645190540577720073e-01,2.222047909319903036e-01,-1.003454585290649154e-01
-1.116916665172225542e+00,-1.675940074917016576e+00,1.342565601029439559e-01,1.370667082179987395e-01,-9.927871250842945638e-02
-1.361567262100476627e+00,-8.186260126931446668e-02,1.987752683930814335e-01,-2.522414530880700070e-02,1.407369958915472841e-01
-1.179117388128130495e+00,1.262316468940874459e-01,-1.679341348906965015e-01,2.643880470004698613e-01,-6.617882741849850925e-02
-4.293545647223552808e-01,-3.939842868804706577e-01,7.883006617813742567e-01,5.252682678505868896e-01,-2.363940140540087831e-01
-7.081654793223584043e-01,-8.700830710587864614e-01,8.859055104576664119e-01,1.584600372361440468e-01,-6.377422872254072395e-02
-1.274362810998679540e+00,-1.156817500942736165e+00,7.719158569650027557e-01,-3.667189953160712723e-02,-1.350069531016195312e-01
-1.223057527550684531e+00,-1.815578848144433932e+00,7.707578152499763302e-01,4.909696666978236729e-02,-1.308703640568428528e-01
-7.440962880173754845e-01,-1.000962431391057228e+00,5.639909084107433968e-01,5.447436199312002403e-01,-2.547625262575053395e-01
-1.270788546502226612e+00,-1.341113078785255652e+00,8.006820072808008559e-01,4.941304237812008671e-01,-2.453130067126838357e-02
-5.830590881065872422e-01,-7.241031863350547715e-01,8.104436138327469896e-01,7.635546742694865330e-01,-1.976238858480476868e-01
-5.881657800894183330e-01,4.372941112371827449e-02,1.430511354221575271e-01,1.410216958419992506e-01,-1.823312831630562458e-01
-1.971851458847219130e-01,1.763703122002140133e-01,-7.918270949193445540e-01,1.191172190375568707e-01,1.981020049614677647e-01
-3.357603821636318681e-02,-9.415676604208065292e-01,-1.073259072150393623e+00,1.891679414657186364e-01,2.993016612290026468e-01
-5.095131365552575398e-01,-9.341830344288216681e-01,-1.116923702017160736e+00,1.058503926003058621e-01,3.977432486565215530e-01
6.491811128454706425e-01,-7.419401343723543985e-01,-6.655626709848629918e-01,3.625533058554350485e-01,1.625848298432988892e-01
2.754775204243053999e-01,-8.302421988554949950e-01,-7.056411077757044348e-01,1.911043211395465069e-01,2.599293001759804024e-03
7.071933383732224021e-01,4.527953482782668404e-01,-6.077957244519367475e-01,2.078367093557077425e-02,1.827944100577155728e-02
3.325851446072584094e-01,-8.605436475104456528e-01,-7.672404391967025533e-03,-2.390415917041096294e-01,2.058177301774306578e-01
-6.308026240716775312e-01,-8.766642304116617490e-01,1.005841462027246141e-01,1.832198927755350759e-01,1.191671059715581071e-01
-1.139478895901111066e+00,-1.731388445952654731e+00,1.079169657284571260e+00,-1.411464049224045170e-01,-7.625849364829642707e-02
-1.679138602927420898e+00,-4.698455975478572078e-01,4.719839404075769074e-01,8.223050322599576023e-02,-2.517452049101628897e-01
-1.327442428891275839e+00,-9.772341045018388961e-01,-6.543630586384571179e-01,-1.272607022631006279e-01,4.326991271156804264e-01
-5.979297426604597288e-01,1.118240989360534850e-02,-4.135084371504796352e-01,-1.465910642493006844e-01,3.800516382832293538e-01
-5.397211579782977831e-01,-1.026179697820243930e-01,-2.013900291459462255e-01,2.598353831145291393e-01,2.806717291258470914e-01
-6.648894546693616403e-02,8.802280143217326991e-01,2.044289640966726052e-01,1.060336420348142739e-01,5.556035565983735713e-01
-7.494923039244474339e-01,9.406641709704484100e-01,-1.275901389911332229e-01,-5.394356027846975987e-01,4.522819495679774038e-01
-4.364433446349459955e-01,-9.682575728181411212e-02,-2.176085340692675840e-01,-1.391062636298993349e-01,2.579273263014933981e-01
-7.796423741117594619e-02,-3.474323875412952956e-01,-4.269329780618290326e-02,-2.597923814432868961e-02,2.714958852528076561e-01
-3.323240356790318484e-01,-4.122868684658593241e-01,-3.145317381538994400e-02,3.033620883990537642e-01,3.503308197817564529e-01
-9.614848194788481184e-01,-1.818586238621113793e-01,-4.345155102257399760e-01,-5.513991520468606439e-02,2.425466247672100895e-01
-1.156193763162968402e+00,-6.324781240658416959e-01,-1.564588443636941995e-01,8.485322113577924152e-02,-1.099760785166784272e-01
-1.960376203394576522e-01,-2.389096830401479243e-01,-4.124312713791102314e-01,2.641632573406452189e-01,-1.429134697526442399e-01
-1.931793699717433976e-01,-5.100378195193928654e-01,-2.017041912901432477e-01,2.330313889086796375e-02,-1.919752678944098567e-01
-7.790397790187169047e-01,3.717952104014407566e-01,8.591433900421986680e-02,1.818375240555030956e-02,-2.596527611335792685e-01
3.597692379876741842e-01,1.041016291134853278e+00,5.403755184920941979e-01,1.547054379897900844e-01,-2.846957825006758425e-01
1.865416392062239082e-01,9.946148158874239531e-01,7.472017052057046416e-02,3.461388643256935738e-01,-2.373846712387284175e-01
-3.791667939019142952e-02,-3.858180893032666647e-01,1.050094995950123650e-01,-3.287662739386514911e-03,-1.595564980940741839e-02
-1.072376953049428844e-01,1.423984593319574665e-01,-7.140436567177544935e-01,-6.474947837455712063e-02,4.817877000349824607e-02
1.352274802736901371e-01,1.630895875390033500e-01,-3.647943398672191528e-01,-1.328062226677431956e-01,2.507684865913676481e-02
-4.618193419225221086e-01,-6.521324237927651479e-01,4.333035486761525057e-01,1.037212198969055393e-01,4.402255051707010952e-02
-5.476395392075368296e-01,-2.339271453210105822e-01,1.555718657810854777e-01,8.016306693086196200e-02,3.715379009876771943e-01
-6.993249892748198970e-01,-2.513260005279126519e-01,-2.063072456283771006e-01,3.565370267117751873e-02,3.864802376274022455e-01
-7.118622283026735387e-01,1.293496114496614779e-01,-2.775771839739631357e-03,1.376532890270665554e-01,3.517024336202281831e-01
-3.327675548290359719e-01,6.229800032331692661e-01,-4.130441670176670521e-01,2.300708297511439293e-01,-1.575442988088066043e-01
5.711628654736056881e-02,3.922417839491139646e-01,-3.795183077671094307e-01,1.534902148635753638e-01,-1.516473577167307407e-01
-1.293540364710486390e+00,-1.715106501283667761e-01,7.680889538474408029e-01,-1.704818058727818608e-01,7.962037205428340592e-02
-7.698836762739920125e-01,2.178082480839978741e-01,6.403762688882053133e-01,-3.238372339907096831e-01,8.529021621817767240e-02
-1.244237844593906628e+00,6.244897216329403644e-01,2.355412693367586741e-01,-2.439150163029636109e-01,4.379554943884341744e-01
-1.824088964167758231e-01,1.369399423011091299e+00,-4.023230245549172523e-01,-1.676527174722226843e-01,3.270399712687793725e-01
-1.651689401753194189e-02,1.457795243462778556e+00,-7.926562669182243281e-01,-2.973687279916180648e-01,-3.930508171915370746e-02
-6.092876622115787205e-02,8.689762455215492842e-01,-8.042284729344795213e-01,-4.276771830039279298e-01,-2.638281738161452061e-01
-2.044352795286004387e-01,6.482766934267589765e-01,-9.406824807324669635e-01,-2.358639250785826980e-01,-1.402406311455009769e-01
-5.238226391835048013e-01,8.748880997394123948e-01,-4.936724383703631758e-01,-2.784679786886194996e-01,-3.573787306521812313e-01
-1.795695552154522812e+00,4.844732927957947632e-01,-3.722240966402389217e-01,-7.292833457510741191e-01,-9.695569236042086980e-02
-1.754451349603399546e+00,-1.117881947237421014e-01,-1.682942639660675588e-01,-5.117085992807759443e-01,-2.958602610996568516e-01
-1.527887393942239491e+00,-6.543954593652003826e-01,-1.016963388078764741e+00,-7.374963334204194254e-01,-5.126507608751057488e-01
-4.715996508929178321e-01,-1.440478407973047936e+00,-9.450415556816306184e-01,-7.932729102604666460e-01,-3.334768774423514937e-01
-6.292029522236417538e-01,-1.466819637514823027e+00,-4.845305021030112402e-01,-9.404972640342392776e-01,-2.921279970669603543e-01
-8.986734546575317895e-01,-8.201477421251207600e-01,8.479470500156990886e-02,-5.951095994328163830e-01,-1.926046438322000787e-01
-2.233044066544809161e-03,-9.878026792405832923e-01,5.729701344712812700e-02,-3.454421653041051532e-01,-2.576325757701700692e-01
-9.883456748781138668e-01,-1.053646904248844995e+00,1.557131572784835327e-01,-8.578607025081090853e-01,-2.513640662733198083e-01
3.702320412284407780e-01,-9.874365249696374081e-01,-4.521738095919343170e-01,-5.634857566837015996e-01,1.876575084396959331e-02
5.312453935438404828e-02,-1.160544420045541925e+00,-1.211976118007984660e-01,-8.627063177535680971e-01,1.016946059635271682e-01
4.509675468627212802e-01,8.335576814554505054e-01,-6.918574841589378854e-01,-3.752633812519064471e-01,2.067532492212388606e-01
-1.580845379367893933e-01,8.485235846884127756e-03,-4.209372150022300807e-01,-1.409182414946211215e-01,1.658946075042362633e-01
3.400992612940065829e-01,-3.225023519204603395e-02,-7.058953426665055542e-01,-2.928690104544685591e-01,1.996104644662851368e-01
4.040356336747367161e-01,4.707497185114596916e-01,-1.700384567364158217e-01,-5.018153425557617675e-01,-3.662225672667335924e-02
-7.057501153351612988e-01,4.205086593267596817e-01,1.368040038896398414e-01,-7.408803253141911238e-01,1.006358222276744624e-01
-3.322382308230933945e-01,-1.965381557930624690e-01,6.739764077685013455e-02,-2.827055188275829911e-01,-4.556529689544724232e-02
-4.279002456447766889e-01,-2.587586303245902886e-01,3.440478221181296203e-01,-3.494958239422868429e-01,1.228613299685326343e-01
-1.647250890602589557e-01,2.835184598375537490e-01,4.507755187735543734e-01,-8.381761595638625995e-01,-3.654573954235634109e-02
6.119443651686311964e-02,-3.143534030891985132e-01,2.666678515849294495e-01,-2.202224073642320423e-01,3.102715433196773231e-01
3.112070984479274952e-02,-4.537220491040658277e-01,5.911447971349709923e-02,-7.326151058285323980e-02,1.738185670032474650e-01
-3.734750659597360634e-01,-5.747143841194159997e-01,7.394290278845292441e-01,-4.616807773374471124e-01,-7.299074027288528221e-02
