X1,X2,X3,X4,Y
-0.10405875375500628,1.279339258073863,0.7569631883970761,1.0504368502157362,1.6398874573191682
0.28013738285475454,1.356448440337763,-0.8775024829066347,-0.23642654266579685,10.980910665409562
-0.19092560612546688,1.3617809462677037,0.5910307775872099,0.8081232049113585,1.1303125246057988
-0.37286759602453995,0.393472416087176,0.2576918748941676,-0.48627135164951324,10.800078657990866
0.045730166108779,-0.3808812617269556,0.05242429960996853,0.3034539580923328,10.495502699315281
-0.457570330496359,0.1789524348683692,0.036587997808957606,0.6275750830111703,6.449665054827293
-0.007622589368463391,1.2843311342902155,0.8277675955505719,1.1939038713497736,3.519035104965284
0.16439718970236195,0.20007398757367106,-0.3968391341519252,0.5610288684935276,12.036216929297025
-0.11853630039265817,1.2856164544004876,0.7370157821212778,1.0183195343388785,-0.18614926483232153
-0.007469257508958282,1.2841632845962452,0.8275315618388062,1.1941329624537096,1.0645580614862342
-0.0579950093014549,-0.7360879261842681,-0.16397567772659355,0.06663129348260229,10.191532196081905
-0.3870162496131254,0.12457399469845198,0.05300227962294091,0.5990524335789875,8.166591637295529
-0.44116944971240024,0.1241841446156785,0.43848400418224015,-0.5394630480420827,10.867625476279125
-0.07358619921928533,1.2730699309760565,0.7912281706574885,1.1085836970035436,2.8463080353870494
-0.2934228738182211,0.6095367188337046,0.09011556622028677,-0.45182672130485557,10.67678863334135
-0.07132411628553764,-0.17436011868225915,0.08968410064508742,0.4314076423472164,6.27984761633091
-0.17022766932452152,1.3314826671746127,0.6402201557488197,0.8767409775644786,1.667597692114747
-0.03590942317731764,-0.7132709443202198,-0.14360780670281997,0.08192309979590803,8.924180006366392
-0.6490412370338452,0.3162651119107901,-0.01691268761659126,0.6988827343052821,5.74626393441386
0.7456819429964178,0.6467628466055174,-0.6575450876343314,0.3605511131670285,12.685902801591345
-0.6209218663072618,0.2967452704505544,-0.008560758934639368,0.6887563697636679,7.221272553725069
-0.18117687016376266,1.3466304834292808,0.6149103988537766,0.8414451315519795,-0.0926523496559013
0.060509335587113994,-0.5153913679398532,-0.004864580310873889,0.2147712691988169,10.71492689869465
-0.14204392022918028,1.3017405247834029,0.6979705809386383,0.9594988410292287,2.4490085185058845
0.6201753155405894,1.2765161241358578,-1.1125233095734839,-0.034402496473539775,11.371600320592277
0.3954621582772719,1.3774389874056165,-1.0566717620921007,-0.14957104510584934,10.880183487519522
0.016153221290900466,-0.30783247467842567,0.0722199026279437,0.3496805237125427,7.867645711586119
-0.3987982506936454,0.13413773453357714,0.05031816386100929,0.6041715554745152,7.827013099795935
-0.35653252686987297,0.10048473002626246,0.05960567304981057,0.5863991236000007,8.708353714990032
0.061561733805239466,-0.5044674343555667,0.0008240100531994865,0.22220582478375844,5.982986984825289
-0.13120105346189118,-0.79722171757971,-0.2237333688207841,0.026910640925399354,14.198337216028069
-0.7277857602365018,0.37036352677149337,-0.04250018012775281,0.7267479733658193,3.857874155863329
0.03725730412726008,-0.3557078785738139,0.060029171125152325,0.31929072977561856,11.407753945906316
-0.4961658458372909,0.2074582224379113,0.026665719888438688,0.6426397405751529,8.600790477148571
-0.003326491876001123,1.2860326291842659,0.8286099186249788,1.1978291836562371,4.086966773122333
0.054129666779990954,-0.5530377026331331,-0.02614916085687874,0.18946031754452647,7.986009681328109
0.7554613806242381,0.6595353825589387,-0.6658993087255063,0.3534286535927258,12.114350638598259
-0.04611647713101763,-0.20731606145452358,0.08752168864051713,0.41146746771533793,8.48088250718215
0.05326461202819427,-0.5566835417136617,-0.028287875936003237,0.18721272787144524,10.86080294563807
-0.07570306640313848,-0.7521133373044001,-0.17922155693602443,0.05616456752462794,12.547597289195776
-0.35816416870673906,0.4383813205985344,0.22434292116081714,-0.4787037725785609,11.025885880964092
-0.041027211430393284,-0.21426261611987174,0.08697685467520583,0.4073341215564515,8.578047311705236
-0.18591446537063472,1.3540914899531182,0.6029162136480435,0.8247059680972197,1.1822314751527438
0.016094368101503886,0.11875606322022547,-0.35242638947033617,0.5747189805352833,12.002605992188196
-0.04636033186021546,1.2741394143193383,0.8114652818175908,1.149903505799857,0.23462251133526824
0.3335581384686371,1.3754068814796567,-0.9675968220039768,-0.19794790415694954,10.739946124985087
-0.9855760444493965,-0.446851790495561,-0.027206669146854462,0.39318573376593574,11.173511142671373
-0.047279111082582204,1.2738574075427302,0.8111114648726963,1.14871479481553,4.757017615453671
0.5393839969370986,1.3230535445551443,-1.1277586752510824,-0.06801610162186358,11.2010198464683
0.5455496020908172,0.4504620347228323,-0.5371611405689047,0.4689145840403594,12.742953293998518
-0.17423564924098464,1.3365327683406982,0.6310817447505468,0.863811602111709,4.46014950887843
-0.1819871226407703,1.3477091519804572,0.612829457374667,0.8386653000738998,2.4905616026261295
-0.054848013694718006,1.273531815953127,0.8059548025846275,1.1380037302069663,2.314400603968728
-0.09374186333838672,1.276234311616022,0.7697638501692116,1.0715851776569425,3.9506212707724897
0.04809935835589618,-0.38854017778960465,0.04986723885781452,0.29837902290330465,9.032221988017197
-0.038035611169420655,-0.7153647388225206,-0.14550254963052744,0.08051720972997668,4.624475921368687
-0.12581081008608108,1.289653042378823,0.7259038195543239,1.0014177330198684,1.3058433362316464
-0.08380267285483145,1.2742080695937321,0.7809656158957414,1.0906823146524771,3.8129343794951405
0.21722862956660527,1.31900198449658,-0.7708040424425292,-0.2745177449948927,10.757795311254332
0.7995349509659639,0.7267048930283612,-0.7102498341222614,0.31187816453120165,12.552004029553189
0.7493280286678304,0.6509570190713958,-0.6605625718327133,0.3582998991692216,12.568243133011192
-0.18090201054644492,1.3462554956912347,0.6154547865117572,0.841836603424107,2.1210422431595073
-0.4804087280337708,0.19573980646251782,0.030852990718683637,0.6364846194689462,4.912708666754723
0.006922850619706378,-0.29038253104126766,0.07591294719528818,0.36059733670214117,7.534225909225704
-0.05363833244057831,1.273337255050146,0.8068562357125155,1.1398770079516933,2.5633437390366804
-0.05111921890643992,1.2734910308194758,0.808617296489968,1.1434185589037822,2.5972061864722913
0.8569435690215333,0.9279523107453599,-0.852822589357595,0.18288090692141,12.123210536472182
-0.1587262392693114,1.3176180474356292,0.6652929504199717,0.9122726872045234,1.967795562139615
-0.08197989090676167,1.2739263818184003,0.7826624162249824,1.094001118539478,3.5404891498144306
-0.07252154966118536,1.273037621019899,0.7919131469185205,1.110380519652029,3.2788479675264304
-0.011700035006184484,1.2826470422285094,0.8264491217041126,1.1900247428437671,1.688916116984028
-0.10624878427495464,1.2798471645703533,0.7542862598797557,1.046289210308027,2.215963585758191
-0.009307228639314324,1.0967042272223266,-0.40159962746661626,-0.36627020932411275,10.71179583189806
0.16246583838892864,1.2770665250243578,-0.6798113477719736,-0.3017177230661088,10.750387762648897
-0.0692551269314886,1.272862237104261,0.7947781391887383,1.1160323793601423,1.8789043188292966
0.8072668827690517,1.0957409676142928,-0.9821308989708164,0.0759741950495744,11.597255268575985
-0.14216963250402592,1.301696275542214,0.6975652228536238,0.95915274111144,0.5722754229997433
0.806413169599837,0.7391990202971357,-0.7184968645512869,0.3040474766683469,11.987223696015457
-0.19055500378641366,1.3614463454957566,0.5917614359972522,0.809239532938428,0.6413770854396557
-0.4400666441675213,0.130364526170262,0.4346481932495015,-0.5380188125610784,10.792789064067152
-0.2627005168812903,0.02146412335735859,0.07660370193807531,0.5436352373389899,5.5798577611496585
0.8553990580883677,0.955966583736134,-0.873673978716772,0.16476267017315593,12.075158418825328
-0.42669904288511773,0.19363067360227632,0.3945911175231544,-0.5241229092229319,11.129481978356413
0.04928998901578274,-0.39230128456203744,0.048534682219148806,0.295870607519003,5.608444896687629
0.0226264573128811,-0.32109936296088454,0.06925025059457562,0.34142174581004653,8.31624790995905
-0.3956440802793027,0.13137004817775155,0.05130247172338864,0.602656350105359,8.998306826307553
0.05334737311448595,-0.5557232343931076,-0.027675393706619533,0.18795134109527617,8.872690141397925
-0.04057206918607986,1.056110169100299,-0.3508462398511484,-0.37590127915368854,10.674264601095897
0.0546436779183643,1.1719430388541088,-0.5046563381813982,-0.3449059117462938,10.865833086951225
-0.17570728599739988,1.3389158857959345,0.6275519334594641,0.8590329037162299,3.312168393663433
-0.6783548670666896,0.33655036523230836,-0.026452890519457872,0.7092182835696607,5.691447083036035
-0.27728987547466466,0.6464195126896224,0.05944446081747945,-0.4462128071546958,10.60213906802191
-0.7328102605198954,0.37389026159277117,-0.04411071499934405,0.7283461124003434,4.9086332826564325
-0.14489769519942258,1.3041555048994111,0.692974002634112,0.9519436457141439,1.9045592863070504
0.6137675290435219,0.5074470689704145,-0.5713694422709708,0.4395934485546087,12.658781948345135
-0.10243077473202317,-0.13704919486932543,0.09073607637283237,0.4534535015823156,6.965630759044249
-0.12135474572642926,1.287383304457086,0.732884357610185,1.012127353912742,1.3865127697407056
-0.09297677208697414,1.2760287987273267,0.770744183139662,1.0731108770740052,2.0442565828157653
0.429587449027782,1.369832377558517,-1.090764718675771,-0.12530556451439573,10.869795473759329
0.027208703413907187,-0.6245580538167279,-0.07295083632077651,0.14146205234615628,9.98152211966256
-0.1012114344440349,1.2784104666997353,0.7607208571209724,1.056592468115581,2.0182477573861335
-0.045036669498989386,1.2743232637110333,0.8123949545851079,1.1516281860437987,3.5070680639812917
-0.0616222465087741,1.2726619076937047,0.8010343928594844,1.128262940172543,3.2206894142646467
0.39320552423817423,0.3400479280208341,-0.47397824615340245,0.5173857603895727,12.569791590722318
0.062057469949031246,-0.4783182986445881,0.013906222815998182,0.23952597342371304,9.151010365516596
-0.1372846339911867,1.297546484442024,0.7064364500859646,0.9724735695212152,3.6355683194921005
0.5619950572971586,0.46376054398123884,-0.5450042793856464,0.46211002506786725,12.690150835694055
-0.05975804002185174,1.2731176257470045,0.8025037270954761,1.1308401931837784,3.1992096512717603
-0.02647700358421577,1.2783433461852831,0.8216572361802725,1.1745920236539396,3.472264570108904
-0.18661979642736315,-0.04850955663191869,0.08624026437704763,0.5044782760996882,6.704346516702692
-0.34835569661331134,0.09388563677081085,0.061233719867413106,0.5828239720783652,5.766138467221619
0.7138753502690912,0.6080709543325529,-0.6328354439231103,0.3836155609546577,12.568439154303507
-0.06423544074040594,1.2730052526647355,0.7990315845316669,1.1238132442272892,1.9135160530822712
-0.0425130838913057,1.2747379773978758,0.8140794468676311,1.1552152131855173,1.2613339208663303
-0.022628276136164478,1.2792989006819193,0.8232624607910856,1.1789329776152313,1.9290832562912388
-0.09520496450786932,1.2765629386293054,0.7682056508831493,1.069013559162115,0.8597783698364505
-0.00506017225952321,-0.6758943331232776,-0.11199850552134286,0.10704050692033572,7.025266197468352
-0.1367126040553431,-0.801043002857456,-0.2277584706131268,0.02425358600370437,9.624623732533937
-0.04771118981989305,1.2739302204487608,0.8108575339853327,1.1482616003107857,2.5049135795127087
-0.7430447915984109,0.3806539513586487,-0.04756984837053002,0.7318995667585869,4.487713896473414
0.04448878432847353,-0.37676631351930534,0.0539500489955399,0.30600563770595324,7.578962130982658
-0.11793559585772811,1.2854584276268233,0.7379135614122722,1.0199195475450789,2.6830339662802207
-0.005303075574604025,1.2851775127579967,0.8281232184519942,1.1961057993929287,2.566674760075902
-0.0009409577462191343,1.2870099966853186,0.8292121802153293,1.2001748015756575,2.5614536145520006
-0.4214840142849318,0.15143416165997392,0.0453850726595747,0.6133423160011023,6.0611029549162785
0.8434519012105751,1.0158218320480545,-0.9194865701966494,0.12653708549852474,11.595213854374462
-0.10744295223520309,1.2805923385056657,0.752772849195382,1.0434197038127717,1.7873798089667574
0.0033271639195654457,-0.28359925699684385,0.07728146640949735,0.3648293279338191,7.907328644885554
-0.014737088607933196,1.2817644217454052,0.8256127108777598,1.1872015283195176,2.5351333046069104
-0.4315369405543569,0.15899486801818663,0.04267680203514301,0.6174071954212494,14.40956757467896
0.05758487880241622,1.175213864575468,-0.509521816407654,-0.3437692251148446,10.83933165045302
-0.13393158167012503,1.295307562529252,0.7124730434169145,0.9811440530009983,2.4762219131507153
-0.059589658886784636,-0.18937778392574778,0.08905207914154478,0.42217702669645346,9.456731413594046
-0.023898959678444104,-0.6996455656101533,-0.13171347395656924,0.0910475058762034,12.362499017996964
-0.1413614590014214,1.3009558841107258,0.6992986788684578,0.9614651036603934,1.589068885185427
-0.7565274390508566,0.38977513380743395,-0.052160360912465786,0.7365219587707051,5.43646411217618
-0.7876623155138538,0.4108280678194547,-0.0629478448935975,0.7475926966309822,7.586783237846962
-0.14252025352899617,1.3018923270358298,0.6968472470033683,0.9579037610335717,0.14342045100292622
-0.015118548461996267,1.2815321004209494,0.8256056030580432,1.186476092554858,4.288484520577823
0.2259286877035664,1.3253707846038172,-0.7855911178994511,-0.2695567618637946,10.850112866916287
-0.0870932581026419,-0.15476562130099397,0.09062241183196751,0.44282558119976345,4.910398547700346
0.6314016273082861,1.2689022113049175,-1.1085616612230236,-0.029697905309832573,11.53587550462957
0.37730848447438914,1.3791726409204088,-1.0335047905778143,-0.16354805007319576,10.278736265523476
-0.033486321783317785,-0.22511511762616426,0.08591988362212433,0.400945741610104,9.172043894172962
-0.13638487805759508,1.297030651744393,0.7076987511740191,0.9742789309698321,1.4512784576488964
-0.19391370024866716,0.8157599373924311,-0.09298456969741657,-0.4200056173161385,10.50444553729883
0.03514447556060796,-0.35052302801033514,0.06148856138279718,0.3227437424033252,4.94896989176139
-0.8284801462999024,-0.3328966708626565,-0.0949650818441729,0.4628822997965718,11.198913116146745
-0.3251744063810843,0.0751322761906128,0.06572154567495264,0.5725940671545775,8.961664480505219
0.48784704667968143,0.4061886054477117,-0.511589781478814,0.48953700918956067,12.65666945164112
0.061889295636764846,-0.4695145822848175,0.018068439205059073,0.24544689433872907,9.873618685344855
-0.1063497001141933,1.280283998153907,0.7541027326306882,1.0457447260441564,2.293379709321972
-0.07551172234101683,1.0079942014426146,-0.293824128608955,-0.3861355612420846,10.753904090227925
0.06372862509747723,0.14436117720404112,-0.36626275480171255,0.5713623068687228,12.380294712642096
0.6604771785335263,0.5514765780030678,-0.5978463079312666,0.41581906223445336,12.75677497177493
-0.20282026987066482,0.0054526082198497194,-0.29025295850773725,0.5771764979022652,12.325250719428091
-0.187114515811187,1.356145137393085,0.5997632918870464,0.8207865653923411,2.314270336800793
0.05942348734327174,-0.4416615394432134,0.030014537059220026,0.2636594083996245,5.9845117738448135
-0.06954314151783,1.273038045110985,0.7945640496901152,1.1157076651356097,4.446456465033933
0.03369581374090008,1.148305729655576,-0.47097576609417596,-0.35228880856850786,10.227117932295082
-0.0941232614035165,1.276513221199977,0.7697312932137196,1.0711114795651722,3.3477609805672452
-0.027270068770266782,1.2780408339910236,0.821263461887768,1.1738853301537666,1.080042608573229
0.8381571300418789,1.0314228030439185,-0.9317555508908846,0.11655247812617703,11.89933080044878
-0.17833082411523296,1.342202876425821,0.6217736038010508,0.8508942361813718,4.035676890435298
-0.06574298479480611,-0.1812459309489306,0.08959780956284868,0.42702740896325847,7.594456892388027
-0.1048695031483746,-0.7770672159107808,-0.20336323445662696,0.03973844206290003,5.91848930177971
-0.5737303102053501,0.26326860941281105,0.005459876608858494,0.6717920227781036,2.7737398850596096
-0.06043392927874186,1.2730407880392671,0.8020215537579012,1.1298494197797497,4.207437085855852
-0.15130677877558255,1.3099667751774182,0.6801767075534638,0.933549903219945,2.2806343269176055
-0.02591471363304211,1.2784041885544164,0.8219213453835205,1.1753103227198973,0.12836717556155808
-0.024734682870032335,1.2788072640589154,0.8221300864891852,1.176738098587824,2.229782074565691
0.7898958235488666,0.7101076339023593,-0.69920911307146,0.3221389348897937,12.619442672505487
-0.030841289291854854,1.277091737585028,0.819892661707208,1.169795830844405,0.8951849415114541
0.40244514987649116,1.37622526855893,-1.0646883335582127,-0.14438399804302626,10.790213666317806
0.6795105780719071,1.2342895549900583,-1.0868234835758201,-0.008089348287792758,11.751527618224015
0.45824145103106984,1.3600329146703842,-1.1099542679932328,-0.10766720685998074,11.15557259913746
0.010637062747881683,1.2920075143519112,0.8305014901250167,1.2088724993017423,4.669415329998605
-0.3668392168696006,0.10843907327829105,0.05736966169910407,0.5905637224988087,10.707729923244791
-0.4366648571472638,0.1633283144738759,0.04154226733134003,0.6194606076409991,6.453780020294856
0.7794297716642129,0.693308194995542,-0.6880111546156349,0.3324751315876358,12.424357826451379
-0.17061513633043418,1.3317346035313744,0.6397088072038636,0.8760727614300696,1.4122043402731457
-0.1866403978655074,1.3549083321174493,0.6015950526990346,0.8228691029042179,-1.839091603210101
-0.1442199552636638,1.303539536854409,0.6935246635509295,0.9533220741104793,4.406938869549743
-0.11387008592738357,1.2836395795071098,0.7434579797187036,1.0291107906499735,0.3914125456321149
-0.024892466368003196,1.2786430696705429,0.8223306693826883,1.1762013873341646,-0.36866990098967234
0.0201303509301462,-0.31588442946690704,0.07021241059278005,0.3445735463184574,11.252536396025134
-0.015102379421152695,1.2818207975265354,0.8256671812171315,1.1868447494858148,1.9685591876602426
0.8184141445801013,1.0761974182733356,-0.9668439872972979,0.08847519164001291,12.119709535905036
-0.009065292969111238,-0.6813997693345135,-0.11648559980363046,0.10325030363761825,14.049537945891627
-0.09987195553448648,1.2779178895245733,0.762685285171117,1.0595638050421132,1.8304799829063751
0.12572164314582185,1.2445294573406547,-0.6197941238023184,-0.3176303485724483,10.902380318705088
-0.004916696836302796,1.2853972350917264,0.8282747923195221,1.1964331380387814,1.7078960272712291
0.0664440696332497,1.184669484677876,-0.5236904389214947,-0.34072087713030336,11.222933336845742
-0.10532303855130061,1.2797775868239862,0.755709343340434,1.0485458861382675,1.6629988726772231
-0.48552481132595665,0.19988611336240053,0.029399807152860613,0.6385508471446277,7.51806343275415
-0.5454426557181242,0.24345724506735067,0.01336866117558655,0.6613607579986736,5.988502066941566
0.007307750507461824,-0.6583456648981368,-0.09827145161438644,0.1188530014585789,5.180790837066767
0.03500643342637677,-0.6085994068037898,-0.061529312976661005,0.15228063446462767,6.619700122260472
-0.11993132200362872,-0.7886856932900739,-0.21505476895451328,0.03230506948428276,9.246412537694463
0.02883496064007987,-0.6211910971281913,-0.07047407030819683,0.1437939233371045,11.21995719753687
0.017502641542300634,-0.31057643475362723,0.07175698205379721,0.34797713286061405,8.816510608974465
-0.028726696936902805,1.2777374983184926,0.8206608258149894,1.1720072557272454,2.776884650758946
-0.3634747263117347,0.10599611609407145,0.058061112397999715,0.5890579243318599,9.683957025830228
-0.21904323099506118,-0.003021087832843161,-0.2855734628748929,0.5764839557410708,11.704123358040103
-0.19088554160272103,0.8213560435700538,-0.0983145754765309,-0.41918496164187624,10.828192259742673
-0.18335126483527853,1.350000128364242,0.6093520447823139,0.8338387362085536,-0.4326912616667109
-0.4552601259913578,0.04440222611568051,0.487086910934304,-0.5586799864144638,11.420733894280032
-0.1665937023729442,0.8646751669494526,-0.14098202428622753,-0.412254734728579,10.289590996931992
-0.16922732368899068,1.3299632642437196,0.6426872016194838,0.8803866649918595,3.6027772770013575
0.04457163271995815,-0.585476444829072,-0.04626915505332413,0.16808207804224146,9.712442944779509
-0.0012535705529308216,1.286724206383731,0.8290242746545393,1.1994861699991595,3.3906222133714787
-0.13253479352068853,-0.10394806699844983,0.09019341300374001,0.47266823766150284,8.287965519191495
-0.054651305070160874,1.2732991664938418,0.806189133653912,1.1381925612709796,1.4070299358094946
-0.03227027906801014,1.276769068983968,0.8192053852353625,1.1676544655847985,1.8391370871956618
-0.00598633271269991,1.2849811422490922,0.8280699193312593,1.1955036318879495,5.100333516825079
0.6234804741090794,0.5161764716210756,-0.5764752463691385,0.4351008240570413,12.813849716851326
-0.23369212084391577,-0.004200888663616342,0.08076827515632545,0.5292561492064263,4.82390516386664
-0.09173368815868782,-0.1495767686278614,0.09065872438374412,0.44610557108647264,8.5581108357523
0.012508787599769505,-0.6506217138853625,-0.09223452361972426,0.12414512158159353,13.534875432240504
0.05904402600375391,-0.4391069406397071,0.030916908731114134,0.26555747987585765,8.07211998435291
-0.6246055828917141,0.2993518493870276,-0.009660156619516802,0.6901085452735664,7.308550689988908
0.05282857653107714,-0.4069506489806315,0.04362097231903572,0.2864480116694889,12.7840378028075
-0.1652366229063062,1.325217489418371,0.651403231785801,0.8926327816395764,1.7467290606148382
-0.175599910741066,1.3385014536103708,0.6279504362583436,0.8596113046022499,1.1424267656244163
-0.38894989275470093,-0.08894979497666178,-0.2373751213461382,0.5631546132684704,11.71602235643598
0.05068188024975853,-0.5664411430033175,-0.034234545729961874,0.1808082742672446,10.375696627971568
0.06175196486013157,-0.5008393140923255,0.0027639806275472356,0.22477411050146745,11.65235297687738
0.30615128552598814,1.3674342904581933,-0.922287073658882,-0.21826069686361022,10.550028293885504
-0.1579238379568077,1.3167475853529738,0.6669764055942295,0.914795547613093,3.2149492897324485
-0.8004143401121201,0.41968574056088465,-0.06758968081318617,0.7522088297703674,12.186283695504404
-0.7547649305733211,0.388667349341735,-0.05175161850653642,0.7359682072085838,6.5415687090871755
0.4947763485256164,1.3448472927707185,-1.1235988965709274,-0.08819668230155676,10.91332506510716
-0.44434639505564477,-0.11739976344201503,-0.22099640054624886,0.5559724077995462,11.576574518249593
-0.0870036925166448,1.2747134023906093,0.7774572792187568,1.0845875941761598,0.769997720589211
-0.21204156674405672,0.7821361841991636,-0.06134286211831656,-0.4254900881562388,10.664230549250252
-0.053320422807379836,1.2732567340224945,0.8071316339788768,1.1404433226007753,2.496427792351489
-0.15073091155173365,1.309618829826228,0.6810591280895275,0.9350378212613314,2.1207558899407926
0.4612318216208062,1.3587563966632146,-1.1113911337415847,-0.10567064555109865,11.165443884309491
-0.0456965708543024,1.2743978178256785,0.8120804145279414,1.1511504444731318,2.6873546526861625
0.8548171590864807,0.8881878676301087,-0.8235828988655813,0.20855427298785653,12.036975653503939
-0.10853665202595404,1.2811114400148262,0.7512047160547862,1.0408590571632934,1.5709551673002733
0.45646027000614503,1.3606825766794342,-1.109039444518696,-0.10840681707011125,10.780993820447796
0.004189903584178867,-0.28507317670262444,0.07685750403739999,0.36406459264494023,11.941908932681876
-0.18306509886187528,1.3493387049506396,0.610295207530711,0.8348533873314375,1.0876322082027585
-0.055829647231481094,1.2731902118577647,0.805603159340484,1.1366113814202712,4.288850121405079
-0.1298570590283355,-0.10664923889084066,0.09026827887578492,0.4712250156418234,9.813659398613211
0.0028289454636861444,-0.6649573096719252,-0.10339200729704368,0.11422980848338828,10.437131577715201
-0.05221113010611783,-0.19906315866585972,0.08837596779853174,0.4166158908072786,7.9392350403137
-0.10129456794789354,1.2785260973341819,0.7605721112803712,1.0560712747325174,3.179846875760747
-0.18117018595704665,1.34663177708433,0.614585121973992,0.8409230238717851,2.0621308628192114
-0.1375914170026164,1.2982113089093112,0.7057484262318494,0.9715143756711511,0.8030998299720351
0.06213772204538337,-0.4884419607570273,0.008879474894296913,0.23304033031085558,10.011232493791324
-0.09161099173740964,1.2757117832245557,0.7722128750813625,1.0756309264026487,1.1476462691928302
0.004174721021282806,1.2889937675857421,0.8298594599745176,1.2040743677533388,4.38095716108654
0.5276888279563604,1.3290854408738946,-1.127553794057416,-0.07316402400027514,10.505390023089136
-0.45597234057548075,0.1775900477620554,0.0368176863023677,0.6270140449576392,2.2290199986709016
-0.14015283990517002,1.3000213118313388,0.7012394816339328,0.9644532868805953,1.3903257955524913
-0.1606009762640763,1.3197260787581375,0.6610488410959768,0.9064329463085715,1.4594479175039328
-0.5474270939321901,0.24462001932725913,0.012913717626995447,0.6619370023520539,8.973127167425758
-0.11369038080270305,1.2833496412976282,0.7439615131787389,1.0293631491276098,4.636242526760087
-0.5330852316548158,0.2343691832201808,0.016909104899857197,0.6567620579656782,6.996605014235744
-0.7059339505879115,0.3553800000064899,-0.035196128139858174,0.7189322442400803,5.546325285954259
0.009406114220138439,1.2910880315148594,0.8302921544219738,1.2082246413475346,2.2219045678575413
0.8493207868810685,0.9932700275167762,-0.9022661705554407,0.1410417659572953,12.604608933914877
-0.05088566705950788,1.273595969081857,0.8087121289095688,1.1438504124411435,1.2174562147933505
-0.0005258946375454737,1.287138036506473,0.8292929055088867,1.2003264574119923,2.763636012174353
-0.46488779750246967,-0.021093443168438322,0.5249609742390293,-0.5764571432791484,11.011533951897169
-0.11229829572534789,1.2827020275037224,0.7459468749671007,1.032423414470745,0.482496283392744
-0.18701653934121565,1.3557988157880454,0.6005966857898659,0.8214652629793256,1.7512297410742768
0.007410462699805661,1.2904473329386412,0.8301639594184,1.2065318498414717,2.5806434581328386
-0.11102316348670649,1.2821361290311164,0.7476647015514197,1.035625535411187,0.8663918656424578
-0.16674888732617174,1.3272639619541322,0.6476642918078325,0.8871367624838056,1.1275401485262773
0.3855501844915107,1.3785221262294094,-1.0447656970402401,-0.15698506337221943,11.162102912722641
-0.014670026010618387,1.2819446023765182,0.8257710757810418,1.1874309601594821,2.0875288480113787
0.01222786295657043,1.2925043493319281,0.8306469772580547,1.2101727914920122,2.808819460093341
-0.10940796331439111,1.2815639228963975,0.749893077050875,1.0389309909527207,-0.04257912290236954
-0.8159734990160372,-0.32512140752554686,-0.09951740700281472,0.46744366258321784,11.508981099754157
-0.13204598005554008,1.2938711437594026,0.7155351571576228,0.9857756108427447,1.1792229973452637
-0.35834085289545853,0.10181877564810904,0.059071299225009866,0.5871760555249859,2.8375402119370676
-0.08644802090864859,1.2745624397866115,0.777992508652617,1.0857164786326814,1.0837884249149339
0.0248915867501307,-0.6291247707722091,-0.07626631696758193,0.1386160471150587,8.425377138689118
-0.14428295983139364,1.303343569661448,0.6941622608839048,0.9542036318729756,0.9286216916917609
-0.2200550486972706,-0.016774501326867863,0.08270080329227325,0.5221204972525816,7.534041595179115
0.42200813266104814,1.3719604019875926,-1.084559207901184,-0.1302546496702419,9.997110269202171
-0.0922549102573304,1.2757674381123492,0.771592902160596,1.0742982241877785,-0.48784816420262267
-0.14682421468589177,1.3056570287415212,0.6891430825878619,0.9467461895156938,2.726972129778755
-0.008399602339463744,1.2841892745180945,0.8276836831498885,1.193307737646842,2.110220993128042
-0.17684691463862967,1.340086309676954,0.6252575872291721,0.8560717891064568,2.270912470192852
0.8364365357549852,0.8075582389597226,-0.765931314465659,0.2604465961102237,12.33378139368379
-0.028796765000358993,-0.23172569304679513,0.08495552801537903,0.39662095879750003,12.888786692814465
0.4793458508365277,1.351332558533848,-1.1191658309293238,-0.09606977584298562,10.776156318799384
0.07814234514880455,1.1972595776858608,-0.5425060042157879,-0.33646489683441055,10.585206989748245
-0.10811046798263275,1.280758408167748,0.7517809808651476,1.0422787073380668,2.877558744062535
0.011029020351620983,-0.6528076411200421,-0.09395291557510296,0.12249722678622034,4.694284390742645
-0.01407071720150748,1.282124109052092,0.8259751846241292,1.187823201620084,3.7840063284860257
-0.25651760743369806,0.016138893554943468,0.07766993029762376,0.5405103926975809,12.35639743173601
-0.08239076769968273,1.274015683787873,0.7821801170235111,1.0934273046598468,4.249454371880496
0.6544386358766776,1.2529967595088076,-1.0994624622469424,-0.01999520474814738,11.11304033462943
-0.8034373259462164,0.4219832160764681,-0.06886696288956384,0.7533400739440943,5.594038261842468
0.007705400237961901,-0.2918613940509662,0.07579173655273591,0.35980446444328484,10.163159554011822
-0.1394578627432961,1.2993744774878082,0.7024528240270069,0.9663510163218197,0.6419996379372663
-0.5629424140966559,0.2560602337329776,0.008504884349721298,0.6678444018976417,7.214527308418377
-0.9517350705264441,-0.41954811801560515,-0.0432979628277911,0.4107401725918341,11.32720860142012
-0.9255232698649258,-0.3999418370428235,-0.05491124645273817,0.4229917334467011,11.329925203207326
0.06127252895115465,-0.5083651421789686,-0.0011033346343296002,0.2197031124029555,5.122968579487255
0.008191691832100122,1.2908197577504201,0.8302083277686807,1.207311011125772,1.3980781196800924
0.19642115873237767,1.3043294108545185,-0.7363857439070621,-0.2851654627782802,10.284997207664613
0.016083584138683753,1.2945235153464658,0.8306701473328069,1.2131277636404698,3.7727675374286482
-0.003030629094102972,1.2861039724434533,0.8285922005349893,1.198329612659823,2.927077533014684
0.03950228592608582,1.155235088369237,-0.48090540279422933,-0.35023186076522417,10.1094666441066
-0.4023231240094114,0.13669574287497321,0.04966086412228243,0.6054797595472671,6.9962031025718305
-0.12956600644259852,1.2920674532503023,0.7194283074834953,0.9921371201940478,1.9158939150393786
-0.08803897251213993,1.2749538093422808,0.7761533096854148,1.0827319748290445,2.9536667481336965
-0.10679620986600372,1.2803250924353218,0.7535551888221068,1.044974023797331,4.34499060097971
-0.676694229874787,0.3356918575293272,-0.02578768974147838,0.7087270304733234,7.117532347543523
-0.0194787032042876,-0.6941744571411186,-0.12715679937349814,0.09458974672418487,0.7776324857872741
-0.04917244606310317,-0.20312187266778015,0.08799293029043165,0.4141853915953021,15.310477993695832
0.00761637127208648,1.2904612914327422,0.8301674856374048,1.206808978369105,0.7699762197577964
0.25112177519298523,1.3409582981361021,-0.8282789807060436,-0.25500614608242755,10.646552189189197
-0.13611318242983717,1.2968105529599587,0.7085303122778657,0.9750987124801482,0.7791779139911514
-0.10012187088009318,-0.7731898997172671,-0.1995940544821339,0.042267045947412846,9.236034160875436
-0.11725769166116597,-0.7867467860477483,-0.21313141196355462,0.033397923674745346,8.810724312769384
0.309730237456513,1.3686595229122975,-0.9279281015865257,-0.21599894109547285,10.597241099167881
0.03847817814479601,-0.6005991820922439,-0.05608234234654691,0.15791175300235322,10.040772415993155
0.04142458508782046,-0.5935169114454466,-0.05161086122299666,0.1623730671609086,9.80512517149893
-0.12660574688718318,1.2905318469529372,0.7242531522156219,0.9991152426321382,1.7867904443817293
-0.0747053155521945,-0.17003222878101132,0.08998190930363725,0.4340266577179775,8.471180680256719
-0.17945446100761558,1.3437404270464919,0.6191909986297871,0.847363692451641,1.7943287268871209
-0.04875233937543802,1.2739149155065805,0.8103842885891906,1.1469086361234848,1.8529595048843377
-0.662875088075279,0.3260379370991014,-0.02136233529924869,0.7037142492123288,7.702692366761636
0.05972994902969453,-0.5230038282520773,-0.008720877955101514,0.20979528802175437,9.96043369662405
-0.17826151453658412,-0.05698087603921731,0.08709988370064747,0.499493244793049,11.70458356693909
-0.4631353116636536,-0.009210148977006082,0.5182888003791082,-0.5731345977385093,11.436101649900673
0.06224044246639801,-0.48468551135274335,0.01094190921828092,0.23513572408389916,9.091466725569102
0.32442247844849975,1.3729949387185219,-0.95226362291098,-0.20501907802862782,10.63066873625781
0.29788857709247474,1.3643185517004093,-0.907999471286121,-0.22417725842799957,10.671296290880854
-0.028580318706972363,-0.7048651385382814,-0.1364112022602162,0.08759913132652274,8.742689040757472
-0.06233689407005645,-0.7402360942657407,-0.16774822299432507,0.0639921544518275,7.019037606982812
0.5829918058557492,0.48117624751799515,-0.5554721221582936,0.45347449221049485,12.311561733681645
-0.0690754795776703,1.2728173381566161,0.7950743178196228,1.1163683126054527,2.1720914193746537
0.2838372672026053,1.3580232804520953,-0.8838471060196105,-0.2340576172624678,10.783982398164822
0.7966636703963667,1.112050658197156,-0.9948720892762264,0.06613589058720482,11.68188806951139
-0.16419757065125656,1.323889970618543,0.6536234745451714,0.8954801131031065,1.8429726908346347
-0.10580633348811133,1.2799085679878357,0.7549088456127668,1.046956688335611,-0.23893077877152447
-0.050038622025383506,-0.20181894052532823,0.08815034420236995,0.41492240600421887,8.603579506330496
-0.12210460731691046,1.2878448336719568,0.7313302295636421,1.009826113608319,1.8094055446179131
-0.08694093138958396,-0.7624660085856435,-0.18874121082850648,0.04929726338037227,13.548401314936553
0.0415725661241646,-0.3678452315763028,0.056825608285990536,0.31165089451372174,7.496842251224836
-0.058768867620707585,1.2727560228421408,0.8032296943187359,1.132106926934364,5.166258253871161
0.027857311579241345,-0.6235065117176973,-0.0719887364972071,0.14230915978578115,9.85401751829796
0.38662698888927066,0.3356546614101594,-0.47150199480660915,0.519222748518733,12.194875821872234
-0.1473929321772964,1.3062591564425146,0.6877272290992751,0.9447198983967261,-0.5340750563141949
-0.13000045190360893,1.2926192617916163,0.7187679373257033,0.9904620778114449,0.4055736768993592
0.05150751180649202,-0.5627023906993518,-0.031895791198463475,0.1829829567575601,5.803160977663987
-0.0912391308827413,1.275594948989851,0.7728363945912728,1.0767100653752795,3.87449483382015
-0.17644949450821198,1.340009491503195,0.6255999724201377,0.856434517236927,2.6930971670940997
-0.4698242772004038,0.18803919718277418,0.03352160479285604,0.6324769903889583,7.1314390324502845
-0.15842124720134204,1.3170859886301476,0.6658372349530373,0.9132840781239193,3.433598023035174
-0.5100782191589209,0.21782822210034714,0.023132706694496963,0.6482421663877659,10.080355157756818
-0.12156878832364904,1.287471658589799,0.732167354758472,1.0110594720455837,0.5631182856930779
0.8126912664579641,0.751444117291894,-0.7269686110586744,0.296323341143975,12.334420479575995
0.27060833303973486,1.3520358047118548,-0.8615193259142402,-0.2426896722315652,10.711783116416214
-0.1413980205524868,-0.09426113883097187,0.0897447276932104,0.4784059154094776,11.356549341765508
-0.19457764374568842,0.009544808448273545,-0.2922848006224654,0.5772885580036249,11.816825383120577
-0.36183619982700754,0.10464954582611374,0.05837351418730219,0.5887346094626987,2.661375218236369
-0.11189205657862164,1.2826029618337886,0.746366129825589,1.0334327894756037,4.185486026893512
-0.24684453132693623,0.7126074036490772,0.001863297618763353,-0.4360092827669473,10.846863577653684
-0.9413733956325064,-0.41153868575072206,-0.04798278923630232,0.4156714875854226,10.80601069834093
-0.09113559925344744,0.9850558657856311,-0.2676851287639062,-0.39064667970309386,10.841374151251944
-0.149113167477759,1.3079492642015298,0.6843443038397434,0.9394993505729995,3.4700209872721173
-0.05317921327245814,1.2734426944160455,0.8073259021337185,1.1407733039826828,3.299799774747171
-0.11691704610965661,1.2850934490124495,0.7387467563790693,1.021712428539681,2.419294140695678
-0.04798795259227777,1.2739237957433658,0.8105224763272455,1.1475937992953074,0.9479597495040752
-0.08014585479710241,1.2736442853519914,0.7845127222725838,1.0970706631278961,2.0458006672482463
-0.7955720988646066,0.41640592338290083,-0.06585710836982184,0.750412934791988,8.897360771430495
0.4511206122800808,0.37963126464924735,-0.4964517237692073,0.5012683766886117,12.56604284661093
-0.23070853282130743,-0.007269980171535129,0.08129807317690524,0.5277536987867473,2.6461358428877286
-0.0071589174039159535,1.2845721151772391,0.827649337512868,1.1942309388093295,3.9625787425753467
0.7930639367638919,1.1172160046279873,-0.9991439836546403,0.06274218426813721,11.984650177613482
-0.032369165929388946,1.2767161331454342,0.8189293375636615,1.1676337490026572,0.8378555370995149
0.37576396046670396,1.379148563558838,-1.0317442857963386,-0.16484528990381975,10.458514014255828
0.31281490847824883,1.3697439083341587,-0.9335540448819024,-0.2134111544805474,11.257424937341172
-0.5560571386385358,0.25084458566978834,0.010322215352228548,0.6651571253772727,8.140816842732661
-0.017034157023966934,-0.24973631337182617,0.0827636423755892,0.3858321853585851,9.311369715025977
-0.7380577719951045,0.3775028447551521,-0.04593639193980714,0.7301461307175152,7.104558783565816
-0.3549933849468458,0.09911650457435583,0.059915395032830776,0.5857290920477743,10.006867361558331
-0.11358707257212865,-0.7837542583972469,-0.21007779703789706,0.03522241408842643,9.05501169875838
-0.040310185049385966,1.2753042099825553,0.8150547182079894,1.15791437728123,2.6468443586757555
0.04611857986941206,-0.5804652869691622,-0.043051043405298556,0.17130168487684694,5.012485938995695
0.05641761659418637,-0.5424349512865677,-0.019694645619352025,0.19671742286390864,13.735778459306626
0.033245755851416536,-0.6120450987634044,-0.06389919491642437,0.150032975663512,12.219417037046709
-0.6402755376913276,0.310241497255113,-0.014358997268140716,0.6957472852343877,10.538763690141778
0.039099314521657436,-0.36114116413908515,0.05862523334350572,0.31584873065437596,5.785089181843073
-0.002429483619123377,1.286436339388254,0.8286578534480379,1.1986333487624472,3.087317286165031
-0.17053491076476257,1.3319088973550939,0.6392809870031387,0.8758435750048303,0.5393285791626368
0.5163795460541918,1.334684908865425,-1.1271796581709213,-0.07824620687990091,11.008667391821463
-0.18755258989975365,1.356738853427957,0.5989884971428971,0.8192079273623978,1.7246671119002273
-0.2879792622311359,0.043754479486091014,0.07236750203037717,0.555352383618855,11.82434206749534
-0.14155967583273965,1.3012561861330556,0.6987284183415442,0.9604615606619382,3.7047640230828254
0.49959342576831517,0.41489116067275117,-0.5166911657310643,0.4856418822096038,12.15698745143732
-0.04277444644342944,1.2746018120614848,0.8138603517148844,1.1546543752616838,3.199295458760726
0.774224620691309,1.1425121438017494,-1.018968440236664,0.047296981812904704,11.69528644001555
0.7923109488388984,0.7142890894607823,-0.7018127523482461,0.3196413619920954,12.785927917949994
-0.5350542020559382,0.23584893383756766,0.01651100358893609,0.6573307943179418,7.501477352855795
-0.14064979682710227,1.3004889292647053,0.7001700449173782,0.9629955928831407,1.6914318710491927
0.04961794039725437,-0.39392988232327625,0.04832433170786904,0.29482090702527514,9.702486784982618
-0.10457370472247741,1.2796073660629064,0.7565305508187625,1.049558039023179,3.0307148413324034
-0.4098303601613228,0.2640578302670763,0.3480011660153788,-0.5099675977923769,10.965418650511086
-0.18530544264930743,-0.04993262399568221,0.08651112616076989,0.5035087365298683,5.872808700316446
-0.526081070344316,0.22931005973364388,0.018577243935370857,0.6538882787330766,10.140409858059805
-0.11226656476146352,-0.12607399919554108,0.09057326424615703,0.45981019758972586,6.118812178839676
-0.1287436008135629,1.2918297315308644,0.7209697781730321,0.993944673277124,1.5586820234628262
0.40087750740815853,1.3764408908203953,-1.0630119066374986,-0.14560936362027566,10.81015902445881
-0.06583986537689265,1.272907964402666,0.7975074871956985,1.1214486418689793,2.0390389439567587
-0.3072916237381948,0.060039526586036285,0.0689763349746837,0.5644536565932112,8.685412585966704
-0.010852575345824102,1.28305623255651,0.8267397071608373,1.1906634307122954,2.661112042950218
-0.017110949191915987,1.281094247247112,0.824916224624338,1.1845726097306646,1.4522938678104906
-0.1675399586269748,1.3277510643790882,0.646563117543234,0.8855775060647951,0.10245345011646934
-0.11456481702087341,1.2837481704042493,0.7429785674833145,1.0281292045159345,1.3198227637719755
-0.7858625776769561,0.40985346414316864,-0.06242423257965257,0.7469198287055121,5.073633231751353
0.054761841854551546,-0.5508716685216659,-0.024578465006087624,0.19130947258637376,11.039680449203313
-0.13530164797638672,1.296324045168133,0.7098745325884762,0.9772365448723255,2.331663826183614
0.014431873204900404,1.2936329805471085,0.8306463137770511,1.2117903325124009,3.617813611533208
0.3304565511557059,1.374732762162561,-0.9628498478875614,-0.20038027816297088,11.120950993705007
-0.08129679286503974,1.2739006280883436,0.7834533759038917,1.0954176061748548,1.7585502320979365
-0.07851997131387198,1.0032927180058153,-0.28861681781927384,-0.3870426163917885,10.084114390485327
0.48770604448193516,1.3478754603676542,-1.1216797141628108,-0.09182349893715583,10.690609158498464
-0.1333949755335514,1.2949268736496855,0.712829581099339,0.9818954044706415,3.006128964312975
0.31783178696845,1.3712928234899584,-0.9418855656474949,-0.209832065123727,10.52387276085086
-0.690545199989048,-0.249783848770525,-0.14407191510931439,0.5061807546860333,10.969228961787914
-0.10707687011536052,1.2803604379914637,0.7534106980868028,1.044598335437689,3.647918099979635
-0.09052035385789595,1.2754436583246118,0.7741537982406307,1.0785399760803602,1.364212979260463
-0.00035494253797893616,1.2870811609889588,0.8291337964616022,1.2004639830481747,1.24305180082286
-0.8464022419075481,-0.34482821335666636,-0.08790814326509545,0.4560265376962499,11.764645158041152
-0.5367370148619819,0.23697582526959737,0.016001398044060644,0.6580528186093415,13.780655544176371
-0.12632571494371617,1.2902682164228982,0.7246721816844546,0.999648190323895,-0.08261259441762325
-0.31730693734811644,0.06800842273986796,0.06743947710072351,0.5687636283116518,6.045865597409117
0.01909763577802559,-0.639311071477408,-0.08382753546166566,0.13162434180041338,9.415537911644382
-0.18379643982542465,-0.05129616884896371,0.08649595182953851,0.5027508498089037,7.846033729237012
-0.35340646884684,0.09764648426614286,0.06019368284243559,0.584854977470709,5.08927056090589
-0.28014750475026623,0.6403355517670155,0.06449210295805637,-0.44717850430790457,10.83052207499081
-0.09520188846620331,-0.1453212768790363,0.09081364125323277,0.4483960918462686,8.116340991617085
-0.44210854708542585,0.1669532025387806,0.04031754131680365,0.6215124380698225,6.123311672788246
-0.08064699910004999,1.2737265479788542,0.7840851385361939,1.096374275351939,3.604731233246586
-0.6175671672375989,0.29433403360909965,-0.007525289231947285,0.6874403719503936,7.161342952658941
-0.12210934641663115,1.287689156527742,0.7315376905031039,1.0104752238953247,-0.4936844559901896
-0.13274938520528004,-0.7981364011189959,-0.22478513083401097,0.026146087725367494,5.121840526921016
-0.69910614201531,0.3509720835819491,-0.03278251077095484,0.7165191445962514,10.503100621241957
-0.30401753997617864,0.05723598751218839,0.06979425129308947,0.5629639520216484,7.304463285050847
-0.0889229494769011,1.2751261319839517,0.775223053486395,1.0810905116964042,1.9130887879408087
0.06190704623840984,-0.49599771206872223,0.005389945225085291,0.22786446206924196,5.691301440485878
-0.04034121180884409,0.08914861305040189,-0.33613031071730726,0.5776001193852935,12.206967025160182
-0.14320570708354147,1.3026128204482679,0.6955385357679077,0.9563518196894156,-0.6698471731178337
0.4193818057729607,1.372669611829964,-1.0819242630271768,-0.13217238719918362,11.317068009421403
-0.08364137830510494,1.274163516333629,0.7812010751356071,1.0914909736692469,0.35925092746740916
0.06334883284182488,1.1817360966102344,-0.5192105634016573,-0.34173337445285173,10.499790890499098
-0.35155946346831685,0.09652516177671122,0.060534318646936314,0.5842849681911662,8.926098897785025
-0.09700170295484734,1.2769288666598,0.7660228903598849,1.0653839395242641,4.300779072893715
0.24505770124620138,1.3373413256464324,-0.8178928009021751,-0.2586803486288515,10.654907596267845
-0.15738634135220408,1.3162094039112224,0.6679529640338722,0.9163703880105624,1.381436004320833
0.009382777586530004,1.2911585638296526,0.8302454188282732,1.208383326568549,2.1365409301536697
0.4249572344298679,1.3711531128569603,-1.0870401154745792,-0.1283748299073877,10.80455027521298
-0.051977729622232405,-0.7300521683534914,-0.15854351304086384,0.07059215874505309,5.559603804037547
0.05115878129150353,-0.40066312620066585,0.045930089959945075,0.2907122603151642,14.86940584450609
-0.018228285271553752,1.280620333629169,0.8246709030515149,1.1835033381920268,1.9317545072874807
-0.14716771106098062,-0.808371856242137,-0.23558029491338736,0.019329655799244408,8.966496376094817
-0.37669501017724133,0.11653364697210078,0.05542364897594099,0.5947239161924148,4.936729440948426
-0.12366083117279537,-0.7915011552566621,-0.2180474046042534,0.030447856810415827,7.610728675101022
-0.11118139224234885,-0.7821245562284018,-0.20837092541182695,0.0366146728108563,8.720799440760935
-0.06605574388428243,1.2728005746768993,0.7974764696089119,1.120969622452357,1.9504285590805537
-0.10177818029255464,1.27873886146948,0.7599945868057215,1.055158397290237,0.9575824301606999
-0.18541497748108893,1.3532215789094484,0.6045377151441717,0.8267433238682074,-0.455709831118301
-0.11837761255058762,1.2857990606614988,0.7372002911122076,1.0190770603599197,0.0581875434297936
-0.06956407008962291,1.2728847986499663,0.7944325886547626,1.115287765028857,2.7805510114674363
-0.529583642768286,-0.1619275383992046,-0.19565853960809787,0.5421091761570124,11.585159015767282
0.5935410229934263,1.2928459357640107,-1.1203995195201695,-0.0453997682003352,11.35441127365543
0.8540068885392987,0.8804951610151148,-0.8179075613226434,0.21338537374938105,12.532169566357119
-0.7449335794566583,-0.28158830731466156,-0.12546884506187847,0.49067979636367254,11.065200921540017
-0.8196365280470285,0.4324414009458882,-0.07441925037547303,0.7589176910279524,5.967977948302448
-0.02825182397534764,1.2778803613064966,0.8208677747533916,1.1725708785823226,1.595171368485651
0.012689455932022697,-0.30096131024155515,0.07366643935151418,0.35384800466628424,7.445715678062769
-0.02971125499982119,-0.23050488899031113,0.08520584643834384,0.39763258666640244,6.979509379989357
0.4535446987504235,1.3618875413280624,-1.1072559862966052,-0.11029354334448441,11.120984951215242
-0.570129832839904,0.2610734170959742,0.006432145960861169,0.6704614769216858,9.212173504339727
-0.34695581940987497,0.47070289457826087,0.20011874911699673,-0.47351251678621137,10.633069530941636
-0.28537529571242193,0.628267741361627,0.07467261579135057,-0.4488912718897704,11.040908188974612
-0.01037322706121685,-0.2605120328792852,0.0812588699772267,0.37925293450182107,8.742680603486416
-0.18186137999793522,1.3474836531281609,0.6132760959652087,0.8391288601588426,1.2260954153149806
-0.1669509398453985,1.3273848033009574,0.6472622521536872,0.88665908525027,2.491401379829066
0.02113702181852234,-0.3183373151471887,0.06993702122039336,0.3429107235212582,7.412490447922486
-0.18825193643006657,1.3576801500877018,0.5977117287917648,0.8174562350802671,1.9208494374471186
-0.022352150797210868,1.279447916278052,0.823239920887103,1.1791997390740407,2.7052102554035513
0.5493356197577053,1.3177884156472173,-1.1274709806268275,-0.06366878865302435,11.01919650892995
0.4937103793616474,0.4106014711411785,-0.5141661249074327,0.48757682120832757,12.522022351407578
-0.18495764958183802,1.3526809672599505,0.6053099840596153,0.8278233796687475,1.5238557454096633
0.5956902315661152,1.2916094628833847,-1.1200519141197678,-0.0445467010465401,11.222285706819383
-0.21414697084319906,-0.022371551106946552,0.08338349794124827,0.5192355428978982,7.07686794440975
0.6633544179709265,1.246581738685471,-1.094871894380673,-0.01569950000791602,11.61687019835999
-0.02093071202690621,1.2799130953209428,0.8238776773464652,1.1807803124639098,3.6520379946884622
-0.00978600494479065,-0.6824048134509946,-0.1172872059990579,0.10263572292996377,8.029332396516478
0.02398468447179125,0.12297682861011722,-0.3546822176244481,0.574396719210506,12.343702444748187
0.05368043740389691,-0.5545808609537506,-0.026874946645575687,0.18878125452029118,5.744804090855414
-0.12022163910379335,1.2865371589488235,0.7346161784353876,1.0147577851257696,1.9858177293025772
-0.12714121457890093,1.2906921380707554,0.7233193968641402,0.9976445713722704,1.2643820780186554
0.5126033458270945,1.3364536879202409,-1.1267102088443037,-0.07977226377437399,11.136055596397718
-0.1720491565940891,1.3336572831677174,0.6364640761716345,0.8712830423714787,2.876039709687025
0.6467947639615623,0.5386218379331893,-0.589800311801184,0.42320593194028705,12.747616164280585
-0.1162512351835506,1.2846343907776965,0.7402705436572776,1.02358895974288,2.8119609531751992
-0.025558148435702754,-0.7017235846688483,-0.13358534098901703,0.0894560768179292,10.633516191299167
-0.07695248480026896,1.2733428437863479,0.7879333475004946,1.1029291627699718,3.5550644912238
0.8564130144991592,0.9063827860031362,-0.836878540497833,0.1967899795566247,12.261736790045212
-0.44803709794752233,0.08700944271828376,0.4613915376281108,-0.5481645232362968,10.925188715170464
-0.1642956348582204,-0.07085668827808389,0.08812581063938718,0.49176565164692554,4.650197439473577
-0.8035198708891906,-0.3170303073872226,-0.10420957306083076,0.4715724664378622,11.442166761888828
-0.1601895481434209,-0.0748394436260319,0.08849072349072756,0.4894442544092825,6.192600413277232
-0.08164298307946272,1.2737156257069666,0.7831896689949837,1.0945050841920583,3.268898815696976
-0.4715422738207909,0.18938915605627293,0.033028331250736565,0.6331467186382033,10.133464418945888
0.5697205248133256,1.3065764723453874,-1.1253104838011851,-0.05501961055784549,11.074091536284001
0.8503110492724091,0.8580278335719913,-0.8016421810360894,0.22804298481963237,12.310915742288694
-0.282726423022271,0.6342959535140656,0.06969716518244912,-0.44811897393325467,10.49109825965294
0.14929436383088335,0.19165593213590137,-0.3921101399484038,0.5629713243557579,12.106776732429427
-0.0011121437688221547,-0.6704731361987358,-0.10770953438596126,0.11060691444273532,5.400045462016575
0.021807276985842117,-0.31965997701790577,0.06959158805036303,0.34214034602909116,6.852593725729068
-0.03964690762209501,1.2752747633658053,0.8154979386098098,1.1587629315180794,3.2315217222214017
-0.13671676047818093,1.2975117676724248,0.7074805300784474,0.9738398021209563,3.1866860769341128
0.049526584716465705,-0.5699388913363373,-0.03626036825020354,0.17847604153163107,4.954409162532741
-0.0005487092545221062,-0.27683052470109226,0.07838426944077381,0.36904279500485687,8.800829395948268
-0.10551139830924071,1.279682392271011,0.7550621192483515,1.0473618469678965,1.5481474580868608
-0.1665243376143202,1.3265440265655493,0.6486990126689073,0.8888821996643164,1.677227215144378
0.3715947835734017,1.379209465367972,-1.0258026970662406,-0.16813657357365552,11.197085324902249
0.4397780277322502,1.3666726271989886,-1.0985686858079466,-0.11873826513728372,11.169916526275433
0.8535902252220959,0.9697140910440025,-0.884367149373893,0.15603391525651963,12.030894751314198
-0.4299871289347533,0.15801146747415412,0.043317236437546924,0.6166918160098379,3.9696277752368845
-0.01909614915889546,1.2804094427588923,0.8244353282641472,1.1825417230520097,2.906757732914297
-0.14895168264840813,1.3077364012282342,0.6849901526262389,0.9408253368389675,2.1933494337835064
-0.5754348277038192,0.2647732177707309,0.004813299308347174,0.6721541211183109,7.474787354836856
-0.17529449178018885,1.3381595005960207,0.6289005381802937,0.8605976431080823,2.074974508742795
-0.3400643355420185,0.4898333535243736,0.1856224846356437,-0.470233349310225,10.37378846739392
-0.7478733278697693,0.3840932329233707,-0.04918913933151925,0.7337539952150237,5.409077687041881
-0.16111091532456934,1.3202605755405066,0.6599671172854061,0.9048724710275331,2.992959469909165
-0.6645451663030479,0.3270649412413187,-0.022032267550825657,0.7041805179928338,7.869459364976965
-0.056811153874985774,1.273070421959718,0.8048051323534077,1.1354159263194974,1.9004126282577576
-0.18231094140868292,1.3486742385072221,0.6117421323554992,0.8370372062195088,1.3389520144263583
-0.17681417779882516,1.3403125199856547,0.6251506879095695,0.8553112343556637,1.0606040043457716
-0.35984338392835724,0.10339453995727566,0.05877500810936431,0.5874433171874166,11.20802624218051
-0.1477354549038158,1.3065937702491965,0.6869981570726634,0.9437349177872406,2.701810308603041
0.013454433180493408,1.293197806476076,0.8307450888911344,1.2112650779651677,2.7120496603005275
-0.43229776086199423,0.16810132724351862,0.4107274348539918,-0.5296610515750309,10.657368880040357
-0.08357473590341802,-0.15907870830866372,0.09028182319936368,0.44040869906318675,4.567035583288351
-0.04686343561414666,1.2739779099517046,0.81122331898031,1.149111900522949,0.3018449258213052
-0.03651585522239337,1.275934676119452,0.8170229232016724,1.162958934613869,-0.016187315171955152
0.8122449578459582,1.0874301256063803,-0.9755437123913893,0.0813764710432543,11.945354927586559
-0.12867383507478516,1.2916012012365228,0.7212462820349981,0.9944190675063524,3.307770706088163
-0.0646273000107938,-0.7422069250310491,-0.16996782342978461,0.06275727860014102,9.610002692281936
0.30112566751655867,1.3657617962482453,-0.9136349015815253,-0.22181106630266587,10.877751248171787
-0.03343392386107365,1.276539993948346,0.8185602603242095,1.1666167533390344,3.137576303514077
-0.22900719308136086,-0.008593967016940596,0.08144245772036068,0.5269093416276235,9.098709847810515
-0.12233539494233464,-0.11513420610446656,0.09044514902397882,0.4664748147524505,7.42108006079948
-0.16331760727970512,1.3229309624023942,0.6554295800929462,0.8980135213820853,3.5123710258343634
-0.30044375440842075,-0.044397944063629236,-0.26279047111591963,0.5715325319656843,11.85118799512546
0.05993423660849306,-0.44682853952789126,0.028016187807236637,0.2604120504104843,4.157572085229348
-0.12393918367381182,1.2887428551476767,0.7284736019071164,1.0056869972754272,1.5985891362036178
0.06135809922997609,-0.4631151181384367,0.02073811000960596,0.249724233655786,12.05812098742572
0.015617785073495427,-0.3064987286544385,0.07252938947836901,0.35030443356902985,9.548776054637628
0.5784340646246553,1.3017771986464464,-1.1237536197846871,-0.05163093584315441,11.038796330836536
0.05698156166877527,-0.4262873257177768,0.03635916759171931,0.27380520508879913,7.892310431632724
0.2126096265701955,1.3161694773796406,-0.7632530152411825,-0.2769575556278884,11.00809678929628
-0.12384004633917617,1.2885168786039698,0.7285511364204666,1.0063508014549354,2.476160196848077
-0.274709463229033,0.6526408711654299,0.05408396155665042,-0.4451783591153085,10.994991576796592
-0.04814348464497287,-0.2045315989912948,0.08780533985541089,0.4132899802161253,10.677163398807458
-0.12571859740407115,1.2899078327205473,0.7255698876121472,1.0009528363023825,-0.09279856062495973
0.009045978328108384,-0.29433923063994905,0.07512283571754258,0.3581300035477101,8.28244645637708
-0.05405067818095939,1.2733059868321512,0.8066587463314029,1.1393116599991873,1.1982048489359296
0.7876263576030031,1.1250607856843586,-1.0050358930177756,0.058006421343759135,11.558609055194367
-0.03168723656631232,1.2771595784556848,0.819426329956761,1.1685928450938217,2.238232552810835
0.008608312082375114,-0.29295895695483554,0.07526806235294298,0.35918099064646886,6.607056557226195
-0.20666786783778635,-0.0292130383971807,0.08414399955998614,0.5150374545827626,10.866154090003437
-0.45908045874173775,0.180328152485978,0.03610635195670697,0.6285360428190043,4.6307420434552045
-0.09311975776108476,1.2761213160793181,0.7705457491761326,1.0727837153706885,2.5261625887941506
-0.007837614591699203,1.2839927317395048,0.8276253056041728,1.1939093893260824,1.5882016924679023
0.029084410586982246,-0.3359565673936726,0.0656282019056122,0.33204244127478155,12.520743332423315
-0.2319764890095805,-0.005971253902738671,0.08110507470082168,0.527975952052864,12.033044274492905
-0.1419520963750986,1.301419643463643,0.6984558545367965,0.9601048246854512,2.2170169748351345
0.44744435419758066,1.3641965560195,-1.103625619552646,-0.11418660974919301,11.406877182959686
-0.7908669440396323,0.4133415517356956,-0.06425231612042259,0.7487497881969521,6.923938610187034
-0.04387422961996856,-0.21006018058682724,0.08739723256353582,0.4100367401818351,5.43759750301238
-0.286493587333743,0.04219926473926716,0.07262611484976011,0.5548115116292698,5.122760418881896
-0.017820472818026678,-0.24827529990701808,0.0828546169154788,0.3866553891173497,11.057597473591777
-0.6612501578177561,0.32471734589408313,-0.02081811087140839,0.7030859335242513,10.0520838269743
-0.10356660040341181,-0.13570008312132176,0.09072991806786751,0.45422328057524713,7.25555241620255
0.32572262016320086,1.373544953695366,-0.9547859169427613,-0.20388148936856612,10.521075883760677
-0.01755160705384681,1.2808937612116982,0.8249905012508421,1.184033595076817,0.5111138162232296
-0.3377597897254473,0.4962259060781183,0.18063315516540102,-0.4694770987564799,10.67181362990349
-0.1141742384776458,1.283560824953334,0.7432203375254928,1.0284875686980923,2.596475337898916
-0.1234375199143957,1.2885912743328185,0.7293996459827861,1.0071074509059526,0.8105351633865288
0.037509823835389366,-0.6028896827790768,-0.05769407908803173,0.1563914882687821,12.284678372483993
-0.03839049023097264,1.2753478349371001,0.8162935942608122,1.1604183820565765,2.046534992501417
-0.14950907689280007,1.3083275659093574,0.6834972696231816,0.9387375381409322,-0.47906274624964906
-0.14179298780988658,0.9064865433828386,-0.18348542890210115,-0.4048795297944332,10.797400304404489
-0.8083086160071655,0.42506812808150213,-0.07051594455700039,0.755047465313025,7.707731468034631
-0.2987060818943328,0.5973198313023016,0.10050440910318367,-0.45356153429337603,10.837858830977918
-0.09795237873389814,1.2772754571775287,0.7649818918418205,1.0636120019676685,1.2503336888775602
-0.11705444588342212,1.2847414766526968,0.7393424660079628,1.022653186353504,1.449286212846752
0.6473214790105338,1.257979557447466,-1.1023529118119015,-0.022759646493067373,11.239819990299628
0.7186204354685218,1.2012647306861832,-1.0634906427480328,0.011823371765044194,11.590245076318308
-0.666412280047777,0.3283751801457822,-0.022369630045665834,0.7049041342349923,11.622366012520011
-0.13710151850515764,1.2975917490335236,0.706623764687275,0.9726602448144427,3.044473323670916
-0.15115890173572527,1.3098588775662872,0.680408426056758,0.9342027847212044,0.3025721592826811
-0.048322837118394774,1.2738369403065861,0.8103308146588476,1.1472752258541639,4.274902452644045
-0.15189913935290034,1.3105460460620046,0.6790707472680431,0.9321897386257465,2.1361841003922866
0.7450930700857278,1.1755840585437467,-1.0442490170977163,0.027069724716463822,11.622435671604544
-0.15499703897393793,1.3137364660111748,0.6727678673883478,0.9230636335251705,0.3919629459689764
-0.7497297977965803,0.385290618104117,-0.049959641076793515,0.734585152606197,5.07200565873703
0.5892299856084166,1.2955277391360636,-1.1212288868456355,-0.0472460900927251,11.091233222934735
-0.12828686117785704,1.2915778043912791,0.7215938387577467,0.9948354496644278,2.2862064102842714
-0.03151139256812702,-0.22797624995242594,0.08578757644269752,0.39905075725233713,7.118140316341925
-0.13425815616675219,1.2952704445401808,0.7120055630841421,0.9804407194386022,3.505151884105506
-0.005285654291338093,-0.26864648735980634,0.07997545282091617,0.37404872791828575,10.136424835436863
-0.003815470773878931,1.2858981933669311,0.8285204471063361,1.1973638541746416,0.8903083141287538
0.48279042644431813,1.3500101259404746,-1.1202347131870651,-0.09419574961688544,11.365004582361795
-0.2523601111288404,0.700787445765185,0.012451048764616376,-0.4378493758226768,10.705839169227128
-0.26919162654960893,0.6647227694700573,0.043864820044818606,-0.44349766832024073,10.83728715948161
-0.0010943883142757321,1.2869424989083547,0.8288542101252928,1.199711621283083,0.9752610755585498
-0.6869909000547797,0.34255002545726937,-0.029073864115227832,0.7120357593174517,10.174856554062632
0.41955922147931746,0.3575219900951521,-0.48395371383790325,0.5104575135039161,12.744069942613976
0.014016573770040562,1.2934109847325417,0.8306651821372532,1.2115754322474377,3.393298327139272
-0.003999628730570571,1.2857327660694653,0.8284553659849171,1.1970102076375901,2.3672070170133597
-0.5948831021672647,0.27848932435451507,-0.0007592856795124447,0.6793862707865451,7.98598598260899
-0.711309556053472,-0.261914423189457,-0.13701210340768702,0.5004032990283553,10.921716384810658
-0.15165956657997556,1.3102070046704288,0.6793701081436502,0.9326667257715594,1.616459746155554
-0.015371523968525314,-0.25230217940536404,0.08240421856593716,0.384257348600188,10.033148673057244
-0.08579165878502455,1.2745154781827681,0.7787547437086445,1.0868115803744356,1.9762214214507767
0.04552206835177525,-0.3794188916924816,0.0529003684998981,0.3040122067518277,7.07108743256874
-0.022294205167208148,-0.24143073982372953,0.08375952485260663,0.3908031986813836,6.339061790686757
0.5913264621583811,1.2942588355874771,-1.1208432329095945,-0.04635700234546282,11.33458869006163
-0.20246376505805425,-0.033471197389241536,0.0846747052605234,0.5128837075190595,8.442770363873816
-0.1855997597559605,1.3533922098123714,0.6039773398979701,0.8262099452109297,-1.2542017741124896
0.06094423182984102,-0.45439568382969525,0.024510376084796393,0.25542184079195057,6.9616194509238944
0.847687500352349,0.9996133447682592,-0.9071330961147717,0.13695408196693862,12.207769864818241
0.778037341922312,1.137675876945909,-1.0152351932779349,0.0502574715114093,11.636426099334468
-0.06433595633748201,0.07634842947146736,-0.3292240279447003,0.5779167051051285,12.248382177411685
-0.04490568055599155,-0.7227068453484475,-0.15192503896165038,0.07551873152738507,8.267214850558906
-0.22608579844384363,-0.011410137625536776,0.0817525444777682,0.5252785966464049,5.063554297913437
-0.07232837348596996,1.0125689447645052,-0.2992013212216392,-0.3852850206293781,10.730626508312353
-0.4997356001986122,0.21006788640763036,0.02589710677376955,0.6440500191180707,4.6284400082359785
-0.06370365572665401,1.272825306181391,0.7993218361966516,1.1250155223986207,3.298365829581666
-0.4196790023112588,0.14990269172926163,0.04587166089139316,0.6125624692544311,5.8559525225159685
0.060606570822590716,-0.45183237078888355,0.025694292481813152,0.25709766050885907,4.4793596516699195
-0.0745811290006379,-0.7514265915555158,-0.17826136889890262,0.056653522299866255,10.795428461235462
-0.09875091990460375,1.2776485654001821,0.763834918118383,1.0614737940263073,2.735238130657719
-0.541823524620452,0.24090309197104653,0.01446232233728606,0.6597981883010321,8.992088989519221
0.04193504799841441,-0.3688945373435616,0.05624934491397432,0.31087521594100576,4.24590285832803
0.7637917690602469,1.154679016639233,-1.0282809780168003,0.03981277422485191,11.891621367882149
-0.422906594935608,0.15255459299725027,0.044909484333959915,0.6141455617190723,11.161198779279331
-0.08772642203814093,1.2748542400337552,0.7766855255686123,1.0834105478120444,2.0271761071273318
0.062199236807874064,-0.47704204617541457,0.014388127897867475,0.24052027049799193,8.175509155942596
-0.18758211634601668,1.3564344433112319,0.5992718563894343,0.8196680886946667,2.18345754012684
-0.057481949404153965,1.2731068207971554,0.8040407400190092,1.1341561409140792,1.0271742111547821
-0.061788902469924405,1.2728795609081682,0.8010562337046907,1.1278822225351863,4.145868400129508
-0.18015845865515995,1.3448290559023008,0.6179410583491822,0.8450055846525342,1.2772665280019675
-0.7908246365141074,-0.3092084403831485,-0.10875859045103656,0.4760498207747212,11.781138455617636
-0.006231817170501763,1.2847496483152416,0.8281517453201235,1.1950273484448681,1.9004516492443053
-0.024811274309162523,-0.70069064491784,-0.13260652365919062,0.0902890831669235,7.68466761010033
-0.07197853978673725,1.2728687809586077,0.7925564405735147,1.1115750697747115,1.9277631744598123
-0.13036976096596942,1.2927458966142995,0.7184574638831649,0.9900570103161905,3.766220762660364
-0.12749360722320535,-0.7943671886736491,-0.22100102459342474,0.02863296894985272,7.4450163440487565
-0.03418436996406177,-0.2237424447144794,0.08590164009055268,0.4016015366250567,10.827301219699407
-0.16100119130855042,1.3201040524806131,0.6605497141987935,0.9054941481525457,1.5414311138554797
0.035648258378712466,-0.6074348083917714,-0.06064574728929284,0.15312718557753227,6.608176093840374
-0.18400534034655738,1.350961376907099,0.6078921815301124,0.8316712335361627,1.44833884617534
0.3701063000163897,1.3790576542114499,-1.0237970439184827,-0.16920425787232707,10.715482991216652
-0.2209171561581844,0.765031837377216,-0.04544061270156016,-0.42800299009168696,10.90128277857671
-0.14461284393832433,0.901260510677718,-0.17811130704092853,-0.4060482863718543,10.601673311084095
-0.08093387911585058,1.2738945336176848,0.7838555959797657,1.0960530726640811,1.5475098001948495
-0.031057659444211766,1.0687167142899452,-0.3662143048892411,-0.3728890146503837,10.82090904924228
-0.08251465837653588,-0.1605742057042488,0.09034108849428463,0.4391966113948693,6.989215392360298
0.7229981565121092,1.1972562952699022,-1.0604072615249753,0.014322515155461402,11.088331125857419
0.0014197862277033069,-0.6672071156526052,-0.10495106400531637,0.11285218506964725,9.056857367865875
-0.03438340973217769,1.27629795630173,0.8180733527435421,1.165371829235154,0.10388614312610045
0.6564764147680646,1.2514544818594642,-1.0982207968003759,-0.018757375964950695,11.379439825966054
-0.12998479909943567,-0.7959733040490768,-0.22294709216763534,0.027413547025925408,6.740674415609044
-0.045724201334751136,-0.7237068865096548,-0.15300402731179308,0.07484736174468365,6.20438061149644
0.05972761245118191,-0.5217911433483152,-0.008115022982206066,0.21059013346446467,9.460329329569372
-0.04957043548736695,1.2737075270534193,0.8095383786699928,1.1456896941668442,3.957864433060317
0.04857269858364385,-0.5733685581116913,-0.038695269388298675,0.17604042895675887,12.980888033800891
-0.15045993714068118,1.3091704002707785,0.6819146582663009,0.9361147940549589,1.8279403481168317
0.05880541687275445,-0.5290097399119059,-0.012231189043186153,0.2057617501637324,6.111169193151216
0.015297843138341849,1.2940293580626319,0.8306365513947029,1.2126513339519571,1.6476154321559344
-0.07066068599671937,1.2728349462081276,0.793584377453521,1.113736055468003,2.651489982973241
-0.030611963639717354,-0.22908824565165592,0.0854514978494264,0.39814233175740515,10.619901596917098
-0.17956338019904117,-0.05549834841043211,0.08689251398720788,0.5004709324260561,5.239341497654959
-0.09619191938848026,1.2768264011652732,0.7672105194912715,1.0671983203443425,4.511045508694105
-0.13313928248985146,1.2948588302304218,0.7131366559393906,0.9824267611042943,3.272090462414946
-0.01974265447198178,1.2800935593563798,0.8241824449928913,1.1817446045086126,0.8832923151584107
-0.06681628103448713,-0.7441209160823012,-0.17162365425866014,0.06125467899087497,10.305532745953025
-0.10498077067804924,1.2796672303932002,0.7563852938233476,1.049141289906879,1.2502504765339932
-0.06798464258017228,1.2728166441887934,0.7959379862677755,1.118069990446103,1.8875222191716383
0.0011676500186381094,1.2878106466746295,0.8294557639994459,1.2018127450258342,1.673315881612726
0.8258648302880126,0.7795125384370698,-0.7463983065961646,0.27812562127745044,12.537392005926003
-0.38352648219893876,0.12215816553030034,0.05390745832617916,0.5976769753736912,9.026904445241543
-0.2720013990099398,0.658768900590289,0.048868928340355895,-0.44431770647414015,10.705674745715662
0.0027374172914671254,1.2883668663041536,0.8296488531505475,1.202916250436638,0.6842028382130991
-0.1043841056156938,1.2794279503227508,0.7566625308092788,1.050067182434164,1.021557733395066
-0.009448199075035302,-0.26187254915083,0.08103821851062865,0.378336563718597,6.919451269549378
0.5220026798920729,1.331723083428383,-1.1275239561999988,-0.07577238655297838,11.393213731934875
-0.15484588596826648,1.3135308148011344,0.6728956368066794,0.9231968384084615,-0.17296524534971947
0.8274327481028816,0.7837545405276091,-0.7491483284851256,0.27546212034497836,12.68507599750629
-0.5207363846663509,0.22562539043443702,0.020319700755112247,0.6519412716444961,9.95335078300566
0.014172321211604,-0.3036586088494077,0.07315741752826788,0.3521547148965057,7.756242578995504
-0.10920830131912626,1.2813030262495562,0.7503807409549547,1.0396160000873043,5.027208205810844
-0.300766242873766,0.05429431926899275,0.07029050784134505,0.561487149413024,7.191851023114303
0.8527516560088799,0.9764730649107843,-0.8894549755470537,0.15169272831392575,11.996120431923636
-0.031384773333070014,1.2770344598796652,0.819485319288877,1.1688817557560205,0.9023039883376085
-0.11284564938743541,1.2827905935607937,0.7453417783083498,1.0315644560927024,2.793428773656898
-0.007253673203743205,-0.6792283265775666,-0.11459136405690021,0.10481107071082907,8.736488126393285
0.8516373966265139,0.9830885773431346,-0.8946868788946929,0.14747120272072864,12.06980043709301
0.055460583105690464,-0.5473330718401345,-0.0226227068480101,0.19388729847519984,9.009714729500416
0.05802660043453867,-0.5339100740860997,-0.015013403010174564,0.2026620057243902,7.410559963927815
-0.4474449044865864,0.17091718834559794,0.039127798315985896,0.623587424307505,9.285247082318559
0.8167648642241928,1.079090743325911,-0.9689356555111144,0.0866240933647445,11.994495974372022
-0.14414192513315127,1.30337085504375,0.6937297212441831,0.9535427182327432,1.156204418475883
0.040052189695283014,0.13166795454235797,-0.359186711144265,0.573227474867994,12.229210717345119
0.0478694877182147,-0.38747266576325595,0.050322558539524664,0.29914189189695456,4.336746867398906
-0.19074673338901343,1.3620359273776186,0.5906433240761885,0.8075338625694293,0.4287332224987601
0.43535531777564157,1.3681008689862764,-1.095211651861244,-0.12142611452603946,10.690188816852084
-0.18350630917172567,1.3501837051735792,0.6092936720848475,0.8332528636225086,3.3787484178051885
-0.024643761944027086,1.2787519213343486,0.8223412463325899,1.1768481656575762,2.2653743637450563
-0.41782943807481226,0.14851250392925525,0.046190225406613994,0.6118322787833969,7.226466791001572
-0.18242864331855813,1.3486453555580864,0.6114002589901579,0.8365897989823262,0.6455251390600464
0.06086595734634068,-0.5143386486499463,-0.004237609742021031,0.21561282378202665,8.414828815599304
-0.09842318902743119,1.2774815289961092,0.764487102024744,1.062310814537765,1.199116973122146
-0.021462672737599584,1.279777974910015,0.8236491232859959,1.1799463931154521,3.237259422909873
-0.33679173480009456,0.08422880293361246,0.06336579185182756,0.5775597232388782,2.937067561406276
-0.1567178122520539,1.3153494582569987,0.6694325015461073,0.918366693106021,2.1652473721719483
0.03772650468815075,-0.3570730647993072,0.059807181695843536,0.3185505000154015,11.436524532962249
-0.524336613465394,0.22804949355871745,0.01912300457988514,0.6532171549295585,8.290711300079343
0.024436215355377933,-0.32521994558793427,0.06834063121312017,0.3387379033234696,6.393502358830391
-0.16584029495225985,1.3258310098191075,0.6501933066364619,0.890925834733429,2.19994929649563
-0.11685873217978349,1.2850024569512368,0.7392429431364586,1.0221937938942234,0.9460694523562683
-0.1290765048728186,0.9267506165915231,-0.20474872141350414,-0.4014714583222676,10.700146252865563
-0.18940740986430232,1.3602311164057328,0.5935880222567317,0.8121344501773768,2.5499474756451095
-0.3086578749159804,0.5722100179651042,0.12072402721966904,-0.4574044963524936,11.066358511514188
-0.13675116570313245,1.2976068229362057,0.7070801993746869,0.9734425179167175,2.6862607854553517
-0.1428768925335815,-0.0926715105857655,0.08966615041545078,0.47903543102303253,4.042158839287439
-0.055972275369027075,1.2729878101545566,0.8051010582063978,1.1364475441590296,1.6628810733113557
0.7799808280971599,1.1352773632863138,-1.012999221320764,0.05160289259759823,12.02752430526752
-0.5876947426386919,0.27351052161337264,0.0014888923049852787,0.6768232908490449,6.728228903028334
-0.12743913619565256,1.290744516803843,0.7230086431861475,0.9970511297431868,1.9536384433590421
-0.037756977519872156,1.2756038249494726,0.8164556009334275,1.161083830298331,2.7935437530074334
-0.16941366692110882,1.3304400657548778,0.6420314815437759,0.879297497313601,1.302112363437423
-0.0713733638876024,1.2729849501683,0.7928830890849556,1.1121828871447041,3.468579445903702
-0.029769847417771004,1.2775795598324988,0.820339676118127,1.1706494084956591,3.1027810776617057
-0.20003834638676046,0.8047150465347238,-0.08258252101555529,-0.42167754968684545,10.491760446587524
0.8308717224821294,1.0497223363700512,-0.9460026492550735,0.10493631639652723,11.80360313465216
-0.009726029737048947,1.2835970434364028,0.8272908463011358,1.1919492825995701,1.2300817976476817
-0.6070683466280459,0.28716842090739625,-0.004432947732080805,0.68371304674018,6.123943761807666
-0.018816463595808346,1.2804441732855352,0.8243864261778011,1.1830668878877686,3.813611426597107
0.20985286574158257,0.22639038544558615,-0.41096595409888736,0.5545342889807755,12.653527128592339
-0.7513859314346679,0.38636234091980765,-0.0506517264916827,0.7348968076224907,7.09641791598275
-0.0450674169512888,-0.20859830498713916,0.08749919892506602,0.4108628649482364,9.698666943110284
-0.10593294198839642,-0.13312012394590944,0.09074634268192733,0.45582953608297183,3.302905596329599
-0.12099968035161981,1.2870386473600188,0.7333908228081716,1.0129800371008277,4.130244282176802
-0.19045644705375708,1.3617057186436596,0.5912856763253312,0.8086610734089201,1.8153583895422831
-0.0989796922380129,-0.7721034569934421,-0.1985504289826502,0.043048944064518424,8.959391753978924
-0.06749138980419486,1.2728847655895277,0.7963421891932726,1.1189365630920678,2.921143815495545
0.01556725861417034,1.2940509466278707,0.8307165817360274,1.2128398004173113,3.6608167306438983
-0.09148901574939741,1.2757322918233747,0.7724681826499226,1.076285411029323,1.0550042352753248
-0.1623772394813483,1.3217307824589763,0.6574904726533508,0.9014075504834601,2.6453668646568556
-0.1612571931065237,1.3206311358087892,0.6599958729356806,0.9044597513975515,3.638251776292477
-0.0018741365016189289,1.2864845045299131,0.8288028086286354,1.1991986414891505,3.0232285576048206
-0.036751098988368806,1.275980505224951,0.8169337069734016,1.1624726546276973,2.5325559280988776
-0.12322045857593977,1.2884937249722972,0.7297505872716726,1.007367188911375,2.0060049250013035
-0.08480942773179224,1.2743689409675472,0.7796882492346094,1.0885144727861624,3.3786899070656062
-0.047536406233225525,1.2740055210444716,0.8109319126051276,1.1486543379399095,0.9368970026907104
-0.5596067890821794,0.2535171255646668,0.009656185169962916,0.6663905772960282,11.271177497557009
0.8568354395258396,0.9137873143890208,-0.8422600347111201,0.1921398474153891,12.092366731468317
-0.08273598464907797,1.2740154159027175,0.7821498385968718,1.0929837156848328,0.37741671078226346
-0.012764979895784317,1.2825606456213867,0.8263802602131194,1.1888470859444544,2.256409653007683
0.04925605327398078,-0.5712250711941895,-0.03713489075433826,0.1774848633509296,7.073462597882414
-0.18203967068797772,1.3479524106000893,0.6124758466742007,0.8381900790364121,2.5862176786722886
0.49629191209028806,1.343899328545376,-1.1237712852404866,-0.08726497448316548,11.388802439405229
-0.003272874657957482,1.2860621135581478,0.8285047559833398,1.1978811473702107,3.1609063610592334
0.0037244109418814,1.2888652603415216,0.8296279083873903,1.2038916293955235,3.0746303558551613
-0.21273313059927496,-0.023802023329391075,0.08354190508716342,0.518251866595314,7.9821649214240304
-0.013268482786346462,1.2822947410744723,0.8263330690028764,1.188475975593576,2.1069363246436645
-0.00889649440182529,1.2836398433055582,0.8273664189964094,1.1927448381945036,2.9813279593418756
-0.14726995655530728,1.3062426918784134,0.6878306824813294,0.9449954956192057,-0.36671253980879204
-0.038337353684879956,1.2754476615980774,0.8162595482248727,1.1607618959990447,1.7869882398114314
0.45512087721421435,1.361324902478046,-1.1083312669397696,-0.109300438166718,10.89399524941233
-0.01582366400788011,1.281346326371026,0.8253776808593698,1.1858873235250853,1.247443197686812
-0.011373367118666246,1.2831388998139361,0.8267245077620944,1.1902815529709678,1.684534629362368
-0.15219070415718444,-0.08302985605106905,0.0890823990286147,0.4846561725600046,9.658048024719971
0.01148080399431953,1.2924608420375476,0.8304568157260038,1.2097328923884119,0.9603654132783412
-0.14811069636630467,1.3068261512779278,0.6863622799816246,0.9427403851516512,3.6060401519131444
-0.009476906124311273,1.2836840211069978,0.8272334626367037,1.1921755916286685,3.3570373092599266
-0.8020975490392137,0.42067714803026135,-0.06813522732885902,0.7528004345623228,6.124848716053062
-0.06322498192962897,1.2728073514229035,0.7995617591722792,1.1253605813229628,1.3315886407179698
-0.07678058176319885,1.2731194650423743,0.7881730175519817,1.1032989007604097,3.0127043464798455
0.05009501751541812,-0.39520661784964123,0.047716424032807514,0.29393350019339126,8.181728774755953
-0.05113722179918451,-0.20045306715776517,0.08830289203434238,0.41573876005585725,6.485156264792107
