fpc_7,fpc_1_lag1,fpc_2_lag1,fpc_3_lag1,fpc_4_lag1,fpc_5_lag1,fpc_6_lag1,fpc_7_lag1,fpc_8_lag1,fpc_9_lag1,fpc_1_lag2,fpc_2_lag2,fpc_3_lag2,fpc_4_lag2,fpc_5_lag2,fpc_6_lag2,fpc_7_lag2,fpc_8_lag2,fpc_9_lag2
-0.4794586783819342,-1.400588416773361,1.689716331184097,1.2825511849351063,1.6941851502558876,-1.261421886008477,-0.10598976447966554,0.2729111687279982,0.3039409157500203,-0.4117518104490848,-1.4606204561471408,1.623924588330452,1.2212936285255602,1.1755426285731283,-0.1269828297310322,-0.382636757967219,0.9395396300860313,-0.27513765213131075,0.7273123361666526
-1.1740930707953654,-1.4072453807869039,-0.2715497293005291,1.884043370318568,1.2006646563600054,-0.07919277142325681,-0.33307206145327223,-0.4794586783819342,0.5831343438390929,-0.04114346744658563,-1.400588416773361,1.689716331184097,1.2825511849351063,1.6941851502558876,-1.261421886008477,-0.10598976447966554,0.2729111687279982,0.3039409157500203,-0.4117518104490848
-1.6384340197728466,-1.3948078910751869,-0.9216295687403239,0.9189408697582032,1.7635171966717489,-1.1898955876057864,-1.0071431458614553,-1.1740930707953654,1.310074143928588,-0.18307068480828895,-1.4072453807869039,-0.2715497293005291,1.884043370318568,1.2006646563600054,-0.07919277142325681,-0.33307206145327223,-0.4794586783819342,0.5831343438390929,-0.04114346744658563
-1.0981977972107748,-1.4950221778256803,-0.9711810520603588,2.0857885250918686,0.5292225099454253,-0.6223985451600141,-0.7156184717326577,-1.6384340197728466,-0.7396293408546558,0.6710250671446409,-1.3948078910751869,-0.9216295687403239,0.9189408697582032,1.7635171966717489,-1.1898955876057864,-1.0071431458614553,-1.1740930707953654,1.310074143928588,-0.18307068480828895
-1.5988537802705431,-1.4477877165612507,-0.44726176813653484,2.182165395750977,0.5410857045380442,0.5382461214727973,-1.0890113818702787,-1.0981977972107748,-2.0820497502590123,0.14876886161086167,-1.4950221778256803,-0.9711810520603588,2.0857885250918686,0.5292225099454253,-0.6223985451600141,-0.7156184717326577,-1.6384340197728466,-0.7396293408546558,0.6710250671446409
0.49350091975672433,-1.3731737816313059,0.44507781648961303,1.860590112838673,0.5378280080698369,-0.4475041990921483,-1.0714913648685078,-1.5988537802705431,-0.06556377120148313,-1.2736270111275885,-1.4477877165612507,-0.44726176813653484,2.182165395750977,0.5410857045380442,0.5382461214727973,-1.0890113818702787,-1.0981977972107748,-2.0820497502590123,0.14876886161086167
0.5889494776797889,-1.4300460523253054,0.04530640504322431,1.1105677854635465,0.7103706714910408,-0.634932374833109,-1.1145986704692994,0.49350091975672433,0.019609275839951028,0.6231315702865459,-1.3731737816313059,0.44507781648961303,1.860590112838673,0.5378280080698369,-0.4475041990921483,-1.0714913648685078,-1.5988537802705431,-0.06556377120148313,-1.2736270111275885
1.2724473740259366,-1.512773071154631,0.5069732173514645,1.0767344903605593,-1.0367522836567244,0.5432663801460221,-1.9322242587053264,0.5889494776797889,-1.1650148824011983,0.1049323077144033,-1.4300460523253054,0.04530640504322431,1.1105677854635465,0.7103706714910408,-0.634932374833109,-1.1145986704692994,0.49350091975672433,0.019609275839951028,0.6231315702865459
0.6154432028482215,-1.4620203794029012,1.82413307051979,0.1996002704227449,-0.45616957681323067,0.23867615484960703,-0.19326661729808434,1.2724473740259366,-0.08584844707650591,1.1709253772531556,-1.512773071154631,0.5069732173514645,1.0767344903605593,-1.0367522836567244,0.5432663801460221,-1.9322242587053264,0.5889494776797889,-1.1650148824011983,0.1049323077144033
0.6360234839616554,-1.4808039354711457,1.8838336999100236,-0.258792471701018,-0.14589120366776906,-0.06018545516865533,-1.045083797187436,0.6154432028482215,3.1343657258334487,1.286529166043151,-1.4620203794029012,1.82413307051979,0.1996002704227449,-0.45616957681323067,0.23867615484960703,-0.19326661729808434,1.2724473740259366,-0.08584844707650591,1.1709253772531556
0.09954795940702997,-1.3207533947101517,1.8088071552123965,-1.325704836290621,0.07648116653038176,-0.12381292367588749,-1.177549277751073,0.6360234839616554,1.7930069960171227,-0.6558074201958245,-1.4808039354711457,1.8838336999100236,-0.258792471701018,-0.14589120366776906,-0.06018545516865533,-1.045083797187436,0.6154432028482215,3.1343657258334487,1.286529166043151
1.5376908432123317,-1.1367571783612784,1.6918519466368265,-1.3722814816747555,-0.8091935276838998,0.5272919958910486,0.22898542337024952,0.09954795940702997,0.35604679057937055,0.6321313798177202,-1.3207533947101517,1.8088071552123965,-1.325704836290621,0.07648116653038176,-0.12381292367588749,-1.177549277751073,0.6360234839616554,1.7930069960171227,-0.6558074201958245
-0.4749512465974444,-1.1610362042118003,0.7623232582541501,-0.8314769979091807,-0.693284058323134,-0.5150321603261987,0.2736402371266552,1.5376908432123317,0.15464529812200306,0.4220157221689639,-1.1367571783612784,1.6918519466368265,-1.3722814816747555,-0.8091935276838998,0.5272919958910486,0.22898542337024952,0.09954795940702997,0.35604679057937055,0.6321313798177202
1.8161520907329385,-1.1932523176997116,0.39369452490445567,1.0005264413120813,-0.021927987176510684,-1.4434009878008116,0.9884627797324849,-0.4749512465974444,-0.4804416453239695,0.7516185043557737,-1.1610362042118003,0.7623232582541501,-0.8314769979091807,-0.693284058323134,-0.5150321603261987,0.2736402371266552,1.5376908432123317,0.15464529812200306,0.4220157221689639
-0.7943281001503387,-1.0820127565138056,0.4578269118320536,-0.017003578873548635,-0.42392886246609013,-0.9111905178190483,1.3888707719844826,1.8161520907329385,-2.315694965323539,0.519376030801155,-1.1932523176997116,0.39369452490445567,1.0005264413120813,-0.021927987176510684,-1.4434009878008116,0.9884627797324849,-0.4749512465974444,-0.4804416453239695,0.7516185043557737
-0.8055514701298698,-1.2492998389407513,-0.3277239967730859,0.22744916933936404,-0.24766941871985018,1.1738702970203443,-0.07888381106793652,-0.7943281001503387,-1.647556739496778,1.8032588793641704,-1.0820127565138056,0.4578269118320536,-0.017003578873548635,-0.42392886246609013,-0.9111905178190483,1.3888707719844826,1.8161520907329385,-2.315694965323539,0.519376030801155
-1.5501153929612859,-1.2002102677737214,0.7874417053766144,-0.19900663688222112,0.20074950342421433,1.2579433453566657,-0.39641372479814196,-0.8055514701298698,-1.0573375560622509,0.19361924215061382,-1.2492998389407513,-0.3277239967730859,0.22744916933936404,-0.24766941871985018,1.1738702970203443,-0.07888381106793652,-0.7943281001503387,-1.647556739496778,1.8032588793641704
-0.8975501927978337,-1.337876699085103,0.4570937241208867,-0.5904356536468132,0.2904786139614695,0.8341645962365948,0.002872565585575161,-1.5501153929612859,-0.911215500741429,-1.1164370619742006,-1.2002102677737214,0.7874417053766144,-0.19900663688222112,0.20074950342421433,1.2579433453566657,-0.39641372479814196,-0.8055514701298698,-1.0573375560622509,0.19361924215061382
-0.5205290410964022,-1.3970727876328075,0.47128424592170076,-0.7252154050846881,-1.4549246233744606,1.2923610605174474,-0.15409431104405621,-0.8975501927978337,0.7097235154719777,-0.2005269657532713,-1.337876699085103,0.4570937241208867,-0.5904356536468132,0.2904786139614695,0.8341645962365948,0.002872565585575161,-1.5501153929612859,-0.911215500741429,-1.1164370619742006
-2.0198446005967354,-1.3413497461794603,-1.0862056283637351,-1.7248520107008725,-0.7147512149727618,0.5307709956246742,-0.8796357452279485,-0.5205290410964022,0.5798098229724178,0.3772237180140673,-1.3970727876328075,0.47128424592170076,-0.7252154050846881,-1.4549246233744606,1.2923610605174474,-0.15409431104405621,-0.8975501927978337,0.7097235154719777,-0.2005269657532713
-0.15636576877153477,-1.336048191192976,-1.2557263948736765,-1.6077503881250925,-1.1722665905219853,0.8131135503172665,0.17197112604605386,-2.0198446005967354,-0.48799019978261854,1.0725503121945512,-1.3413497461794603,-1.0862056283637351,-1.7248520107008725,-0.7147512149727618,0.5307709956246742,-0.8796357452279485,-0.5205290410964022,0.5798098229724178,0.3772237180140673
-0.8739890281995276,-1.1828766416985939,0.057153067277383056,-2.2410881457036282,-0.8307604449825448,0.6350820905448316,-0.6623714364274009,-0.15636576877153477,0.3903820662230755,-0.007067773454830652,-1.336048191192976,-1.2557263948736765,-1.6077503881250925,-1.1722665905219853,0.8131135503172665,0.17197112604605386,-2.0198446005967354,-0.48799019978261854,1.0725503121945512
0.3685496682151307,-1.2081591891312857,0.07391139166949075,-2.372295586897794,0.23861344624626663,0.7955328064381545,0.29515944984363257,-0.8739890281995276,0.04286795853671939,-0.9021309073906038,-1.1828766416985939,0.057153067277383056,-2.2410881457036282,-0.8307604449825448,0.6350820905448316,-0.6623714364274009,-0.15636576877153477,0.3903820662230755,-0.007067773454830652
-0.7829064402185891,-1.0761347767123852,0.24789092622533745,-2.578786746241812,1.645048006642878,0.5891976716136337,0.22953371145372484,0.3685496682151307,-1.7738166772707777,-1.5817898372654013,-1.2081591891312857,0.07391139166949075,-2.372295586897794,0.23861344624626663,0.7955328064381545,0.29515944984363257,-0.8739890281995276,0.04286795853671939,-0.9021309073906038
0.6930837119150831,-1.0987544641160132,-0.24849395163446428,0.3255908753095157,-0.1304063137568817,1.4027468578520337,0.902248282598859,-0.7829064402185891,0.37699265653494296,-1.9646851230934523,-1.0761347767123852,0.24789092622533745,-2.578786746241812,1.645048006642878,0.5891976716136337,0.22953371145372484,0.3685496682151307,-1.7738166772707777,-1.5817898372654013
-0.2372379565377011,-0.9788503246192796,0.466250403740353,-0.5341456025964225,1.9870769912463426,1.2750887520532261,-0.12644018892192724,0.6930837119150831,-0.2200709177049544,-1.3139475834417922,-1.0987544641160132,-0.24849395163446428,0.3255908753095157,-0.1304063137568817,1.4027468578520337,0.902248282598859,-0.7829064402185891,0.37699265653494296,-1.9646851230934523
-0.3114972511700443,-0.9803178679872028,1.4022622643273912,-0.798075022574941,0.7729286931810002,-0.4018830869484938,-0.22089882229144403,-0.2372379565377011,0.8305694426073745,-0.9434330491514072,-0.9788503246192796,0.466250403740353,-0.5341456025964225,1.9870769912463426,1.2750887520532261,-0.12644018892192724,0.6930837119150831,-0.2200709177049544,-1.3139475834417922
1.4824123096206172,-1.0181210007096682,1.3381104813518563,-0.7952107966293833,-0.14779711043129382,1.178681542979529,0.10584493269713593,-0.3114972511700443,-1.5224941280289075,1.482813121917565,-0.9803178679872028,1.4022622643273912,-0.798075022574941,0.7729286931810002,-0.4018830869484938,-0.22089882229144403,-0.2372379565377011,0.8305694426073745,-0.9434330491514072
2.119977662940853,-1.0451235658697449,0.37187069819313784,-0.4011677430337842,0.25322795881000804,-0.17085866354860835,0.08495561644724041,1.4824123096206172,-2.1878219094328974,-2.049602852464926,-1.0181210007096682,1.3381104813518563,-0.7952107966293833,-0.14779711043129382,1.178681542979529,0.10584493269713593,-0.3114972511700443,-1.5224941280289075,1.482813121917565
0.21475739730358306,-1.0010779450418947,0.1545658090250946,0.8058295328540732,-0.25437444202286125,0.4971274815303139,0.1175650539373168,2.119977662940853,0.026092325191902948,-0.850908899079588,-1.0451235658697449,0.37187069819313784,-0.4011677430337842,0.25322795881000804,-0.17085866354860835,0.08495561644724041,1.4824123096206172,-2.1878219094328974,-2.049602852464926
0.5683277438372236,-0.9959991826753068,-0.40435491504804033,0.834933187004872,-2.0086118897977525,-0.2773011539014866,-0.7319682765238976,0.21475739730358306,0.5706160837412114,-0.5340281121385801,-1.0010779450418947,0.1545658090250946,0.8058295328540732,-0.25437444202286125,0.4971274815303139,0.1175650539373168,2.119977662940853,0.026092325191902948,-0.850908899079588
0.7608068390965482,-0.7649110709889472,0.7175654673655866,0.7016749058409217,0.15362623506539214,0.2449122321692919,1.6173763605715235,0.5683277438372236,-0.49172297500934176,1.6569850858448272,-0.9959991826753068,-0.40435491504804033,0.834933187004872,-2.0086118897977525,-0.2773011539014866,-0.7319682765238976,0.21475739730358306,0.5706160837412114,-0.5340281121385801
0.49858409535399195,-0.6774888640238413,0.442359330152948,2.1721350526104626,0.28960590563881855,2.2230683709538672,0.7638790671188833,0.7608068390965482,-0.7636288480065836,0.826900517063754,-0.7649110709889472,0.7175654673655866,0.7016749058409217,0.15362623506539214,0.2449122321692919,1.6173763605715235,0.5683277438372236,-0.49172297500934176,1.6569850858448272
0.43886827789672744,-0.8149390681551474,-0.12542248895288508,2.1804864696258477,0.5054944406479898,2.1745507811471145,1.673888542866603,0.49858409535399195,-0.3639568817576743,-0.1361622568871994,-0.6774888640238413,0.442359330152948,2.1721350526104626,0.28960590563881855,2.2230683709538672,0.7638790671188833,0.7608068390965482,-0.7636288480065836,0.826900517063754
-1.238765090321703,-0.7165937754735043,-0.6423072250095637,0.09627677133707736,-0.1421615386124217,0.1730692796692075,2.015442107606267,0.43886827789672744,0.9105164044914528,1.1806704272845836,-0.8149390681551474,-0.12542248895288508,2.1804864696258477,0.5054944406479898,2.1745507811471145,1.673888542866603,0.49858409535399195,-0.3639568817576743,-0.1361622568871994
-0.002735764799663549,-0.6804035991169572,-0.5413603396974007,0.45747618196601,-1.662005915415207,0.5681948113302352,1.8039412802601114,-1.238765090321703,0.9357390003856598,-1.6946860637942882,-0.7165937754735043,-0.6423072250095637,0.09627677133707736,-0.1421615386124217,0.1730692796692075,2.015442107606267,0.43886827789672744,0.9105164044914528,1.1806704272845836
0.5758128273151103,-0.7264421229468063,-0.4118737652580653,0.15366416653755974,-0.1829214473108332,0.3166217479639497,-0.6941969755699213,-0.002735764799663549,0.9542955104503567,2.3924999381810848,-0.6804035991169572,-0.5413603396974007,0.45747618196601,-1.662005915415207,0.5681948113302352,1.8039412802601114,-1.238765090321703,0.9357390003856598,-1.6946860637942882
0.12324007126927336,-0.8279573287522703,-0.43375606006448025,0.8091216537460956,0.7932560174609412,-0.10437012637306478,-1.8374141059324163,0.5758128273151103,1.2518980945592861,-1.025132021158478,-0.7264421229468063,-0.4118737652580653,0.15366416653755974,-0.1829214473108332,0.3166217479639497,-0.6941969755699213,-0.002735764799663549,0.9542955104503567,2.3924999381810848
1.7520693536794505,-0.6898859038082937,-0.9824711139599352,-0.7513028453262837,0.4558002163083727,-0.624527331581234,0.02570614028485767,0.12324007126927336,1.9620039363885626,0.4373378957811295,-0.8279573287522703,-0.43375606006448025,0.8091216537460956,0.7932560174609412,-0.10437012637306478,-1.8374141059324163,0.5758128273151103,1.2518980945592861,-1.025132021158478
1.1394933526942457,-0.6659233521427541,-1.2631387975418806,0.44060896972871577,-0.6782365156265416,0.13845453592523346,0.40703385773151796,1.7520693536794505,0.8418697413472007,-2.4028526317414056,-0.6898859038082937,-0.9824711139599352,-0.7513028453262837,0.4558002163083727,-0.624527331581234,0.02570614028485767,0.12324007126927336,1.9620039363885626,0.4373378957811295
0.16357101283939748,-0.515530510073085,0.16230854005535086,0.4641410331025209,0.9796747321212463,-0.05494789387717649,0.7105013200745781,1.1394933526942457,0.24318411888770744,-0.35866590557607675,-0.6659233521427541,-1.2631387975418806,0.44060896972871577,-0.6782365156265416,0.13845453592523346,0.40703385773151796,1.7520693536794505,0.8418697413472007,-2.4028526317414056
0.05405856696016504,-0.3656760004928437,-0.4075861437774607,0.20020792662637793,0.7891888642169559,0.7504416257046421,1.78301232636826,0.16357101283939748,1.3542662844472724,0.5306623405694381,-0.515530510073085,0.16230854005535086,0.4641410331025209,0.9796747321212463,-0.05494789387717649,0.7105013200745781,1.1394933526942457,0.24318411888770744,-0.35866590557607675
-0.04065189571981471,-0.19051769476856628,-1.0085321237409728,-1.262858908774767,0.478805810071159,-0.8288015886351165,0.376705711071498,0.05405856696016504,-0.19597928738043208,-1.2829240226232903,-0.3656760004928437,-0.4075861437774607,0.20020792662637793,0.7891888642169559,0.7504416257046421,1.78301232636826,0.16357101283939748,1.3542662844472724,0.5306623405694381
0.1217563210575359,-0.3123751133873867,-1.40215856586459,-2.2548446020265125,0.11165277286297447,-1.4079651805965308,-1.2560758728753036,-0.04065189571981471,0.6097877541574509,-0.839567023658444,-0.19051769476856628,-1.0085321237409728,-1.262858908774767,0.478805810071159,-0.8288015886351165,0.376705711071498,0.05405856696016504,-0.19597928738043208,-1.2829240226232903
0.47524137500286756,-0.3139230855424421,-0.3875966531905147,-0.18311218856189287,0.27922541089445096,-1.4302348409176442,1.2899353363911237,0.1217563210575359,-0.7291692336260421,0.8867129776881228,-0.3123751133873867,-1.40215856586459,-2.2548446020265125,0.11165277286297447,-1.4079651805965308,-1.2560758728753036,-0.04065189571981471,0.6097877541574509,-0.839567023658444
-0.10323057538492889,-0.40226125491877746,-0.5409921139465802,-1.0597072198049706,-0.7064386429736712,0.15279965214481223,0.2296394771202604,0.47524137500286756,-1.2467563846638354,-0.8466722019817989,-0.3139230855424421,-0.3875966531905147,-0.18311218856189287,0.27922541089445096,-1.4302348409176442,1.2899353363911237,0.1217563210575359,-0.7291692336260421,0.8867129776881228
-0.2720633166423197,-0.4411575543237648,-0.4545055481830337,-0.8777191370556554,-1.0313109495561916,-0.8997102227944551,-0.4564070337856421,-0.10323057538492889,-0.27526990377796523,0.5073365910626919,-0.40226125491877746,-0.5409921139465802,-1.0597072198049706,-0.7064386429736712,0.15279965214481223,0.2296394771202604,0.47524137500286756,-1.2467563846638354,-0.8466722019817989
0.3346166721540011,-0.3968190021837069,-1.6685584792029424,-0.06823471280731332,-0.3635794519701806,-0.5893737420456784,-0.6928915183239703,-0.2720633166423197,0.4958058530041742,0.2117653547725532,-0.4411575543237648,-0.4545055481830337,-0.8777191370556554,-1.0313109495561916,-0.8997102227944551,-0.4564070337856421,-0.10323057538492889,-0.27526990377796523,0.5073365910626919
2.0053100101806103,-0.43751444511021576,-1.3519478836772114,-0.7858949613130797,-0.837708132256754,-2.474416978993324,0.13436110682193375,0.3346166721540011,0.3081202760548862,1.1007204568296431,-0.3968190021837069,-1.6685584792029424,-0.06823471280731332,-0.3635794519701806,-0.5893737420456784,-0.6928915183239703,-0.2720633166423197,0.4958058530041742,0.2117653547725532
-0.69930981614156,-0.264924339451702,-1.3402784267543562,-0.8563789132143953,0.3929567410312762,-2.595778077173957,0.6653081001431664,2.0053100101806103,-1.5691461792842891,1.0715444514311638,-0.43751444511021576,-1.3519478836772114,-0.7858949613130797,-0.837708132256754,-2.474416978993324,0.13436110682193375,0.3346166721540011,0.3081202760548862,1.1007204568296431
-1.4577087979465895,-0.2612107804005673,-1.35755438216103,-0.062163278124237956,-0.8497726308599259,-1.779289633514013,0.3532370514275519,-0.69930981614156,0.1642883258035409,-1.6803661197573894,-0.264924339451702,-1.3402784267543562,-0.8563789132143953,0.3929567410312762,-2.595778077173957,0.6653081001431664,2.0053100101806103,-1.5691461792842891,1.0715444514311638
0.6227874884288,-0.07254175542910171,-0.3252448017458158,0.5460503771539716,-1.6036920731175028,-1.0201079241358257,0.3891876095224258,-1.4577087979465895,0.5299391793831784,-2.479391324301865,-0.2612107804005673,-1.35755438216103,-0.062163278124237956,-0.8497726308599259,-1.779289633514013,0.3532370514275519,-0.69930981614156,0.1642883258035409,-1.6803661197573894
-0.1335809913872872,-0.1465307432112291,-0.5189709490281968,0.6602724860709405,-1.4021584981174637,-1.5460405312047971,0.16514896005506388,0.6227874884288,1.5402442835570824,-1.1742924637714962,-0.07254175542910171,-0.3252448017458158,0.5460503771539716,-1.6036920731175028,-1.0201079241358257,0.3891876095224258,-1.4577087979465895,0.5299391793831784,-2.479391324301865
0.9578808613393056,-0.015476563329424677,0.04277350289640331,0.3491576239175699,-1.5632802161483186,-1.3805366784272703,0.7711688780967275,-0.1335809913872872,-1.256890822723522,-1.2398579703559571,-0.1465307432112291,-0.5189709490281968,0.6602724860709405,-1.4021584981174637,-1.5460405312047971,0.16514896005506388,0.6227874884288,1.5402442835570824,-1.1742924637714962
-1.7596346732858565,0.051138218789804055,1.4327971227930387,0.3611432743754258,-1.8195069213035253,0.5469709543703783,0.8307048483653797,0.9578808613393056,0.21141592303161327,-0.6908306769349519,-0.015476563329424677,0.04277350289640331,0.3491576239175699,-1.5632802161483186,-1.3805366784272703,0.7711688780967275,-0.1335809913872872,-1.256890822723522,-1.2398579703559571
-0.7102666287564688,-0.01899686481311578,0.636726018242913,-0.06315973115112819,-0.998980251848952,-1.4413021136448494,2.162960318996956,-1.7596346732858565,-0.03353638057189923,-0.49176612215505594,0.051138218789804055,1.4327971227930387,0.3611432743754258,-1.8195069213035253,0.5469709543703783,0.8307048483653797,0.9578808613393056,0.21141592303161327,-0.6908306769349519
0.0011331753265062044,0.09121232911523029,0.7539055038610898,-1.055860592944454,-0.21480995380674342,0.05792035771363646,0.49245961881678624,-0.7102666287564688,0.4526111581848248,0.2898358097627659,-0.01899686481311578,0.636726018242913,-0.06315973115112819,-0.998980251848952,-1.4413021136448494,2.162960318996956,-1.7596346732858565,-0.03353638057189923,-0.49176612215505594
-0.22185978498767495,0.00494240828631647,1.0242360286415202,-0.3317794892565845,-1.3530505520126082,-1.0504212002011293,0.08878964559771862,0.0011331753265062044,0.657423892867098,1.2274410306298715,0.09121232911523029,0.7539055038610898,-1.055860592944454,-0.21480995380674342,0.05792035771363646,0.49245961881678624,-0.7102666287564688,0.4526111581848248,0.2898358097627659
0.008331865681831115,-0.1360390668298004,-0.4552971805967281,-1.419793504684753,0.22299459130852584,-0.4026303568253745,0.5092881822200761,-0.22185978498767495,0.1849314324488975,-0.10088416264574032,0.00494240828631647,1.0242360286415202,-0.3317794892565845,-1.3530505520126082,-1.0504212002011293,0.08878964559771862,0.0011331753265062044,0.657423892867098,1.2274410306298715
-1.5680394423403863,-0.02371403997201102,-0.4332806910292817,-0.24715028086262134,-1.2587107547815761,0.8387070389727055,0.5241814735410499,0.008331865681831115,-0.3885822575907057,-1.4440858486731407,-0.1360390668298004,-0.4552971805967281,-1.419793504684753,0.22299459130852584,-0.4026303568253745,0.5092881822200761,-0.22185978498767495,0.1849314324488975,-0.10088416264574032
0.32517254908809534,-0.01878602240190294,-0.5157025390882422,-0.8039093947845738,0.4413757980196829,1.0525016791685142,0.21042188679789478,-1.5680394423403863,-1.0325742958332143,0.7091780186890694,-0.02371403997201102,-0.4332806910292817,-0.24715028086262134,-1.2587107547815761,0.8387070389727055,0.5241814735410499,0.008331865681831115,-0.3885822575907057,-1.4440858486731407
0.7793568836703586,-0.17723640654985098,0.2913271452881795,-0.24007566553194903,0.7261415538184431,0.7092845681490015,-0.09221366817462759,0.32517254908809534,-0.23255941012955664,0.2580553807470713,-0.01878602240190294,-0.5157025390882422,-0.8039093947845738,0.4413757980196829,1.0525016791685142,0.21042188679789478,-1.5680394423403863,-1.0325742958332143,0.7091780186890694
-1.4048468538427783,-0.020308565665701467,0.9558729402570734,0.21101072832689421,1.2847742690296846,-0.04289046658038694,0.22372879082249275,0.7793568836703586,-0.22170709035287225,-0.16628279895580836,-0.17723640654985098,0.2913271452881795,-0.24007566553194903,0.7261415538184431,0.7092845681490015,-0.09221366817462759,0.32517254908809534,-0.23255941012955664,0.2580553807470713
0.4310835709791568,0.09490817054357188,-0.05297186647246144,0.2835617369409942,0.6535658308471957,-2.3163798233466073,-0.8366923124020146,-1.4048468538427783,0.14735766589689095,-0.7190724867984146,-0.020308565665701467,0.9558729402570734,0.21101072832689421,1.2847742690296846,-0.04289046658038694,0.22372879082249275,0.7793568836703586,-0.22170709035287225,-0.16628279895580836
1.3410347169539483,0.3706274459859134,-0.27429163166739606,-0.7759752881623303,0.871971329648612,-0.2519101538997867,-0.6886318382112135,0.4310835709791568,-1.492538895586653,0.5536763448678927,0.09490817054357188,-0.05297186647246144,0.2835617369409942,0.6535658308471957,-2.3163798233466073,-0.8366923124020146,-1.4048468538427783,0.14735766589689095,-0.7190724867984146
0.08478658955418082,0.3831359444061449,0.5636029170544024,-1.5174149646912272,1.1538600147694877,-0.8206933532075587,-0.9041455952594055,1.3410347169539483,0.6247437898991469,0.03932689212672874,0.3706274459859134,-0.27429163166739606,-0.7759752881623303,0.871971329648612,-0.2519101538997867,-0.6886318382112135,0.4310835709791568,-1.492538895586653,0.5536763448678927
-1.0619685993882808,0.2518367321251478,-0.48046747689119434,-0.03465655363234124,0.09949878918930473,-0.3052283995900937,-0.46340678436900495,0.08478658955418082,-1.2551154897084775,0.7552122234991286,0.3831359444061449,0.5636029170544024,-1.5174149646912272,1.1538600147694877,-0.8206933532075587,-0.9041455952594055,1.3410347169539483,0.6247437898991469,0.03932689212672874
-0.16967006641603063,0.21917466347571746,-1.3606998050687404,0.22412424949591986,-0.9123615138855894,0.5263443947625212,-0.02193879019394729,-1.0619685993882808,-0.860790738067226,0.40865017096322415,0.2518367321251478,-0.48046747689119434,-0.03465655363234124,0.09949878918930473,-0.3052283995900937,-0.46340678436900495,0.08478658955418082,-1.2551154897084775,0.7552122234991286
-0.9186075883094735,0.33801305386807246,-0.6892120718305478,0.30730511599917476,-0.500079883676634,0.8942739097484741,-2.660659655644349,-0.16967006641603063,-0.8146970756565548,-0.18812872950683773,0.21917466347571746,-1.3606998050687404,0.22412424949591986,-0.9123615138855894,0.5263443947625212,-0.02193879019394729,-1.0619685993882808,-0.860790738067226,0.40865017096322415
0.8720719690681938,0.3172953266215517,-0.672068491220339,1.0563701691269736,-1.6751856500478297,1.9381755550465773,-2.3139207984390575,-0.9186075883094735,-0.13622488561727544,-0.286029543431271,0.33801305386807246,-0.6892120718305478,0.30730511599917476,-0.500079883676634,0.8942739097484741,-2.660659655644349,-0.16967006641603063,-0.8146970756565548,-0.18812872950683773
-0.1958371787999538,0.11762789227698771,0.4647252569798339,0.044180837913299166,-0.8114035707483865,0.4812331612005686,-2.1739883709303927,0.8720719690681938,0.3236638654052815,0.6572498580137558,0.3172953266215517,-0.672068491220339,1.0563701691269736,-1.6751856500478297,1.9381755550465773,-2.3139207984390575,-0.9186075883094735,-0.13622488561727544,-0.286029543431271
-2.3500137109492836,0.11130595034965339,1.5789519776886158,-0.6230494066230241,0.3514133389407766,-0.7030284635986012,0.13438857994469205,-0.1958371787999538,-0.02264373208764117,1.2528420953013955,0.11762789227698771,0.4647252569798339,0.044180837913299166,-0.8114035707483865,0.4812331612005686,-2.1739883709303927,0.8720719690681938,0.3236638654052815,0.6572498580137558
-0.6785694613961896,0.1633708801770961,0.7271740676743174,0.42398924808379773,0.009407339646961381,-0.20048131553925375,0.6454269183818934,-2.3500137109492836,0.7501437427657695,0.7571114113828312,0.11130595034965339,1.5789519776886158,-0.6230494066230241,0.3514133389407766,-0.7030284635986012,0.13438857994469205,-0.1958371787999538,-0.02264373208764117,1.2528420953013955
0.20791046854704118,0.4089559047728258,1.2566472228423096,0.30517746641280885,-0.9321583297807899,-1.7299049256419963,-0.43453367551518685,-0.6785694613961896,0.7945866613353942,0.2673910855412717,0.1633708801770961,0.7271740676743174,0.42398924808379773,0.009407339646961381,-0.20048131553925375,0.6454269183818934,-2.3500137109492836,0.7501437427657695,0.7571114113828312
1.0277869268784365,0.35761406995043354,0.2298331167160565,0.7914355406431732,-1.391965425836474,-1.494204604141942,-0.47122712334020916,0.20791046854704118,1.3137813012382957,1.4039993054655118,0.4089559047728258,1.2566472228423096,0.30517746641280885,-0.9321583297807899,-1.7299049256419963,-0.43453367551518685,-0.6785694613961896,0.7945866613353942,0.2673910855412717
0.002652649171279012,0.39157075222013116,-0.3007332818540182,0.882384555733666,0.2314909142393635,-0.6385860537358448,0.07109018227092252,1.0277869268784365,-1.7627177359996828,-1.1770685973676656,0.35761406995043354,0.2298331167160565,0.7914355406431732,-1.391965425836474,-1.494204604141942,-0.47122712334020916,0.20791046854704118,1.3137813012382957,1.4039993054655118
0.22741206691580088,0.3883816807326607,-1.8023279252187119,1.1083524543180368,-0.7040441402290973,0.09484556141473012,1.3549848817349492,0.002652649171279012,0.3663569242123493,-0.9057048237938119,0.39157075222013116,-0.3007332818540182,0.882384555733666,0.2314909142393635,-0.6385860537358448,0.07109018227092252,1.0277869268784365,-1.7627177359996828,-1.1770685973676656
0.4272602354553886,0.4023279464695434,-0.49380970045712547,1.0026091237537536,0.08420261208370705,-1.343828615850131,1.3611196795599043,0.22741206691580088,1.428507697676003,0.8912925104833416,0.3883816807326607,-1.8023279252187119,1.1083524543180368,-0.7040441402290973,0.09484556141473012,1.3549848817349492,0.002652649171279012,0.3663569242123493,-0.9057048237938119
0.46867653842999674,0.42449556240486164,0.01805171949612181,0.5479176489692048,-0.02345528104082114,1.03070051375783,1.7989720824677664,0.4272602354553886,0.9802109785644003,1.8642295836984601,0.4023279464695434,-0.49380970045712547,1.0026091237537536,0.08420261208370705,-1.343828615850131,1.3611196795599043,0.22741206691580088,1.428507697676003,0.8912925104833416
-1.1210955373479339,0.5025809025750833,-0.8949559444611764,-0.27585153448637734,0.2743122069339334,-0.14190731289825503,1.9872271141005289,0.46867653842999674,0.676681958716008,-0.057253116647175195,0.42449556240486164,0.01805171949612181,0.5479176489692048,-0.02345528104082114,1.03070051375783,1.7989720824677664,0.4272602354553886,0.9802109785644003,1.8642295836984601
-1.3268107075725417,0.3892234141979353,-1.003571532614509,-0.08351270495320735,-1.4138833907009185,1.6863158883764415,1.2984510659647739,-1.1210955373479339,1.2319085533381087,1.0312432633881035,0.5025809025750833,-0.8949559444611764,-0.27585153448637734,0.2743122069339334,-0.14190731289825503,1.9872271141005289,0.46867653842999674,0.676681958716008,-0.057253116647175195
-0.1222357688303326,0.37870350258342966,-1.5656209423425531,-0.9748631212349023,-0.18762119138701633,1.5757332653144482,0.7916361367855755,-1.3268107075725417,-0.15154879048155592,2.4065005890095845,0.3892234141979353,-1.003571532614509,-0.08351270495320735,-1.4138833907009185,1.6863158883764415,1.2984510659647739,-1.1210955373479339,1.2319085533381087,1.0312432633881035
1.5755100769157655,0.5878309093273949,-1.896272992390623,-0.34958895037246773,1.681284560864607,0.20983676085612005,0.7353264541988362,-0.1222357688303326,0.8824079373888094,-0.2408279162084164,0.37870350258342966,-1.5656209423425531,-0.9748631212349023,-0.18762119138701633,1.5757332653144482,0.7916361367855755,-1.3268107075725417,-0.15154879048155592,2.4065005890095845
0.5919726642086572,0.6932739999530108,-1.1583328257469945,-0.3511478225138756,1.1596276608418565,0.48890094919252863,-0.4999563218231348,1.5755100769157655,2.4747124911871676,-0.6542076182994071,0.5878309093273949,-1.896272992390623,-0.34958895037246773,1.681284560864607,0.20983676085612005,0.7353264541988362,-0.1222357688303326,0.8824079373888094,-0.2408279162084164
-0.34421448229203794,0.6646078343945561,-2.3133256052268467,-0.3073329713740592,1.2700149626937138,-0.08892857280701232,-0.3683235544314706,0.5919726642086572,1.131052973776779,-0.09702763742866226,0.6932739999530108,-1.1583328257469945,-0.3511478225138756,1.1596276608418565,0.48890094919252863,-0.4999563218231348,1.5755100769157655,2.4747124911871676,-0.6542076182994071
1.1430092087205712,0.5945748627796642,-2.2125187781776927,0.0013413339628012418,1.9436337903332812,-0.9304458190061663,0.7032492774428978,-0.34421448229203794,0.20874592488583793,-0.10256333690088623,0.6646078343945561,-2.3133256052268467,-0.3073329713740592,1.2700149626937138,-0.08892857280701232,-0.3683235544314706,0.5919726642086572,1.131052973776779,-0.09702763742866226
-1.508691307360354,0.7471323056697529,-1.7528613424259942,-0.78401671994315,1.9858115469388782,-0.4145445448926224,-0.6403877919461072,1.1430092087205712,-1.4902368083767596,0.1113226583019888,0.5945748627796642,-2.2125187781776927,0.0013413339628012418,1.9436337903332812,-0.9304458190061663,0.7032492774428978,-0.34421448229203794,0.20874592488583793,-0.10256333690088623
-0.30789622784070036,0.6456209230898224,-0.949174968661349,-0.6672443108509774,1.3126445440339143,-0.9130489385011775,-1.2821588662518826,-1.508691307360354,-1.4520092611036592,0.7614380262204477,0.7471323056697529,-1.7528613424259942,-0.78401671994315,1.9858115469388782,-0.4145445448926224,-0.6403877919461072,1.1430092087205712,-1.4902368083767596,0.1113226583019888
0.05776307567940234,0.7873210960885614,-0.6123700843309883,-0.7589578016010419,0.4965804747244765,0.3305680966640031,0.47558408332522223,-0.30789622784070036,-0.6248377831923998,-0.21361452114977655,0.6456209230898224,-0.949174968661349,-0.6672443108509774,1.3126445440339143,-0.9130489385011775,-1.2821588662518826,-1.508691307360354,-1.4520092611036592,0.7614380262204477
1.3770043010623954,0.867874890097203,0.17206097114965185,-1.5510919553301523,0.030252332207417375,1.0020286422658338,1.1643635018147496,0.05776307567940234,0.18939979898830087,0.10951227191089179,0.7873210960885614,-0.6123700843309883,-0.7589578016010419,0.4965804747244765,0.3305680966640031,0.47558408332522223,-0.30789622784070036,-0.6248377831923998,-0.21361452114977655
1.7128275452318409,0.9114853308915631,0.49358819754885913,0.2497884712623313,0.11450671354471391,-0.027834280407500467,1.228217415152451,1.3770043010623954,0.3004763711027583,-0.9233936005329199,0.867874890097203,0.17206097114965185,-1.5510919553301523,0.030252332207417375,1.0020286422658338,1.1643635018147496,0.05776307567940234,0.18939979898830087,0.10951227191089179
0.23124895063235962,0.9548818619349262,1.0123984556368457,-0.20314025756191964,-0.4680894632213408,-1.186875401891445,0.3270073051038881,1.7128275452318409,-0.7554488292375579,0.2506311588942215,0.9114853308915631,0.49358819754885913,0.2497884712623313,0.11450671354471391,-0.027834280407500467,1.228217415152451,1.3770043010623954,0.3004763711027583,-0.9233936005329199
1.2441630892320563,0.9008961371048244,0.8862153638526429,-0.1822569848539734,-0.10569712524828745,-0.7094787487438453,1.6025365384167163,0.23124895063235962,-0.5583037336296296,-0.0509664269622941,0.9548818619349262,1.0123984556368457,-0.20314025756191964,-0.4680894632213408,-1.186875401891445,0.3270073051038881,1.7128275452318409,-0.7554488292375579,0.2506311588942215
0.5998510649204866,1.043085292195237,-0.1956342395755006,-0.3814712659977771,0.08207064938887774,1.169798060551559,1.7964174958521242,1.2441630892320563,-0.5408236095678722,-0.15421964086979784,0.9008961371048244,0.8862153638526429,-0.1822569848539734,-0.10569712524828745,-0.7094787487438453,1.6025365384167163,0.23124895063235962,-0.5583037336296296,-0.0509664269622941
0.6664145999487685,1.242572731582004,-0.5859937530805795,-0.2534205959810541,-0.37100707027313273,0.682105017034369,-1.8157485578326047,0.5998510649204866,0.4609294751470742,-0.08148386564906746,1.043085292195237,-0.1956342395755006,-0.3814712659977771,0.08207064938887774,1.169798060551559,1.7964174958521242,1.2441630892320563,-0.5408236095678722,-0.15421964086979784
-0.2261011968137078,1.3962800530903987,-0.6527451659818055,-0.22728046886375425,-0.8393853118869307,0.30721346439159813,-1.4644099417752339,0.6664145999487685,1.0655504866360808,1.1904444188668164,1.242572731582004,-0.5859937530805795,-0.2534205959810541,-0.37100707027313273,0.682105017034369,-1.8157485578326047,0.5998510649204866,0.4609294751470742,-0.08148386564906746
0.056538219708920465,1.1559394269238445,-0.2707922610682601,1.1431547630524348,-0.3511284269994031,-0.25363339745034935,-1.8292803802360111,-0.2261011968137078,-0.1844444738018955,-0.32406040330028774,1.3962800530903987,-0.6527451659818055,-0.22728046886375425,-0.8393853118869307,0.30721346439159813,-1.4644099417752339,0.6664145999487685,1.0655504866360808,1.1904444188668164
-0.6233313495865043,1.1928245486365103,-0.5034473757316767,1.5076401539366755,1.1244605953640312,-0.39748485022389113,0.7950748638347673,0.056538219708920465,-1.6443867515021044,1.2247355372983175,1.1559394269238445,-0.2707922610682601,1.1431547630524348,-0.3511284269994031,-0.25363339745034935,-1.8292803802360111,-0.2261011968137078,-0.1844444738018955,-0.32406040330028774
-0.37619227080481416,1.2718720566013928,-0.06368813582477023,2.7304650166011015,-0.14712948187626282,-0.6949093170025659,-0.3429456982184954,-0.6233313495865043,-0.12818224926456107,1.3801341879948958,1.1928245486365103,-0.5034473757316767,1.5076401539366755,1.1244605953640312,-0.39748485022389113,0.7950748638347673,0.056538219708920465,-1.6443867515021044,1.2247355372983175
0.5786231271024936,1.194461577708317,-1.6099668804130431,0.9705799970218734,-0.3430075897603129,0.3628604302733976,-0.7072852236360817,-0.37619227080481416,-0.1710416243430064,1.2105079564384986,1.2718720566013928,-0.06368813582477023,2.7304650166011015,-0.14712948187626282,-0.6949093170025659,-0.3429456982184954,-0.6233313495865043,-0.12818224926456107,1.3801341879948958
2.069024096006682,1.252855033244815,-1.1448782695972568,1.2426330675254667,0.8781481998904818,1.6499088138973923,0.519840710250913,0.5786231271024936,0.029430028126664433,-0.30506792526149934,1.194461577708317,-1.6099668804130431,0.9705799970218734,-0.3430075897603129,0.3628604302733976,-0.7072852236360817,-0.37619227080481416,-0.1710416243430064,1.2105079564384986
1.398954024043293,1.3119373634512075,-0.5964602594147584,0.3947695072576781,-1.0564440393329946,1.8695842509141563,0.4107610452541868,2.069024096006682,0.9022066976665177,0.16472481045501505,1.252855033244815,-1.1448782695972568,1.2426330675254667,0.8781481998904818,1.6499088138973923,0.519840710250913,0.5786231271024936,0.029430028126664433,-0.30506792526149934
0.8289840017878535,1.2803864390741382,0.14895112109762218,0.2514301091110633,-1.36336269675534,0.49670103683630495,-2.0863025749094226,1.398954024043293,-0.727281335956886,-1.5378955958527691,1.3119373634512075,-0.5964602594147584,0.3947695072576781,-1.0564440393329946,1.8695842509141563,0.4107610452541868,2.069024096006682,0.9022066976665177,0.16472481045501505
1.1054099483992503,1.3711136985140535,0.1008134613019432,0.07594757453256486,-2.1455810419026706,1.9342212549676756,-0.9608555718693054,0.8289840017878535,0.34578685352410377,-0.8248942658505991,1.2803864390741382,0.14895112109762218,0.2514301091110633,-1.36336269675534,0.49670103683630495,-2.0863025749094226,1.398954024043293,-0.727281335956886,-1.5378955958527691
-0.5178816710725661,1.276519040576716,-0.10312990633315663,-0.6898904257298669,0.6297335794628799,0.9999685028539801,-1.0936793780731435,1.1054099483992503,-0.15140012856612856,0.7807975686211812,1.3711136985140535,0.1008134613019432,0.07594757453256486,-2.1455810419026706,1.9342212549676756,-0.9608555718693054,0.8289840017878535,0.34578685352410377,-0.8248942658505991
-0.2561518227127222,1.3478056136126284,-0.08046345042153705,0.43091379153096404,1.1658331339517272,2.189565727958509,0.2009287529941804,-0.5178816710725661,0.5899160259421067,-1.0242380955949364,1.276519040576716,-0.10312990633315663,-0.6898904257298669,0.6297335794628799,0.9999685028539801,-1.0936793780731435,1.1054099483992503,-0.15140012856612856,0.7807975686211812
-1.2152284144969459,1.2508584331559922,0.6719678409496999,0.9034446816015824,1.7486253335502198,0.0457301053890146,-0.11247021136790013,-0.2561518227127222,1.0326099009801435,-0.7367044749010799,1.3478056136126284,-0.08046345042153705,0.43091379153096404,1.1658331339517272,2.189565727958509,0.2009287529941804,-0.5178816710725661,0.5899160259421067,-1.0242380955949364
-1.0141773482017722,1.3566772591611098,1.5571724716598903,0.5812816654462503,2.4085636329402953,0.30108407206192095,-0.8679856418449948,-1.2152284144969459,0.9454685667896175,-1.5243410642597355,1.2508584331559922,0.6719678409496999,0.9034446816015824,1.7486253335502198,0.0457301053890146,-0.11247021136790013,-0.2561518227127222,1.0326099009801435,-0.7367044749010799
-2.1183087227587536,1.3316395492236115,1.531851722149361,-0.2801810327740234,2.55095426676691,0.5347526317517382,-0.7007285547207102,-1.0141773482017722,0.7651085015996731,0.7001595240357731,1.3566772591611098,1.5571724716598903,0.5812816654462503,2.4085636329402953,0.30108407206192095,-0.8679856418449948,-1.2152284144969459,0.9454685667896175,-1.5243410642597355
-1.2710699234730785,1.2419789342332141,1.856649079373249,-1.1408393113568462,1.7489329547689383,0.5806114221776104,0.8451698299656872,-2.1183087227587536,1.1520677316753565,-0.09659559147448835,1.3316395492236115,1.531851722149361,-0.2801810327740234,2.55095426676691,0.5347526317517382,-0.7007285547207102,-1.0141773482017722,0.7651085015996731,0.7001595240357731
1.531612866305868,1.510565811725776,1.5822973160653813,-0.9074209796272268,0.13444609375520758,0.5945754395230615,0.14074893396419946,-1.2710699234730785,-2.3759102081727654,-1.487978829770822,1.2419789342332141,1.856649079373249,-1.1408393113568462,1.7489329547689383,0.5806114221776104,0.8451698299656872,-2.1183087227587536,1.1520677316753565,-0.09659559147448835
0.13065064816425098,1.4647947668367995,1.567715755968816,0.6886180579897428,-0.48969419984601675,-0.35251900224483024,-0.23572946135904554,1.531612866305868,0.19029169730034132,0.7606121191411778,1.510565811725776,1.5822973160653813,-0.9074209796272268,0.13444609375520758,0.5945754395230615,0.14074893396419946,-1.2710699234730785,-2.3759102081727654,-1.487978829770822
0.12817265341600032,1.5810901891013414,0.7928966839978867,0.9698030184035838,-1.2252010048085946,-0.9041502737034578,0.6665514640967716,0.13065064816425098,-1.318078474631849,-1.1437415306577372,1.4647947668367995,1.567715755968816,0.6886180579897428,-0.48969419984601675,-0.35251900224483024,-0.23572946135904554,1.531612866305868,0.19029169730034132,0.7606121191411778
-2.3015329013001664,1.614171161002349,0.3107795992773498,0.3839223656668839,0.06719696674117742,-0.3659229259373803,-0.7307066438504112,0.12817265341600032,-0.20173092511351312,-0.6376926495134815,1.5810901891013414,0.7928966839978867,0.9698030184035838,-1.2252010048085946,-0.9041502737034578,0.6665514640967716,0.13065064816425098,-1.318078474631849,-1.1437415306577372
-1.4104507430127462,1.8240589373534535,0.5473646445745568,-0.4707624683179951,-1.3173320865170293,-0.49594627818541753,-0.330797472748429,-2.3015329013001664,-0.030200466773609914,-0.11626354500547834,1.614171161002349,0.3107795992773498,0.3839223656668839,0.06719696674117742,-0.3659229259373803,-0.7307066438504112,0.12817265341600032,-0.20173092511351312,-0.6376926495134815
-0.5463264959780113,1.8817894857551967,1.8186558502991281,0.3748292641892827,-0.458111617567645,-1.1708722164363867,0.9950509045503533,-1.4104507430127462,-0.36647310104071207,-0.4896101188516212,1.8240589373534535,0.5473646445745568,-0.4707624683179951,-1.3173320865170293,-0.49594627818541753,-0.330797472748429,-2.3015329013001664,-0.030200466773609914,-0.11626354500547834
-1.0636531337103086,1.8109483333070324,2.2446891598657586,0.024495925235284495,-0.19701426745495504,-0.028497265242708632,0.5563297894039271,-0.5463264959780113,1.082893418341616,-0.4434100399254868,1.8817894857551967,1.8186558502991281,0.3748292641892827,-0.458111617567645,-1.1708722164363867,0.9950509045503533,-1.4104507430127462,-0.36647310104071207,-0.4896101188516212
1.0967979608946985,1.7798405130078851,0.9293816770932901,-0.29894762449548135,-0.9539243602634425,-0.9305262881880226,-1.010686438525569,-1.0636531337103086,-1.2651099877052367,0.7846230344744346,1.8109483333070324,2.2446891598657586,0.024495925235284495,-0.19701426745495504,-0.028497265242708632,0.5563297894039271,-0.5463264959780113,1.082893418341616,-0.4434100399254868
