fpc_3,fpc_1_lag1,fpc_2_lag1,fpc_3_lag1
-2.283503169698869,-0.9127506044490962,0.010665536673842676,-0.4302343796608332
0.37003832067394643,-1.0275308845319107,-2.1153269702344906,-2.283503169698869
0.9029091780103423,-1.2215338142355632,-0.3159964975295898,0.37003832067394643
0.30173216054675583,-0.6356440744853334,-0.09001317843124307,0.9029091780103423
1.356268363890585,-0.8003234835273119,-2.3809841209554823,0.30173216054675583
0.7083529413209884,-0.6683050001701468,0.1641321032951127,1.356268363890585
0.5136140094445052,-0.3696261398205338,-0.6988590072121637,0.7083529413209884
0.791337216538719,1.8369957657306664,-0.936546868738602,0.5136140094445052
-1.4637565519927496,1.12992715627231,-1.2262277123514624,0.791337216538719
0.9390288267090513,1.4278330965322368,-1.0233598073513812,-1.4637565519927496
0.7484580654114402,1.3728539288088826,2.1114529637716815,0.9390288267090513
-1.1074916938203505,1.274808614309186,-0.6012612138513083,0.7484580654114402
-2.1848189248670464,0.9209398776969503,-0.38344315432323806,-1.1074916938203505
-0.36226577155162687,-0.5684288633432593,-1.0536938028633165,-2.1848189248670464
0.40261019105321194,-0.8305047919670758,0.18045612615530043,-0.36226577155162687
-0.10480947842039758,0.935072674854016,0.5683373727385991,0.40261019105321194
-1.2088185922236228,0.8376896006597713,1.4408056221607548,-0.10480947842039758
1.0592602457808455,-0.574725833617916,0.9874182693208531,-1.2088185922236228
-0.7322038783324166,1.4272821741932382,0.5296907973042488,1.0592602457808455
-0.5649903100346705,0.8882217973270186,-1.6650624220345058,-0.7322038783324166
-0.9335745492151437,-0.8937572928659567,-0.8202128308230039,-0.5649903100346705
0.7699908945426288,-0.23646125450017313,-1.0156253556266321,-0.9335745492151437
0.7536276013575071,1.0491114976383937,0.23330274275864468,0.7699908945426288
1.348177876650492,-0.30787479522178174,0.6245525176596213,0.7536276013575071
1.3315096045235923,-0.5482797855954611,-1.5756807722196053,1.348177876650492
-0.9827764030355429,-0.31970383980756795,-0.5153074889680496,1.3315096045235923
1.1299446993843,1.1026710696556246,0.15187979261294224,-0.9827764030355429
0.43905080702904786,-1.1375228359231329,-0.2713345907284877,1.1299446993843
0.22755354729635416,-0.7105840135581517,1.1754793198348794,0.43905080702904786
0.7179686986783372,-1.1024562655074075,-0.641169282945466,0.22755354729635416
1.5275306449812802,-0.9593461782403606,-0.11638970461457304,0.7179686986783372
-0.6792662067392449,-1.1145325726688478,-1.2688309436978098,1.5275306449812802
-1.0832108508033889,-1.1968453643001584,0.2288958255709647,-0.6792662067392449
-1.0585722774366426,-0.8786858135881355,-0.36690023068030697,-1.0832108508033889
-1.418897605170399,0.9647884996613749,0.449065510232894,-1.0585722774366426
-0.3539533415639736,-0.6838579831304419,0.8521313688253425,-1.418897605170399
-0.7609966332296983,-0.7629003447739569,0.9812794669693234,-0.3539533415639736
-1.3151725225511501,-0.8807011263475754,2.1589057198727617,-0.7609966332296983
1.3599545857710227,1.121508616505738,0.5940069715120752,-1.3151725225511501
1.0231364560648626,-0.42173710236340717,0.12520477562200413,1.3599545857710227
0.4270166343413569,0.09613968595175498,1.568335667436683,1.0231364560648626
0.9933820093212984,1.1140174061460963,0.42676055545451375,0.4270166343413569
-0.6349256207830468,-0.27402921615280795,0.6997204438491151,0.9933820093212984
0.24440184984635377,1.3163326522597902,-0.6282851480391222,-0.6349256207830468
-1.1664392335164562,-0.504965233774303,0.2595264212650958,0.24440184984635377
-1.0879767012557928,-1.1275774302855466,-0.7400591911205637,-1.1664392335164562
-0.2899989009509625,-0.8723318588695619,0.5101227677420751,-1.0879767012557928
-1.5133580430900715,-1.1903136197922686,-0.339336344415201,-0.2899989009509625
-0.6196601504613354,-1.2386582072873964,-0.17084305831652924,-1.5133580430900715
0.08337571918012915,-0.724113435603443,1.1384414647603878,-0.6196601504613354
0.5372490268633806,0.9678781638649907,-0.8452626350414137,0.08337571918012915
-0.5637202277005405,-0.5349802719125032,0.5098946037809043,0.5372490268633806
-0.04055783947051079,-0.571585461511377,-0.675339552423457,-0.5637202277005405
0.23810044636133926,-1.2809596178972054,-1.0612437873972174,-0.04055783947051079
-0.8982802542437,-1.1635771777143749,-1.0520772538101133,0.23810044636133926
-0.30400627762504717,-0.9179331463537332,0.415659249783262,-0.8982802542437
1.1134900404462773,-1.2387245779843874,0.19984120229611183,-0.30400627762504717
-1.1374799092513022,-1.2439934035053863,-0.8761093018146442,1.1134900404462773
-0.03895321088687257,-0.706982697828879,0.39911055607246493,-1.1374799092513022
-0.4167356244270147,-1.0369652974670696,0.6414793265286859,-0.03895321088687257
-1.3861397711345689,-1.1081833016611256,0.43422157995266725,-0.4167356244270147
-1.6289306225160307,-1.109421560898099,-0.020292968568939675,-1.3861397711345689
-0.9412045845817749,-0.8924288819508158,-0.48036174585311187,-1.6289306225160307
-0.06118590070442489,-0.6831044441455578,0.9809043664164776,-0.9412045845817749
-1.1753362184368854,-0.7670271804190957,1.1486802210486196,-0.06118590070442489
-0.43689987493481625,-0.3622160761247446,1.4033725940809376,-1.1753362184368854
-0.17592247556865184,-0.4490165346645096,0.22398512855991895,-0.43689987493481625
0.5524707199284938,1.2353370938383532,-1.311305172584304,-0.17592247556865184
-0.13622902562551883,0.3066677037704772,0.9155279310472244,0.5524707199284938
-0.9271040814524757,1.2535328908746617,-0.5141967128078369,-0.13622902562551883
-1.2634227371487892,1.3267810041263652,0.31829553166204533,-0.9271040814524757
0.29618163095921535,1.4518915523124134,0.07639555006366351,-1.2634227371487892
2.984962587939801,1.995143032477128,-0.33936142837907196,0.29618163095921535
0.3382037070711743,1.8449739978453243,-0.5216685345647838,2.984962587939801
2.13601600753154,1.9585764577377938,1.5405651122822068,0.3382037070711743
-1.1280432651143928,1.0881265910573217,0.024643962113498973,2.13601600753154
-0.617546730701399,-0.0763452712072256,-1.2576146630500094,-1.1280432651143928
-0.07065792284814078,1.0761115489087787,1.0086723849279755,-0.617546730701399
0.4895038213443809,-0.4308334777438144,-1.2100103833662827,-0.07065792284814078
-0.6605615361180339,-0.7097551131516566,-0.9561664340542314,0.4895038213443809
-0.6015830374787674,-0.7375500506615428,-0.34697013459823195,-0.6605615361180339
0.49441118300125403,-0.5267427120586967,0.70787853295231,-0.6015830374787674
0.2130366029137182,-0.9724969325166101,0.638000576483538,0.49441118300125403
-0.03907493902333411,-0.5471880471444074,1.1307211533829915,0.2130366029137182
0.035864627445785266,-1.0564896234908674,0.7317547236360407,-0.03907493902333411
-0.6568432739946798,-0.6337568936636151,0.42486998347584654,0.035864627445785266
0.08323997429387221,0.7270283611145354,2.0020084103795677,-0.6568432739946798
-0.4552094402768991,-0.2749332360469328,2.4114314421426566,0.08323997429387221
-0.7575322172636987,1.0279685052694003,-0.7398008312564833,-0.4552094402768991
0.6794459120934775,-1.0026105878173324,-1.808217279161773,-0.7575322172636987
-0.3074538376852809,-1.3899643527118957,0.8054308035007686,0.6794459120934775
-1.3730101486562614,-1.2050724501530683,1.7578299014554934,-0.3074538376852809
-1.5550720570305265,-0.9811719861696038,-0.6299990354223434,-1.3730101486562614
-0.936448646999082,-0.9322294064776185,-1.7131037759795154,-1.5550720570305265
0.504517458294398,-0.5881997341975841,-1.5679605877654261,-0.936448646999082
-0.9485859084555873,1.3659530323278617,-1.8067775098939798,0.504517458294398
3.37993792926085,1.1527728408343196,-1.3401380013266981,-0.9485859084555873
1.093116784925415,-0.4166096126560624,-0.10674965762655515,3.37993792926085
-0.40702450509582017,-0.06569032084593579,0.9033730711552442,1.093116784925415
0.9141518963490417,0.7470257075153662,2.266870121746934,-0.40702450509582017
1.4727501239985308,-0.46683680453905163,-0.421092736128852,0.9141518963490417
-1.0966426623781975,-0.6588020325025153,1.0083127549376598,1.4727501239985308
-0.6668958834203048,-0.6058511133998523,-0.6856591614515859,-1.0966426623781975
-0.5690429602492831,-1.1157148509156734,-1.3495461436038618,-0.6668958834203048
-1.9262182129190886,-0.3829140491756421,-0.2963267839429996,-0.5690429602492831
0.6324248969280721,1.0040424404290398,-0.6474295405299878,-1.9262182129190886
0.6617562082152983,-0.4446485654653995,-0.25658496007025566,0.6324248969280721
-0.7579588306594047,-0.5205716640226152,2.0480006465000677,0.6617562082152983
0.3568022303187697,-0.3794319064378937,-1.3773774970309243,-0.7579588306594047
-0.1665073108223581,-0.6140916140430693,-2.640665721990697,0.3568022303187697
0.8600982811725131,1.1522496127603326,0.8253720710942021,-0.1665073108223581
0.14737287322532736,0.032586147140363265,-0.7453928677405594,0.8600982811725131
-1.3174299863566725,1.3606576887679982,-1.6379778333733988,0.14737287322532736
-0.5610409447338021,1.1003252783178803,0.4262166219761636,-1.3174299863566725
0.10537226225437825,-0.06075492421377465,0.13405322399672218,-0.5610409447338021
0.27005710632894075,1.6590201674209544,-1.1715979018514193,0.10537226225437825
0.19362317018095954,1.2127668648727643,-1.6835911539150972,0.27005710632894075
-0.6055901221615233,1.9995686334452154,1.2629978548539893,0.19362317018095954
0.10502317427268953,1.973199062448984,0.5231279174096279,-0.6055901221615233
0.7217743419402209,1.1280656592082106,0.6805948495749483,0.10502317427268953
-0.26899028786807205,-0.03120486148192623,-0.003749752361891403,0.7217743419402209
0.24651014196257318,1.2136864570642198,-0.2160512125038698,-0.26899028786807205
-0.9140558420107934,-0.40921102602393866,0.3263351242217499,0.24651014196257318
-1.449860470670565,1.3722616569079378,1.7597617536017829,-0.9140558420107934
0.4378475466662705,0.7179842556103196,-0.38389796863219766,-1.449860470670565
-0.8264988538138339,0.9370115744846006,-1.7766311212638555,0.4378475466662705
0.5082601055501118,-0.13454732456461824,-0.2310947446340867,-0.8264988538138339
-0.24798297443899509,1.1510785263352994,-0.4159123339891498,0.5082601055501118
0.28528167750917305,-0.5171867460474401,0.5103782493251917,-0.24798297443899509
-1.2689490096733724,-0.12599454784956315,-0.8048026617833035,0.28528167750917305
0.4601957628293904,-0.19781703299812362,1.411733242736809,-1.2689490096733724
1.0229033650706574,1.3645006165516287,-0.5060864148060996,0.4601957628293904
0.09358898101999504,1.5389200915651573,-1.2396963869734932,1.0229033650706574
0.08237523881823543,2.1503698522566164,-1.2347908498462064,0.09358898101999504
-1.171929105899301,1.4248040921471767,0.5369398347524413,0.08237523881823543
0.5901013571408346,-0.2797586763312294,0.2319234280082118,-1.171929105899301
0.7582850972735039,-0.19470816955878548,0.08378036217312837,0.5901013571408346
0.7206647223973567,1.0667203557068223,0.4963696762151953,0.7582850972735039
-0.2984153764051105,-0.2987935234973374,-0.9814636444224812,0.7206647223973567
-1.140772053647275,1.141821449833289,-1.3560013883041997,-0.2984153764051105
-0.41337140048545007,-0.688617004523669,0.22115750913057886,-1.140772053647275
-0.8068634624304764,1.077031049128151,-1.4760805977097122,-0.41337140048545007
-1.789201991466655,0.9821754977930433,0.4393478272657555,-0.8068634624304764
-2.4520381922621977,-0.45387442538840533,-1.1561318143841073,-1.789201991466655
-0.6813639986312963,0.6583673812705161,0.6207154560056835,-2.4520381922621977
-1.0198444553374526,-0.5824469214197193,0.07668972578300266,-0.6813639986312963
-0.8366077143167171,-0.8361924216877973,0.42754634958888504,-1.0198444553374526
0.3719663014998901,-0.7230370991640911,0.9539940465951565,-0.8366077143167171
0.6832930216609201,1.4245621413378684,-0.9871653420113655,0.3719663014998901
0.5182179150901008,1.3752443950164328,0.4790607298078859,0.6832930216609201
-0.271583807995815,-0.4947390224273181,0.7594772862191574,0.5182179150901008
-0.461993701863769,-1.2153329544557405,-0.4076778274944921,-0.271583807995815
0.008043931604668408,-1.2887450081601481,-0.7689800874352276,-0.461993701863769
1.2061807188081193,-1.067615744272061,-0.6673369737715237,0.008043931604668408
0.8975339327702252,-0.7761986057384349,1.1016595218765515,1.2061807188081193
0.982926785757847,-0.8102569409474719,-0.23793151040365035,0.8975339327702252
0.05452873951460007,-0.47703386205436765,-1.0857570255170916,0.982926785757847
-1.1087679617621942,1.0689019334227423,1.412900256654682,0.05452873951460007
0.7740128107139121,0.7917892063916202,0.06805324147830306,-1.1087679617621942
1.9171132314509918,-1.207869825192378,-0.8507897688582927,0.7740128107139121
2.3642468810772077,-1.009896232773319,0.20758692859016548,1.9171132314509918
1.1760954802046841,-0.8072683993829051,1.7258899371153693,2.3642468810772077
1.006356517136764,-1.0208288018159124,-1.166672997979349,1.1760954802046841
0.16314876671416642,-1.218574204717611,1.315824489646945,1.006356517136764
-1.6698127130118985,-1.0803880357862827,0.49401673618756575,0.16314876671416642
0.6408136820916926,-1.3838986953334882,0.4884138972451723,-1.6698127130118985
-0.3105604476030921,-1.250854274317526,-0.6631062715980623,0.6408136820916926
-0.3206877699486112,-1.3052788857707127,0.5055768362739965,-0.3105604476030921
1.1931391129575954,-1.0836257987752775,-0.754605153051724,-0.3206877699486112
-0.1592808670786595,-0.863408466383125,0.1569519711150774,1.1931391129575954
1.6772424046834167,-0.8800569655137271,1.2054208774402473,-0.1592808670786595
0.526140823835612,-0.24268911331828266,-1.172402316615598,1.6772424046834167
-1.1447539377925895,-0.3691171978470988,0.6076808979182052,0.526140823835612
-0.5849081117199526,0.7386333567925731,-0.10203278681964922,-1.1447539377925895
0.0323451870789101,-0.6140948511663102,-0.41252651707277715,-0.5849081117199526
-0.5857487714487712,0.9914258273147216,-0.452683779390945,0.0323451870789101
-0.06352618150903766,-0.16563699147417477,-0.3918583369616585,-0.5857487714487712
-0.49104533894073377,0.22213196196773347,0.36253588508791373,-0.06352618150903766
-0.027170559098753457,1.0940222470364187,-1.4970464421301197,-0.49104533894073377
-0.6158605181624557,-0.1908781485611396,-0.8766389865959391,-0.027170559098753457
1.5025827878608369,1.283138582141567,-1.595382771411266,-0.6158605181624557
-0.8460154357896488,1.1461205806489143,-0.18238680949972363,1.5025827878608369
-0.2740663730647581,0.5365434070442512,0.5997189747004914,-0.8460154357896488
-0.6713270856546601,-1.0404934709431863,-0.28400084263131226,-0.2740663730647581
-0.3066170514320431,-0.1342855147674796,0.8099560227043526,-0.6713270856546601
-2.0017833290899767,1.1196696039349086,1.0175618278350127,-0.3066170514320431
-2.4887315296766306,0.9461489164393541,0.3955145808166598,-2.0017833290899767
1.1693545021849556,1.284541702155455,0.14157117765518862,-2.4887315296766306
1.3854338244253368,1.5386336841563026,0.7496383873751772,1.1693545021849556
0.9309642261092694,1.6880295020085,0.3996633843977582,1.3854338244253368
0.68068580627351,1.2941259570470214,-0.7696668212140448,0.9309642261092694
-0.9739691531020785,1.899323304998306,-1.5262659267285896,0.68068580627351
-0.7061497665171657,1.6537347496408978,0.1944447070469039,-0.9739691531020785
0.7623103722784021,1.123089768611251,-0.3455728891535446,-0.7061497665171657
-1.0603634376915314,-0.9728230452048516,-0.7409127960965484,0.7623103722784021
1.5150795790135163,-0.45423013277872004,-1.1121682610797308,-1.0603634376915314
0.4694711525698787,1.1930351205471996,-0.24522158297518523,1.5150795790135163
-0.2549043689235225,-0.1228266402100021,1.3732690705257409,0.4694711525698787
1.2755646627423038,0.35098744460896597,0.13307784251169028,-0.2549043689235225
-0.15777637475294592,-1.0756120718697446,0.1777856534610813,1.2755646627423038
-1.899070055468141,-1.2990078151863453,-0.9876518285834922,-0.15777637475294592
0.4889530444346068,-1.529555758588977,0.25647587163469876,-1.899070055468141
2.627481901459376,-1.357758403781765,-0.3646400253274899,0.4889530444346068
0.32451811178913975,-0.7160251804984501,-0.35326715974653605,2.627481901459376
-0.7766178893739548,-0.6932556355276986,0.3559368307971345,0.32451811178913975
-0.5335537844810379,-1.057202026728309,0.6691444305758658,-0.7766178893739548
0.09397780040403594,-1.1252192715202425,1.4389382821616254,-0.5335537844810379
-0.7561493940939934,-0.9900438894566251,0.16417255876923526,0.09397780040403594
0.39055980359161424,-1.5070054042744196,-2.4200413209697067,-0.7561493940939934
1.4980921003201273,-1.6825357906279392,-0.8595406910106758,0.39055980359161424
-0.48489216205601726,-1.2421352850253444,0.8217586111884352,1.4980921003201273
1.4729814183142749,-0.43739043044220827,0.3450328444825562,-0.48489216205601726
0.3951773581483477,0.8838755287476998,0.4374590566734149,1.4729814183142749
0.9093794166641173,-0.6344114999472082,-1.397372485431183,0.3951773581483477
-1.8779289678290672,-0.07758883118751579,-0.03860964526791841,0.9093794166641173
-1.3329862349774055,1.7685757775325763,1.776085391860252,-1.8779289678290672
1.2154711472180046,1.0295294875510408,0.6839116638387248,-1.3329862349774055
0.9538975894314531,-0.026248115199729333,1.2233471319946443,1.2154711472180046
-0.5326876692287982,1.1533126998541985,1.7549759495857713,0.9538975894314531
0.20544052285560546,-0.2604541965954316,-2.271098102706912,-0.5326876692287982
1.5275058780199802,0.9893036108875178,-0.6542962410688984,0.20544052285560546
-0.818028858395503,-0.14753527237578126,-0.4588534452191899,1.5275058780199802
0.010415348025821215,1.781309588838955,0.12533900595463457,-0.818028858395503
0.8275605489151133,1.3119219368641348,1.0495966062803277,0.010415348025821215
0.3070141061827962,-0.6901597431416281,0.5161251247802454,0.8275605489151133
-0.2194261596098855,-0.4523553791868083,1.3764219648136071,0.3070141061827962
-0.6254285988563368,0.5794300181795623,-0.11891638067095178,-0.2194261596098855
1.7229346714424365,-0.5403890226431609,-0.49832314672448286,-0.6254285988563368
0.5425017450015478,-0.5428959223350888,-1.0990812747851204,1.7229346714424365
-0.3824636650882789,-0.2272755655835328,0.06881450907991214,0.5425017450015478
0.46499952528238775,-0.34732777062078135,1.1727483650198973,-0.3824636650882789
1.0618526384624525,1.2122378187724734,0.2987637215259237,0.46499952528238775
-1.4102236863754127,-0.4933239069241064,1.5108864569595064,1.0618526384624525
-0.5768861782331558,-0.5117084898262823,0.672563921654177,-1.4102236863754127
0.24845612841062062,-0.6687852432602797,1.6445286421434755,-0.5768861782331558
-0.8401652184063289,-0.4530940246969742,1.9479452860994626,0.24845612841062062
0.3979305613724614,-1.0871597574938585,1.1535499149977868,-0.8401652184063289
0.05562995790302307,-0.9761417856168001,3.4737965465225376,0.3979305613724614
-0.39494185065216014,-1.3147148257166479,1.5120146938240282,0.05562995790302307
-1.2963433968551934,-1.2383094795980072,-0.24653337802329586,-0.39494185065216014
0.40868457427778937,-0.9151391482266914,-0.0740947459489811,-1.2963433968551934
-0.7479776673136798,-0.7436309209132727,0.5476184832563545,0.40868457427778937
0.81313408907698,-0.22375785503606407,0.2960233917099675,-0.7479776673136798
-1.474796281218263,0.7820524412722848,-0.012436147721629374,0.81313408907698
-0.9037412018403789,-1.0319139925519243,-0.5380848840618053,-1.474796281218263
1.51209674799241,-1.1445697126644439,0.8258704463154349,-0.9037412018403789
1.2762630970571276,-0.5187082266383701,-0.5390431836534103,1.51209674799241
1.1032736580514546,-0.8155285603933797,0.07967198606559045,1.2762630970571276
-0.8035824920228138,-0.3025036571183419,0.47761575156242164,1.1032736580514546
0.006164166292079229,1.4996666262960887,-1.7873277109298695,-0.8035824920228138
-0.6249004667727274,1.4075303690277885,-0.29287946411501814,0.006164166292079229
0.2170430271768285,1.5169163440305413,0.7704319976751853,-0.6249004667727274
0.5431554848577148,1.7975737545897363,0.5250920021104256,0.2170430271768285
-0.19731903387488328,1.0290796471752615,-1.1179208786626045,0.5431554848577148
1.0631223447419567,0.8015828058982969,-1.2422538378309829,-0.19731903387488328
1.8018860148713511,-0.6167167119271835,0.2647398490951055,1.0631223447419567
1.9097135727425838,-0.5747707279949288,-2.2690061072736176,1.8018860148713511
0.9254152842943172,-0.23884331831525102,0.1815509545893948,1.9097135727425838
2.151785825810578,1.1151162992675017,0.002054971563206991,0.9254152842943172
0.03704845293137154,-0.06981333504912872,0.818117963483901,2.151785825810578
-0.816734454858529,1.3020748585497994,1.3606457611163112,0.03704845293137154
-0.08505486714551348,1.5710242065115767,1.5727536688705173,-0.816734454858529
-1.4390717737186058,1.6227062867094362,-0.868923632198066,-0.08505486714551348
-1.6127205553360904,0.48329690468318015,-0.6578566565939673,-1.4390717737186058
-0.11047097133470403,-0.9320132858650914,0.37677656780981456,-1.6127205553360904
-1.0025099177052403,0.2581136737904399,0.35066226574187725,-0.11047097133470403
0.9435014505940013,1.7447597447096272,1.417168389890602,-1.0025099177052403
0.756959005554003,1.1495440490113982,0.11646288959984473,0.9435014505940013
0.4505849359561011,1.5229217802447121,-0.16536130486104936,0.756959005554003
0.9168433657042165,1.1643907914859475,0.14202528774482298,0.4505849359561011
1.1994430726383358,-0.8039411929462672,0.5879656453568238,0.9168433657042165
0.663007330338171,-0.42143318054648443,-0.9791007895111206,1.1994430726383358
0.42555321702950677,-0.2247431292473246,0.40980971221543233,0.663007330338171
1.5387120932292955,-0.09621876771378936,-1.7886918661870108,0.42555321702950677
0.10557710364664241,-0.5487240979979645,-0.5399821615058693,1.5387120932292955
0.0599652304831004,1.0700093876360708,0.9661845163197258,0.10557710364664241
2.1804852931451983,-0.4636826041616558,-1.403159286188368,0.0599652304831004
-0.6889002099467642,-0.7073272614108077,-0.08864447780826272,2.1804852931451983
-1.4586648380833553,-0.8904146452895563,-0.02873143710501137,-0.6889002099467642
