1.449367813288711337e+00,2.340806081394853633e-01,8.910095518942597048e-02
-7.800072489307169343e-03,8.143913649186642623e-01,7.294654628080141090e-02
-2.947129953118288181e-01,3.450060671652779298e-01,4.529620589492627802e-01
1.421361474188064689e+00,-5.939238392208400219e-01,2.845363963731691870e-01
-8.259646909705161688e-01,3.219019808900365209e-01,2.499890724785351626e-01
8.567222182556494259e-01,-6.947677190427531402e-01,-1.587321364648725669e-02
7.327537856136419059e-01,-1.754156227567530146e-01,2.326251582752655034e-01
1.623742710612253504e+00,-8.239529857075823527e-01,2.279270730725232730e-01
-8.259172927776965434e-01,2.576552032693012473e-01,4.247878456576114070e-01
5.911146211690195829e-01,6.403220236709271651e-01,2.012464969074760357e-01
1.751616354190918878e+00,-1.766004160129708567e-01,1.580806116415427454e-01
2.923102098200789922e-01,4.240010839921401486e-02,2.808292680603415303e-01
8.683214273722865417e-02,3.014599339877029882e-01,-1.350813010021237326e-01
9.072247112632910726e-01,5.120133915435570726e-01,1.696811907061300528e-02
8.859452694122760263e-01,7.980125411817170500e-01,1.596517405325198480e-01
8.270065790570384490e-01,1.425469794713680460e-01,1.404865321027814751e-01
8.753530079702993572e-01,1.483741312386152034e-01,6.180933418761657555e-02
1.166912294083707780e+00,-1.089522415190299770e-01,-1.255592548892134064e-01
1.802965746045389839e+00,-4.483105374297228773e-01,1.970624597030811442e-01
-1.001385595704625153e+00,5.516538706699886108e-01,3.902926443451163602e-02
-1.111732590220350786e-01,-3.566008259667726721e-01,-2.904089524905817399e-01
2.211141084271645685e+00,-1.161303427144928235e-01,1.425598194387421858e-01
1.244837966357048298e-01,-5.605942305123476910e-01,-1.718597887508828692e-01
1.356406420244846700e+00,-1.334892607275631193e-01,1.081376936260406429e-01
-1.376557211737511333e+00,-8.920102324565398755e-01,1.414523814303515203e-01
2.195072376553790949e+00,-3.904496015384687629e-02,1.592698563826084324e-01
6.590787224915115594e-01,4.149659776654762156e-01,-7.618168106068001766e-02
-6.050589011296039210e-01,9.937043807382388294e-02,1.220527388544978414e-01
9.688983238459617509e-01,-2.593799630122148314e-01,1.260402388737863200e-01
-8.075384977776778328e-01,4.600380294505754947e-02,-2.740114795871792866e-02
-3.801802935998678523e-02,-3.209667246223709691e-01,4.680716532245324940e-02
-1.522537071768062189e+00,-7.732707895756091299e-02,2.393065842968081502e-01
7.202424254581420160e-02,1.469420465033588474e-01,-1.340480096869208493e-01
6.520295083095184463e-01,1.215274995463134777e-01,6.585446373347170201e-02
1.402727886033283466e+00,4.966645777719060906e-01,3.050527149443012509e-01
1.487215973735361629e+00,5.785848642160066335e-01,-1.534102785426059434e-01
1.330239209984229065e+00,-5.935443491322512505e-03,-2.115506099763312386e-01
7.970601120746395596e-01,1.862879499294481656e-01,-1.062402868377211179e-01
1.814678271593884951e+00,-2.492456442169113939e-01,-2.198743302204397843e-01
-8.187083218307995847e-02,-2.097438176171483593e-01,3.610784532281288706e-01
1.790645564759497654e+00,-6.271674808676941382e-01,-2.012404182849412970e-01
-2.398974332998262959e-01,-9.529768115396219930e-02,1.596777114356054961e-01
1.300741141109060584e+00,-4.862069696809849240e-01,-7.676494983723573806e-02
1.047330429187892237e-01,-1.404532591891610727e-01,-5.548443274057147240e-02
4.422642436003503819e-01,-1.003568722585319317e-01,-7.444938487616627187e-02
-6.171158331720534296e-01,6.032324735187863940e-01,4.901651312352207218e-02
1.067197944424890022e+00,2.470054854411477818e-01,-1.054114054580676529e-01
-2.054008510874300864e-01,2.003483629396825283e-01,-8.214675041090903351e-02
-2.054075180862643534e-04,2.637739105425695452e-01,-4.678466843857082003e-02
1.616949520214747915e+00,-2.389401999651283581e-01,-9.616105766360376339e-02
4.226649995227247381e-01,-1.937153966384243808e-01,1.478215614156586921e-01
1.518134232811122267e-02,-2.473922385099161236e-01,1.150209843065503647e-02
8.600422682492690762e-02,3.276011763089086704e-01,-5.761393046347988885e-03
-2.013889210417876718e+00,1.962488490978419042e-01,-2.183036446471966763e-01
-8.401443295744964734e-01,-3.808989313190096898e-02,1.131885911280047230e-01
6.820257370011910680e-01,2.082426424642010721e-01,-1.751621652183863731e-01
3.218307332203972915e-01,2.727168442989080233e-01,1.535719197842320971e-01
-5.670664581246936953e-01,3.804220988521194585e-02,3.469997578295104801e-01
9.563189420751440073e-01,9.837639150134556976e-02,-7.278271697297758816e-03
-8.954827731888325149e-01,5.163772191571950332e-01,3.074195443574088138e-01
1.744646315621299626e-02,3.793027513102834730e-02,-1.697043190696948256e-01
2.167423628792139734e-01,2.713172940127344668e-01,-7.951168506706134120e-02
6.200816343042659939e-01,5.761530853115262030e-01,1.944776066935190173e-01
1.562561437685885624e+00,4.456073572504981595e-01,-1.052765235665201887e-01
1.131549314927692285e+00,-2.900355806605643405e-01,-2.167070362707308462e-01
1.716245323783876620e+00,3.990387302628536359e-01,-3.491597391461604555e-02
-5.422454608631408490e-01,3.278665595784545084e-01,4.709506786244069959e-02
1.407352462022712358e-01,-4.785303160729029170e-01,3.509314566972993737e-02
2.829424398630682180e+00,-2.923571086525437734e-01,1.425421714072892809e-01
1.668793431413752248e+00,1.293664725111555447e-01,6.486167084056281007e-02
1.990089749373124661e+00,4.021420518570531510e-01,9.681465149737782105e-02
2.401168946934817416e+00,6.143448143976064715e-03,-2.585312186928104827e-01
3.080522192126181835e+00,-9.639999869127227061e-01,5.015055153958117296e-02
-1.009421837130104915e+00,-8.531823164588450137e-01,5.658127711632766621e-01
3.197569217627580507e+00,3.624466266859712512e-03,-1.031234868152722389e-01
-2.348935980444251559e+00,-6.602833306433796290e-01,2.514350864939447483e-01
2.482645184557157769e+00,1.104735648587391733e-01,-2.215871937026828165e-01
2.206413428860880543e+00,9.794582827427118776e-02,-1.528025277763546963e-01
-8.164405677168845576e-01,1.102598192451545583e-01,8.232147822494577383e-02
-1.195494702449825031e+00,-1.092760007808566275e-01,-2.432289590426204087e-02
-2.072568660870438839e-01,3.611142812838159522e-01,-8.948239727656764897e-02
1.535232660182815678e+00,3.722996985319239616e-01,4.486074346213688585e-02
3.054324154285626425e-01,2.686395718018085854e-01,1.103197410007554086e-01
4.416267597599075612e-01,-4.531412489397277366e-01,-1.372695402139760372e-02
-9.972577964027669051e-01,-4.026441609477538625e-02,-2.419243824354125882e-01
1.793062190116812671e+00,5.561088190612019366e-02,8.114937399395731610e-02
1.712681786449186561e+00,3.168796642080999315e-01,-6.355087173992811367e-02
2.839864401957868711e+00,-3.142242427683730049e-02,5.991297133894922522e-02
1.138653871140737683e+00,8.576716144158105792e-02,3.282336186241772286e-02
-5.681201028330605807e-01,3.927332952964819324e-01,3.653071912602363219e-02
-5.163261017133083941e-01,7.202917724514788789e-02,-4.096266598993858477e-02
6.279968752307509006e-02,1.026186733980582744e-01,-9.453681802390064004e-02
3.200234112410663828e-02,7.351250043635838560e-01,2.899586899499096426e-01
-9.441695833007034133e-02,3.259343360958236735e-01,-6.039066942628155965e-02
5.359339676756337267e-01,7.571810872270248183e-01,3.568061757336367101e-01
2.772571025304059744e-01,-1.936701723884594883e-01,2.006982576259812578e-01
-4.628106340365771565e-02,1.471177242216366865e-01,1.092415457617310626e-01
-1.129449404066207086e+00,-1.124179445587101478e+00,1.573218396390005935e-01
1.751316665247368176e+00,9.511981539437699973e-02,5.361778285333021477e-02
-1.423157919270755245e-01,2.905629276504282377e-01,-1.073697127838170312e-01
2.105231130677601981e-01,-1.420079180424226595e-01,3.181632206016293263e-01
3.798832521993713573e-01,-1.844104498575283024e-01,3.724633294662740846e-02
4.674372823571452951e-02,5.026575118723687341e-01,4.861649762787158963e-02
-1.683234909898544407e+00,3.911992923364773223e-01,-1.259494976045975045e-01
1.101851495550314919e+00,1.815007126265126211e-02,3.761654874686026773e-02
-4.534099350983172294e-01,3.163165565012412417e-01,-1.002636171480200539e-01
4.929579405497379052e-01,1.370712308728383455e-01,2.183532887271027734e-01
1.853967519591324942e-01,-3.268790358004411423e-01,-1.371892064036792092e-01
-6.028790705680144857e-01,5.412130053016932507e-01,2.275494237289719945e-01
-1.514047474005114191e+00,1.525248249439510873e-01,2.512753007776473146e-01
1.076469075437224976e-01,-5.478879393035031471e-03,3.085634879728726618e-02
7.292617031606766220e-01,-8.454067414860719776e-01,-1.299110620057471535e-02
-4.285686476799547839e-01,4.290449647187090654e-01,3.475173468684578659e-01
4.235104518121725059e-01,2.002854064522253674e-01,-1.798330171755807283e-01
1.378203981258194988e+00,9.705680613428575854e-02,8.433499792885201796e-02
1.240897004833047435e+00,-3.043150129013767469e-01,2.489100981211542774e-01
-1.153262025858036388e+00,-5.170286754450795774e-01,-1.238568223368387566e-01
3.061341813310037629e+00,-7.306060242642831160e-01,-1.456278558772790832e-01
3.463751002067005924e-01,5.973709762802709849e-02,2.294737576267568691e-01
-5.432659114545631551e-01,-1.908629719468450392e-01,-2.889453658695858018e-01
1.428646585628917942e-01,-7.001454048522199880e-01,5.051443416288562555e-02
-5.687403749617562197e-03,-3.737148442788715968e-02,-2.131682501237786576e-01
5.851116328377727882e-01,-6.019213561005397339e-03,-1.411876993018530702e-01
2.025138078192686653e+00,-3.487431689826591685e-01,-2.959449646151148250e-01
-1.676690596202631944e+00,5.271034929430321592e-01,7.212031685968907369e-02
-1.767369447263214211e+00,-2.781190738031568133e-01,1.940972289147212815e-01
2.814777839717298225e+00,3.832806155117174929e-01,-4.703642093608399050e-02
1.391821859079668489e+00,-1.947372239494139512e-01,-1.188802267991956596e-01
-3.229185692161454929e-02,9.797796524745665259e-02,-8.325307416655786108e-02
3.829752346887089764e-01,-7.100839283985664607e-02,2.926537319098854728e-01
1.406824426775273196e+00,5.813719422110977808e-01,-2.780148360160915599e-01
8.604864070574276269e-01,1.856668958248222645e-01,2.209863468801098185e-01
3.464955415979828479e-01,-4.594369477460767404e-01,1.715082814596230187e-01
1.444174576306300528e+00,-6.312920441218560219e-01,1.161570048253637855e-01
-1.247610251509395501e-01,1.233102525548304129e-01,1.044741540942960845e-01
4.084013884181997983e-02,5.038286108898222260e-01,-9.634534433894249850e-02
-1.317424472409574332e-01,-3.783186920402286657e-01,3.557047016583326365e-02
-2.524725851763603979e-01,-6.598815801051434171e-01,-1.467255714307270364e-01
1.662373015409683852e-01,5.569719159124190272e-02,2.145882123326158519e-01
-2.884193571616807117e-01,-2.107856272508881745e-02,1.115120172431071643e-01
-5.208335027988301308e-02,4.265033943419915818e-01,-2.590499718539744367e-01
-2.260745224726002645e-01,7.779128076474310649e-02,-6.103012403255373558e-02
1.585514508643026121e-01,2.326349506807985634e-01,2.383501386793378599e-02
-1.299579731143178374e-01,6.114231596928197954e-01,-2.787785647269512210e-02
1.984882190764300225e-01,9.759524508749578553e-01,-3.161397384491937412e-01
5.517163665859112776e-01,-2.708034772116732145e-02,-2.091746432199644845e-01
-4.145401895831740124e-01,5.381255437947701781e-01,-3.599260843993191267e-02
6.165625396981747608e-01,4.226092614975882067e-01,9.406801252820239795e-03
5.442459848511386200e-01,-5.160467981586407404e-01,-1.703038427258884123e-03
2.975534484417557968e-01,-1.027415345480574699e-01,1.589541089967448917e-01
-1.589195362281578261e-01,2.845210179985853405e-02,-1.591298602943090890e-01
-1.793027576081311469e+00,6.491913912638286321e-01,9.046466414028803832e-03
-1.789242572160594680e+00,-1.187951146855058260e-01,-1.252760147057809248e-01
-4.069592998606779699e-01,7.114450565391353121e-02,-1.326040642894599393e-02
4.870074438873336353e-01,-5.072333958479230409e-01,-1.909860663866789210e-01
-1.203796029782416177e+00,-5.510691009749054681e-01,-1.333684674257451241e-01
-3.346877665367715693e-01,-4.953857939728231741e-01,4.820454468547535898e-02
3.938271422696134061e-01,-7.409119170303954394e-02,-2.722104227018637967e-01
-1.828430586998917029e-01,1.198207128187175202e-01,-1.378629524814410923e-01
-1.891554255515675020e+00,1.428188463004383679e-01,1.823191464011122975e-01
-4.684204920735433042e-01,-5.639391963328322932e-01,1.475755829329297442e-01
5.294501711031673885e-01,-1.047931184322715481e+00,-2.497962321417930565e-01
-1.800785675355750071e+00,3.245122671372928091e-01,2.951759815097503292e-01
-3.521350302113089858e-01,3.259507108532067043e-02,-3.317649630249219772e-03
-3.062023408090191468e-01,-2.384038884189511043e-01,-7.480877299860795582e-02
-2.429796928640231835e-01,4.100402998998348147e-01,-3.215824481072836472e-01
-1.163322830764774052e+00,-1.983622086939704557e-02,-1.215807083054620125e-02
-2.670496777351309414e-01,1.045677903831559730e-01,-1.785350329772526223e-01
-7.561383471424151237e-01,1.580622447109746864e-01,1.128424551167684642e-01
-7.220492156112920945e-01,-8.861123407539883701e-01,-1.656581320604715579e-01
6.559264692929286378e-01,6.864376714614158770e-01,-1.732976927158172073e-02
7.291649047116882665e-02,-2.236678443293017848e-01,4.430694538445504871e-01
5.384119775942542985e-01,3.902126749745287171e-01,8.752220367289184622e-02
-6.684264283494522063e-01,7.058173008293409101e-01,1.475935343562087901e-02
-2.116712308596276904e-01,3.332450604705400332e-01,-3.671678221400593222e-04
-6.508825170911775038e-01,-1.340759663882323260e-01,-7.657225135465337007e-02
1.444795873219007598e+00,-4.213205199939137890e-02,-7.032662678566238557e-02
4.115336755747523445e-01,-1.833728718391520462e-01,-4.501988690787438879e-02
-1.251652405577331706e+00,1.879343226337083506e-01,5.679450838420533471e-03
2.486620689831448849e-01,8.258398634384131465e-02,9.361271662541018057e-02
-3.229934286095894058e-01,1.230938261759734476e-01,-1.029739807993156840e-04
-7.628706428254097283e-01,-9.083451599401241028e-01,-1.127420957227261433e-01
-5.425733803751595641e-01,1.802604358123471306e-01,-2.475560337566268532e-01
-7.087309074091134864e-01,3.397662931572536515e-01,9.268432156812581035e-02
1.518794597655489742e+00,4.069802130134574925e-01,2.950232674278080447e-01
8.528575247046531471e-01,1.316653628692374400e-01,-2.174211358246258274e-01
5.751415969649309456e-01,8.843398057263691658e-01,-1.645119436726675821e-01
1.109053120052733821e+00,3.364475546490678370e-01,-3.112441859148374346e-01
9.216036398534148688e-01,-6.401653269333994478e-01,9.983697617718125493e-04
-3.043869397073990790e-02,-4.045659082754024527e-01,3.098429671060364821e-01
-7.745706505678381371e-01,-9.170860241249322031e-02,2.256111852169123688e-01
2.810240055876756515e-01,-7.510428369378409075e-01,1.854296726726021860e-01
8.743380899236137260e-01,4.068357947538276398e-01,7.019489254344596363e-02
-6.628847793785930254e-01,-2.451655926380062137e-03,7.325685777221792316e-02
-1.799103097942165164e+00,3.565961087121134465e-01,1.606702632228134142e-01
-8.242111652867925020e-01,2.318122471802769036e-01,1.844991828820323476e-01
-1.146297038773911758e+00,-9.574724251079268500e-01,1.080422571445235902e-01
1.478787979109160045e+00,-6.880332742643467669e-02,-1.990039686518377260e-01
-2.016184917882577032e+00,5.304471009321130026e-01,-8.052144098966462771e-02
-2.107728349170662430e+00,-5.794196368094143290e-01,-2.960932177439359533e-02
-2.393018943686155697e-01,7.663521562774230356e-01,1.451891287615511388e-02
-8.333245699727502842e-01,1.036022728194301523e+00,-1.297677744477820083e-01
-1.536344419316724386e+00,-1.778581256423379664e-01,-6.909108300095907762e-02
-5.020168197117160780e-01,-1.627250801605123254e+00,4.001870277534939901e-02
2.727115041472007451e-01,8.451933891933985921e-01,1.145792672529533929e-01
-8.346451214603900493e-01,5.861046010067877399e-01,-2.511737935772984653e-01
-6.418047140073694923e-01,4.867357600882996627e-01,-5.875480802882448311e-02
-8.834442380174230003e-01,-6.034056762062432570e-03,-6.974003995531485867e-02
-2.601389699854474991e+00,5.233296361927755047e-01,-2.229831701718560516e-02
-1.529523588780616450e+00,-2.164983565947759536e-01,-1.863474970345928849e-01
4.027671380312701499e-02,-2.307141825524683942e-01,1.691688125120521802e-01
1.136537348973374328e+00,-5.136712855797094246e-01,-1.139818953808977159e-01
-1.209746399282231932e+00,-4.024357816419489864e-01,1.153498138101411996e-01
-3.256349053743091138e-01,1.446238549315441435e-01,1.325544393413508326e-01
1.533293884427597564e-01,-4.404742860820130002e-01,2.730151332612096304e-02
1.799877972014035210e+00,-1.892369350373614145e-01,-3.295352791151364702e-01
-5.374240577008614350e-01,7.177853642645852794e-01,-4.596842383847506847e-02
2.937732199265661870e-01,-4.589386268911051503e-01,-6.355048092686586825e-02
-4.436172153660613571e-01,-5.327839355307936176e-01,-1.139176429041836025e-01
-8.621510424142719842e-01,-5.640007785894314563e-02,1.343619258438869257e-01
-1.350654870098779714e+00,-2.796083593607022189e-01,5.121526593189406479e-02
6.884101191721859747e-01,-5.436387981726891194e-01,7.189114038750946123e-02
1.120115287021093753e+00,3.651966677628203373e-01,9.803393214345948459e-02
7.206525467284839725e-02,1.874020308962636161e-01,-7.493134856819744227e-02
-1.559212432882616461e+00,-4.662816330159970657e-01,-1.824072637405754760e-01
1.435535239993819712e+00,3.648811282704616521e-01,-7.614543096466315497e-02
-1.482896460034055952e+00,2.363125499609475266e-01,-1.579572698097213568e-01
-9.194387689308927136e-01,-8.152581679695346251e-02,-5.432612315786698037e-02
-1.650230835082553860e+00,-4.969557965486972040e-01,1.190770860809313159e-01
1.227262932096540915e+00,-1.338590425825928465e-01,-1.272716076381984196e-02
1.350110768909122683e-01,2.419993823534090094e-01,-2.019386866525261018e-02
-1.094601219709945061e+00,-2.870838082828690574e-01,6.948691622710667648e-02
2.275099166213256363e-01,2.129467540565784522e-01,1.504757251224440786e-03
-4.360837394101642617e-01,6.978847675260935191e-01,-5.390454776870990533e-03
-3.603540139208045168e-01,4.925016498402427501e-01,-1.727535742322446888e-01
1.763461271155832566e-01,-1.972899769893094457e-01,-3.806858146074375560e-01
-1.772014516829113262e+00,2.027175729935606907e-01,-3.504859371479380203e-01
3.271745732094666903e-01,-1.803380364486868448e-01,-3.749607448821195566e-01
-1.659915873383861928e+00,5.026049677990193087e-01,8.865565290880333960e-02
-2.768582336562293911e+00,-4.135482263346725723e-02,-6.984553523149272802e-02
1.354586436041284703e+00,2.602287178706957915e-01,-1.123112374358339882e-01
-3.341247736747426922e-01,-7.574459981932826769e-02,-2.060907380196436989e-01
3.030839332634200911e-01,1.128414778426429232e-01,-1.352053785566561528e-01
-1.716169395996687053e+00,1.748625599972342681e-01,-3.425686738036377160e-02
-1.348965187114695485e+00,9.219829493829878597e-01,-1.103102770713748071e-01
-1.461205984495587362e+00,5.267039491033491672e-01,-1.666679883539058105e-01
-8.818584262683732966e-01,-4.035334599443120007e-01,3.648957788313891282e-01
-1.061405070872557532e+00,-5.413767776868757542e-01,-2.050194186430494003e-01
1.381998010468842519e+00,-2.340296796462815188e-01,1.605103309117118515e-01
-1.078318676662033848e+00,1.825429123392402764e-01,2.915986028973952537e-01
-1.003731875198794476e+00,-3.007629789489540406e-01,6.983860773856261084e-02
9.568060184922532185e-01,-1.144701354523411513e-01,-8.218107617545501384e-03
6.546263225339646885e-01,-3.584594812622041715e-01,1.589568439402564148e-01
-2.497589936500439034e+00,-3.869231096571601469e-01,-1.691405595224840241e-01
-2.374085863420743348e+00,-2.615110643011406277e-01,-1.386966995748846188e-01
-9.234402684790089522e-01,-5.262595448752369620e-01,-2.702285939447745533e-01
-1.614878338968319227e+00,-5.770267286949395391e-01,-4.406068444137719448e-02
1.560114303744891462e+00,-4.123788916076975841e-01,4.601995907076506659e-02
-1.694778609837917172e+00,-3.717616673662510474e-01,-2.453282138935267576e-03
7.087027825833037697e-01,-6.670026743921608769e-01,2.299577148100983778e-02
2.659400345230981677e-01,-4.491831354055112607e-02,-3.211561885056906512e-02
-6.925430257236649123e-02,1.690517649288456326e-01,-3.571164954180154963e-03
-1.177234823083663784e+00,-5.935931217552959938e-01,-1.229563071710940009e-01
-1.591845097373542073e+00,8.425498916853915166e-01,-9.181697927051389596e-02
-1.878838918305954842e+00,6.361470950605052632e-01,-1.799961917134046130e-01
6.141772765232644815e-01,-4.662105295982618691e-01,-2.626878903676294758e-02
1.613467677614787432e-01,7.340130924480165213e-04,-2.885819123703862732e-01
-2.352946445858136837e+00,-4.372095894877267575e-01,-1.720264983493785538e-01
-8.781447367669729109e-01,-3.363204433662047577e-01,-8.542569160022893404e-02
-2.004011177786588327e+00,-3.001078833902040000e-01,-1.560152380955615314e-01
-5.345027028668596358e-01,4.654320333982204794e-01,4.233114421688639883e-02
-2.421816165820218636e+00,-5.860721201458333196e-01,2.898823872966849440e-03
9.234995968607507821e-01,3.356226609558090462e-02,1.098729829487709309e-01
-2.172726661857745878e+00,-2.812179759304012650e-01,-1.143261966048826107e-02
-6.079052407509517586e-01,-4.693371787098964965e-01,-1.486525667453429678e-01
-1.600282302239958820e+00,-5.594575553102074661e-01,-3.677860252050793033e-01
-8.091930572113557041e-01,3.391330494715590893e-01,2.014941916124003418e-01
-3.265638887880576657e+00,-8.425169453595543478e-01,-1.208307754532696454e-01
3.858826853949015590e-01,3.962062461574181738e-01,-3.427824663511282455e-01
-1.603948321867385562e+00,6.923046044371352625e-01,-9.499604074014708632e-02
-1.839111336511823680e+00,1.630982647198759017e-01,-4.347220981347751922e-01
-2.736093008195221277e+00,-1.189040956369404656e+00,-1.361345170064693078e-01
-6.909211517596280938e-01,3.441018159577124425e-01,-1.730305308427464439e-01
-8.353419782986122311e-01,3.396189638043572989e-01,-1.223779410664130735e-01
1.611483198182180610e-01,-2.422074918747178784e-01,-2.458913041071230862e-02
-9.598386323444095813e-01,-5.490652022719282321e-01,-2.154684563924047780e-01
3.460526998060524106e-01,2.662959969461102805e-01,1.433616362286077861e-01
-3.197990394388068314e+00,-2.411336650321420014e-02,5.958647368021553065e-02
-1.825730078796946376e+00,4.533361723364887075e-01,3.180138919343240313e-03
-1.782156502129101927e+00,2.741632486383112702e-02,-1.389153734432254095e-01
-2.730628347855074800e+00,6.158176793651377878e-02,-3.747554305453884571e-01
-2.581557724792153508e+00,3.055790232407223916e-01,-2.288449622503953840e-01
-3.877243301150798960e-01,-7.588389316476780444e-02,-5.584192250193267815e-02
-3.888685939889894527e+00,3.740600610081462052e-01,4.998072262118476855e-02
-3.181025062648261681e+00,1.763203866526261987e-01,-2.674137580079883891e-01
-2.890203769722652360e+00,4.045583514138061387e-01,-3.156711031049853622e-01
-2.025838145800034962e+00,-1.043616068538821273e-01,-7.580283163677382918e-02
-2.313675295692755096e+00,-6.441462208846397974e-01,-4.359050319171376420e-01
4.795167287619775953e-01,-2.743704461151117435e-01,-2.144158545573745522e-01
-2.607311888133529099e+00,-7.121564392976516000e-01,-2.643234211630112740e-01
9.220312983173573063e-01,-6.828778687464577557e-02,8.644047797548899681e-02
-2.815866950900109411e-01,4.304586190987835098e-02,1.407129948133700459e-01
-6.647603793028615815e-01,-2.282917075848572008e-01,-4.018385001772444842e-01
-1.951561602177774635e+00,1.051671918953645118e-01,-1.249630852809974074e-01
-2.593731756577366099e+00,2.125754293115804383e-01,-3.390951639197488654e-01
-5.620737283847581089e-01,-8.814790210988482366e-02,-7.787105540578005691e-02
-1.162347874659377611e+00,-3.615360819385340929e-01,-4.505614222525936574e-01
-1.795782928321166150e+00,-3.601078389251736178e-01,2.367419166503936453e-02
-3.795565790142158002e-02,-5.383154141687451766e-01,-2.054577676206824355e-01
-1.127676320101644869e+00,9.743419792128593659e-02,-2.022260209472521164e-01
-1.278273943762191223e-01,1.049511238755739401e-01,-4.519700856049026494e-01
-3.933716383633679481e+00,8.363751866571349503e-01,-3.790179553172155491e-01
-4.686141780270562052e+00,6.076046081929105114e-01,-2.180416977872153272e-01
-3.760494732440560206e+00,2.343172207076220717e-02,-5.466950898531524050e-01
-1.932299317414185813e+00,-5.576165709768807766e-01,-1.521686480870527436e-01
-1.018198837511042454e+00,-5.537898164869712314e-01,-2.284079038860827027e-01
1.069560713504044136e+00,1.473294713129520983e-01,-2.867017173120323670e-01
-2.992019211333863726e+00,-8.760399773156973824e-01,-5.883770637122903713e-01
-1.403108277067193432e+00,-1.577667327847730172e-01,2.096174322893356590e-01
-2.454865355021689788e-01,6.547703231832922022e-01,-1.351022380976645287e-01
-2.320246919307754396e+00,-7.259506997184047572e-01,-2.457090405788076026e-01
-1.123120181862492517e+00,5.523091589221558184e-01,2.265652216171173960e-01
-4.565584139535843633e+00,-7.822545957701136643e-02,-1.762844501538436415e-01
-2.145156639625651174e+00,5.872350182051896406e-01,-4.113254447044436546e-01
-3.077371940193392774e+00,6.862993533964031334e-01,-2.920403867774518103e-01
-2.870634058432356195e+00,2.049728142367468753e-01,-1.441959703295500606e-01
-2.582070215942929181e+00,3.648646276009268746e-02,-3.425912859415000677e-01
-4.004297676393379746e+00,4.805241955539660270e-01,-2.660147364815514948e-01
-2.632574967440167057e+00,1.116559694965319371e+00,-3.759404377240764261e-01
-2.943593265195296738e+00,-1.413350124557994913e-01,-3.227928989014757777e-01
-2.864989498277055180e-01,-4.142665016913405496e-01,4.281558489364477305e-02
1.435530226884301097e+00,-9.945135332865490119e-01,2.837135855884599933e-01
-7.293049162431568533e-01,9.172125555915052741e-01,1.250978848639033580e-01
-2.762652270662684373e+00,1.210053135214041786e+00,-7.265935624603510057e-01
-2.327956244514678641e+00,-7.965691541511485396e-02,-2.410789283562185525e-01
-3.975320194660653339e+00,-1.229010754277419376e-01,-2.101748854664545196e-01
-3.259297317952632778e+00,3.454816510739995294e-01,-1.920899148451966632e-01
-2.024384962722650894e+00,-3.108060805184001407e-01,-5.857629471300648261e-01
-1.223872922203409264e+00,1.079733648147868791e-01,-1.034564619963839610e-01
-3.280776715069555483e+00,2.975377288491756200e-01,-3.680293255711059031e-01
-2.563946838085809254e+00,-2.490339505706815892e-01,-3.916812006313364902e-01
-8.558377762788752507e-01,-1.125285146233015870e-01,5.991381143529614373e-02
-4.311205272389329934e+00,6.341863271377068401e-01,-2.750633586558519084e-01
-4.730142398911106660e+00,1.163688743206001242e+00,-2.004033104538201771e-01
-3.645068674650055573e+00,-4.178856998916412047e-01,-1.509304628442137974e-01
-7.214768910798448343e-02,-5.159848430313600520e-01,-7.169689304955347009e-02
-1.945388087940332078e-01,-2.618296836952003215e-01,2.004398042426107640e-01
-2.652720731701543322e+00,-2.994907991673448344e-01,-2.475077195201031699e-01
8.208689414814824836e-01,-1.215106910481936059e-01,-3.335279153151025217e-02
-2.209732289590195631e+00,-4.427636660679325487e-01,-5.437119047981400222e-01
-2.874466669566671406e+00,-1.084386592614864364e+00,1.413488104257063505e-01
-2.598420378810418208e-01,7.261310132405512929e-02,-7.422420155634860961e-02
-5.156560804359394012e+00,1.405037393245753274e-01,1.295562754644370429e-01
-4.758830691033081095e+00,-3.575336134416208234e-01,-1.576354323582656591e-01
6.043128162223307953e-01,1.642757604430106211e-01,-3.700309369455747829e-03
-1.671965165313910262e+00,1.489799367346739400e-01,-1.157837866784851705e-01
-3.463584690104495767e+00,5.513805504499574850e-01,-1.674911247166219752e-01
-4.311063322406142539e+00,6.012993924369385290e-01,-1.054198806356240609e-01
-3.571669428784150391e+00,6.324156660493150950e-01,-3.956924525141875537e-01
-4.348687430951796884e+00,4.775199561022480665e-01,-3.688316681395987229e-01
-3.261921751862509655e+00,3.170745608244984748e-01,-6.955899969886358836e-02
-3.827007186975294850e+00,5.363817999967273042e-01,-2.136687886380266022e-01
-4.269125059827921120e+00,9.961527051305713032e-01,-4.455714374190022919e-01
-4.513283754725252450e+00,7.949311217912299332e-01,-3.811457999239474259e-01
-3.011643671807994860e+00,2.330076032899894845e-01,-4.491320935173263584e-01
-2.307222215955477829e+00,-2.322412239425020730e-01,9.079394198097022473e-02
1.477374721641592226e-01,-5.196856934745016643e-01,4.406299334480867635e-02
1.357396206010547945e-01,6.354947138315178434e-02,-4.687577051740828837e-01
-4.219440647113314569e+00,-3.919099832468203037e-01,-4.293311531597946984e-01
-2.742701631021813302e-01,6.945610533183149693e-01,5.311674960602717072e-02
-3.518924297958460290e+00,1.110542318634981651e+00,-2.090645350454633788e-01
-2.842193409009790450e+00,1.808777130639288855e-01,-2.349212868532629117e-01
-2.132249783106799690e+00,-1.458514134024845865e-01,-2.257401318340777202e-02
7.889672503699033390e-01,9.541104026890825374e-01,-4.584560434679034735e-01
-3.774570921576995808e+00,5.495058574411080254e-01,-8.033736247704569289e-01
-3.657511260373733641e+00,1.740360652442853318e-01,-6.306402650280854560e-01
-3.587308352864165606e+00,-5.299599894321746496e-02,-4.744331608034011438e-01
-6.129950086990713087e-01,3.617896173891492484e-02,1.976049623695720191e-03
-2.594404069637168853e+00,1.209605715392007230e+00,-4.148215844700837707e-01
-4.299399638520687184e+00,2.835123163782393707e-01,-5.579877729914318740e-01
-4.106294222880364941e+00,-1.700522142386610425e-01,-4.811998004479340896e-01
1.156299158255974069e+00,-8.192425871020425632e-01,3.390605844516898504e-01
-8.288588799707912180e-01,-3.147900247835507676e-03,-2.692136859920787884e-02
-3.743554255970075850e+00,7.518694079583833068e-01,-5.379302536111597588e-01
-4.304268525608733853e+00,1.767810758851881547e-01,-3.046532719656824262e-01
-8.533608648599885216e-01,-2.972339689174537461e-02,-5.404287202292786807e-01
-3.173380609218173554e+00,3.229254199663337266e-01,-2.886059629631450019e-01
-1.513079485561625637e+00,-2.912041589510081518e-01,-3.604867496843303792e-02
-7.984973955125593825e-01,8.829084550757454464e-01,7.569756617679478106e-02
-2.484577753667532196e+00,4.421613143825851161e-02,-4.868447539763009480e-01
-2.697548485925467254e+00,-1.454743912213242174e-01,-4.934348778028176397e-01
-9.018653070310642672e-01,6.614303626500503963e-01,2.728689132093619144e-02
-5.300473524208110909e+00,8.615254973429572471e-01,-3.726782878045453162e-01
-4.962054523001317108e+00,-5.686771467709122313e-02,-2.138723966313813563e-01
-3.121918624986328439e+00,-1.465418469004876705e-02,3.658292070792083794e-02
-1.484252558809778355e+00,7.157500445910311426e-02,-1.799796090069704091e-01
-3.287572632594881750e+00,-4.252608504208592044e-01,-2.599769942672185419e-01
5.464795516894026539e-01,-4.705000787283513120e-01,7.357657695179477264e-02
-6.950755820794345397e-01,-2.779571464754577170e-01,2.780960434601598696e-01
6.666197172572679852e-02,-1.350122860293128113e-01,-2.158993387032814015e-01
