fpc_2,fpc_1_lag1,fpc_2_lag1,fpc_3_lag1
-2.4618229700415184,0.46802343711062766,0.1597768219422699,0.9380514168602289
-0.15728939065902636,-1.9203949220454641,-2.4618229700415184,-0.8611353914464218
0.8051073669544118,-0.9229569799603152,-0.15728939065902636,-0.4336530114248023
0.053931442514898995,-0.3996248037694902,0.8051073669544118,-0.32109191741073373
0.5436947741680812,1.1536518381358194,0.053931442514898995,0.06683388250516155
0.7065867201035775,-1.1318212288930143,0.5436947741680812,0.45883885054545565
-1.0322002090605376,0.2790475187727616,0.7065867201035775,-0.6546298466106347
0.478248703590062,-0.6977282550600615,-1.0322002090605376,-0.748810168781877
-1.8510908158430328,0.45772026006215805,0.478248703590062,0.44971628783863216
0.9785375434285132,-0.5950881065158413,-1.8510908158430328,0.873416688159574
0.9342661129257733,-1.467329435039089,0.9785375434285132,1.1919674287902267
-1.1412330639179145,0.32514548765879914,0.9342661129257733,0.45744480598917253
-1.8211991767844296,0.5781825453181662,-1.1412330639179145,-1.1956517505360167
0.7307544929677884,0.5479036608195414,-1.8211991767844296,-2.2201446911867033
1.476105303617154,0.32201687736369733,0.7307544929677884,0.7954815052288837
1.9963380711663052,0.966150849288405,1.476105303617154,0.6746393373730265
0.1443901154955159,0.08585697957822663,1.9963380711663052,-0.4280360641415409
1.1875403934953324,0.21117873398454157,0.1443901154955159,-1.9785351953275605
-0.8837283536413788,0.020405318874581368,1.1875403934953324,1.3731856509687785
-1.059851896293687,0.2558277853765129,-0.8837283536413788,0.9153894144883262
-1.2020619120583473,0.25426991688629275,-1.059851896293687,-0.7814780992541591
0.10428587855009937,1.5861257721175537,-1.2020619120583473,-1.07116642339084
-0.30343408407436495,1.0986368919427898,0.10428587855009937,2.61179854055832
-1.0046145526556138,1.5103409661203269,-0.30343408407436495,0.7780409532231992
0.8576706247966547,0.9555183746666789,-1.0046145526556138,-0.4150697681526634
0.1504572517483093,0.9818043887258667,0.8576706247966547,0.7656064803333336
0.9830520273047669,-0.023506552113098385,0.1504572517483093,-0.3084956333151567
1.4364058754542877,-0.6377349681942933,0.9830520273047669,0.1928930251066685
0.6428249821084061,-1.1263889365783224,1.4364058754542877,-0.05845311366452663
0.29197123224799776,-0.5876747699544053,0.6428249821084061,-1.4664126736571215
0.20341170861182276,-0.22782886179097725,0.29197123224799776,0.9541558479028407
-0.3319046710545316,0.6947708671113612,0.20341170861182276,-1.1159098427211396
-0.5683212849352396,0.8679856882560307,-0.3319046710545316,0.11786480442092137
-0.782658421377276,0.1582665819559863,-0.5683212849352396,0.42556211631852414
-0.6290030188002317,0.6818461386879676,-0.782658421377276,1.230888381621567
-0.24435679845281932,-0.5214790810878666,-0.6290030188002317,-1.6757992875142742
0.4024354002779104,-0.786044910056485,-0.24435679845281932,0.5266423084454214
-0.5213569782708454,-0.6514909550047943,0.4024354002779104,-0.7782419611943863
1.4797424260987075,-0.7740022037792722,-0.5213569782708454,-1.4541033672905572
1.4073635817649905,0.5612660140911129,1.4797424260987075,2.186154157774459
-0.10913058738045675,0.48768367762608994,1.4073635817649905,0.4711944465802966
0.23478337775156227,0.3430128398492093,-0.10913058738045675,0.9560082798758712
-0.7511055156680894,1.0875621188065339,0.23478337775156227,-0.14098820920685637
-1.7731621939208546,0.35225813448832,-0.7511055156680894,0.2814611397808697
-1.8310348598794068,0.3482693490573338,-1.7731621939208546,1.2053820439950336
-1.5597083336011737,-0.12973600008083402,-1.8310348598794068,-1.421976193903803
-0.8585596392303338,0.39044122459857944,-1.5597083336011737,0.8842624943905848
-2.7906580183246805,-0.028646289090233413,-0.8585596392303338,0.07233326391262412
-0.6293127012559524,0.26928412622658515,-2.7906580183246805,0.6756385423562151
-0.22019805464353603,0.7481392709832326,-0.6293127012559524,-0.9119238347474357
0.7598638277300749,1.3681204902802164,-0.22019805464353603,0.41965112105274543
-0.2776082879026286,1.2671243584386385,0.7598638277300749,-1.435394930103599
-0.21892734861471735,1.0504506766911936,-0.2776082879026286,-0.7639863201917642
-0.07591524350711429,1.0376577534269638,-0.21892734861471735,-1.5623085576323468
-0.4827255941533291,1.2534935641164875,-0.07591524350711429,0.42850930143743
-0.8157812321530267,1.5605241284828841,-0.4827255941533291,0.774891389981507
-0.09599668600083905,-1.0802177840308635,-0.8157812321530267,1.4070724115745648
-0.9648558055121381,0.40813291435219745,-0.09599668600083905,0.2856253855397576
0.784343105892833,-0.5274870566980103,-0.9648558055121381,-0.926985944613514
0.7066375621395148,-0.22136857659864495,0.784343105892833,-0.7654222622837092
-0.8766872344073243,0.46989968713585356,0.7066375621395148,-1.8438213948032027
-1.5662887013808582,-0.2838026109103189,-0.8766872344073243,-0.35670127574728794
-0.032211048423652903,0.3064187659840912,-1.5662887013808582,-0.512756624620137
0.4167339053867378,0.43504458343801883,-0.032211048423652903,0.06799664331548605
-0.1536826417003571,0.007498572970094553,0.4167339053867378,-2.086932536213588
0.8651730326319466,0.6747232100133689,-0.1536826417003571,0.7093924828796606
-1.231099166676089,1.3616366230280144,0.8651730326319466,-1.0505569735960032
-0.6396589478071475,1.2755877914414868,-1.231099166676089,1.4264494968909047
0.9470816718499803,0.3040673647126882,-0.6396589478071475,0.4124247891421935
0.8204690897475642,1.0697646115935036,0.9470816718499803,-0.3908285400141726
0.21192897500703248,0.06051678472698449,0.8204690897475642,-0.3093104093986089
-0.8579944528447615,0.852849261046581,0.21192897500703248,-0.5404578422209477
0.4924851274672802,1.602062407533982,-0.8579944528447615,0.6103598025779355
0.9883269350266857,-0.5821066183188878,0.4924851274672802,2.0486591053985173
1.1819860829880076,-0.45192867246154816,0.9883269350266857,1.1794881796488255
-2.281004620208179,-0.48338386640872405,1.1819860829880076,0.09462662980120295
-1.0448018932450536,-0.39539616700154867,-2.281004620208179,-0.7359819391423634
1.305714551661086,-1.3731722151440984,-1.0448018932450536,0.24259023527347076
-0.07026820564700788,0.015245981362271368,1.305714551661086,0.6581431984349595
-0.2528862714818683,-0.30180140120888577,-0.07026820564700788,2.266394809609288
-0.1043216249895708,0.7220540799721157,-0.2528862714818683,0.9962751496320694
0.7848989498511639,0.6982485521129992,-0.1043216249895708,-0.09523311888164045
0.16149548601454344,0.412476418292473,0.7848989498511639,-0.7425053296409176
0.4699296536055845,0.8694314294487013,0.16149548601454344,-1.4353984887053255
-1.487528737654548,0.5709724979782453,0.4699296536055845,-1.033318086489508
0.7109777025238316,-1.2024755987398443,-1.487528737654548,1.3096728485445817
1.0276993206499696,-0.9890276661966334,0.7109777025238316,0.24604628465958264
0.20582380826396282,0.13585729723474807,1.0276993206499696,0.7423716072249344
-1.269206182564962,0.48841743108053537,0.20582380826396282,-0.04775729466269046
0.9489014790259414,1.3266292889546387,-1.269206182564962,-1.1636363615255227
-0.1873487247944344,-0.0864674309248964,0.9489014790259414,1.3076226357418224
-0.10538528402220294,-0.2822282989712427,-0.1873487247944344,-0.7155131903860339
-2.328408072422412,1.2711423132138047,-0.10538528402220294,-0.8009860365235271
-1.7152725543155791,1.500073146242382,-2.328408072422412,-1.0907884889720134
-0.07718578170167661,-1.1438418856106243,-1.7152725543155791,2.0605372694410744
-1.0606902519773413,1.1077043581938282,-0.07718578170167661,-0.19233798543540676
0.8927802859505529,1.1460605365251118,-1.0606902519773413,0.6074219016171666
0.3797950915257269,1.1865255444332643,0.8927802859505529,1.3602546990842217
1.5983135056728204,0.15082582221510638,0.3797950915257269,0.9201977630884712
0.6589747309874978,-1.051552470361753,1.5983135056728204,0.526975262084926
1.9924237149487307,-0.3295217169313878,0.6589747309874978,0.6653851366447424
-0.7601798230133994,-0.7501653552279417,1.9924237149487307,-0.3904387078762217
-0.609079455838004,-0.2922256896610521,-0.7601798230133994,0.15371844901804846
-0.5747441393505142,0.4169154367478404,-0.609079455838004,0.5989896225540832
-2.2802463569578344,-0.030041436000661597,-0.5747441393505142,1.140311468566803
-0.056495413501029185,0.7106208406774824,-2.2802463569578344,0.257261710754907
1.0184213736545582,0.9824489458684489,-0.056495413501029185,0.8330254495192772
-0.522733235476284,-1.080594568914376,1.0184213736545582,0.19355902765193447
-0.24376749858175065,0.6959115319290881,-0.522733235476284,-1.125187640089187
0.003018392529958758,1.0202946331137384,-0.24376749858175065,1.7667012561614415
-1.5386664725568233,-0.09414961552227365,0.003018392529958758,0.7382606088716841
-0.36992585678943174,-0.5463832963391319,-1.5386664725568233,-0.494166820387352
-0.8737481994305141,0.6809425832015391,-0.36992585678943174,0.5099569431465872
-1.758338335748973,0.7845464653825907,-0.8737481994305141,-0.8698630640880589
-1.6397015516345257,0.02625085909158535,-1.758338335748973,-1.0788417468168845
-0.8914784149122098,0.5889042468332699,-1.6397015516345257,0.9604609423959447
0.02257020318581143,0.8572807997104748,-0.8914784149122098,-0.24835634316549443
-1.0778357329435087,0.6835289431761491,0.02257020318581143,0.1369173449712202
0.6414155875248065,0.2211705834750333,-1.0778357329435087,1.5825635372203024
1.171667557889771,-0.3296174216112476,0.6414155875248065,-0.9632612722349746
0.3904632773578987,1.3340386499822532,1.171667557889771,-2.707017552778859
0.7885944271678174,1.5104008627176928,0.3904632773578987,0.13111846395291848
-0.6918342116484955,0.42555610848588066,0.7885944271678174,0.38899701482810406
0.42523064004019606,-0.5342006607605938,-0.6918342116484955,0.3659930144651155
0.5231300031778813,0.9347490330088468,0.42523064004019606,0.1961713998583528
0.45709195057049307,-0.5660751467248777,0.5231300031778813,0.6344743988581469
0.9412150999313037,1.0731471563434938,0.45709195057049307,-0.5620193297108046
0.6674298055222254,1.244620767549852,0.9412150999313037,1.5723018910265298
-0.2436750719992883,1.197015427075612,0.6674298055222254,-0.3927902744031605
-0.23630762635372912,0.4501572503847535,-0.2436750719992883,0.9349129981954826
-0.08139143319751388,-0.15585030183350151,-0.23630762635372912,-0.3683704994243192
0.9128159565207266,-2.9754883436713215,-0.08139143319751388,-0.7132670786568536
-1.8249797067618327,-0.2115809547143701,0.9128159565207266,-0.7384947187605062
0.7337947991649477,0.22738363955352622,-1.8249797067618327,0.713061327315319
-0.34595875188026176,0.6307802649097853,0.7337947991649477,-0.06967282446972078
0.5225247203338664,-0.6140302536045666,-0.34595875188026176,0.5468952359268224
0.40887830241009143,0.5330299177665954,0.5225247203338664,-0.40391731669071906
0.6502134160363416,0.7706261823020372,0.40887830241009143,-0.18213439859684724
-0.6923437693221919,1.1740305155136543,0.6502134160363416,0.09438652193192446
-0.12778303627801,1.5820643571421908,-0.6923437693221919,2.21319234636253
0.3045496470482779,0.6118774481531296,-0.12778303627801,0.8469780527193679
0.29734767727422756,1.6029017834377157,0.3045496470482779,1.2421119861886016
-1.1399416228547015,1.7643891669458585,0.29734767727422756,-0.7627774537345265
-1.2051524789915744,0.4443842773673803,-1.1399416228547015,0.6836811502406256
0.6231166908725995,-1.5244820977263778,-1.2051524789915744,0.22275534928453403
0.37379948715129907,0.7209935145282012,0.6231166908725995,-2.9399440539035466
-0.8997657482182474,1.1289137412457213,0.37379948715129907,-0.7608394196687125
-0.4702470351998267,-0.2062175555759323,-0.8997657482182474,0.2837810130626884
0.2541595491154027,1.4663009421925204,-0.4702470351998267,0.06937389112168559
1.9101993468124525,0.8618452627766462,0.2541595491154027,0.9844316425043822
1.0268704287403476,1.2896611454362126,1.9101993468124525,-0.6460280635669939
-1.336353951706097,0.6393645395875978,1.0268704287403476,1.1213312460267744
0.322947132600684,0.5284388672000512,-1.336353951706097,-0.9292864731057718
1.9536915990362482,0.19821434713701874,0.322947132600684,0.807775374718791
0.5394515776642812,0.8764603888676675,1.9536915990362482,0.3270617330126878
0.033966774996019536,0.7822524512522527,0.5394515776642812,0.6552118737978156
1.7690570701587307,-1.6264774825530657,0.033966774996019536,0.8656166331946349
-0.8761592656250847,-0.8943924168552193,1.7690570701587307,0.567798771116901
0.6320530092937421,-0.3773292974305859,-0.8761592656250847,0.05903378179109084
1.7289316963667722,-0.877853579348545,0.6320530092937421,0.2715212217091547
2.6353871378297957,-1.1194584899673783,1.7289316963667722,2.189362394391789
0.559597859480621,-2.599800083511976,2.6353871378297957,-1.5647663950543305
2.127711202730153,-1.275063665842009,0.559597859480621,-0.8985009829784819
0.6907215663163406,-0.7054997472996943,2.127711202730153,-0.8985241097271075
-0.9314441622453056,-0.6195326471882888,0.6907215663163406,0.25419741107841654
1.1521679443518886,-0.37170661126005144,-0.9314441622453056,-0.36017026277131303
0.09874252308227736,0.1713888536763887,1.1521679443518886,0.10432701934757638
-0.02519580764864718,-1.5606712554545519,0.09874252308227736,0.10264980205981733
0.7777290506113785,0.0530058193894246,-0.02519580764864718,-2.41081806637192
0.3881731710184461,-1.0043096136953222,0.7777290506113785,-1.2728343701687286
0.8825523738375252,-0.10711477328647788,0.3881731710184461,-1.862163581610683
2.2756979966639097,1.5689647724478855,0.8825523738375252,0.9665343775017001
0.6765144207200721,1.6659742867744443,2.2756979966639097,0.5218249223037074
0.5390500366884453,1.1316744290491627,0.6765144207200721,-0.6693667452897367
-0.39403664119881754,1.7739437299941045,0.5390500366884453,0.21558206006266997
-0.10417775350024522,-0.9710379077259921,-0.39403664119881754,1.5589788551481543
-0.5672907927709383,-1.3910073656692221,-0.10417775350024522,1.537144280613447
-0.27745652821339867,-1.11541175635931,-0.5672907927709383,-0.09046686180843086
-0.2473515741157977,0.17836285576434224,-0.27745652821339867,-0.5779391025802215
-0.6803031745538248,1.1666230271321487,-0.2473515741157977,-0.21049105804213328
-0.3346452222234139,1.394016228172524,-0.6803031745538248,0.07945924355505649
-0.6283972213412405,0.4574759474945976,-0.3346452222234139,1.667524818540048
0.5110697276634428,-0.8555025728384927,-0.6283972213412405,-1.6902436630295723
0.12449322291086454,-0.1966293669539531,0.5110697276634428,-0.7294908799048098
1.125578180839066,0.5165254892284156,0.12449322291086454,0.14178899910297654
0.029482249874199663,-0.5061834486341584,1.125578180839066,0.7014514451840994
-0.5319310182493993,-0.07035966231061212,0.029482249874199663,-0.171075540109418
-1.7453415872854812,0.8030933930343416,-0.5319310182493993,-0.17667960540428226
-0.3821241989340311,-0.0803302828335142,-1.7453415872854812,-0.6069456740482286
0.9678140375565033,0.47680533973879835,-0.3821241989340311,-0.8122451876109573
0.5387177316064005,0.2686464058099016,0.9678140375565033,0.7773461652956212
0.24752173683330334,0.41499775985798326,0.5387177316064005,1.4564146877514164
0.30200218450562333,0.44610928119385745,0.24752173683330334,-0.22173889919367148
0.4088278734564099,-0.3075559994100193,0.30200218450562333,-2.4165683633373503
-0.2766456390442218,-2.2986638338927285,0.4088278734564099,2.1132773501256037
-1.1024386336662688,-0.5998508470854254,-0.2766456390442218,-0.929260831142649
-0.671180428645574,-1.8067500886147487,-1.1024386336662688,0.32508022428081346
1.2094334260268418,-1.9304321256072408,-0.671180428645574,0.4752793443126711
0.8148760866763135,-3.893189314318111,1.2094334260268418,-1.0161445139762522
1.1101001759759759,-2.55638397490021,0.8148760866763135,-1.0749050489791014
0.011223318060905258,-0.8623057125518482,1.1101001759759759,0.4783275243385348
-0.4773607040284581,-1.2783565758271778,0.011223318060905258,0.9237844545419741
-1.2037338739708858,0.04631937104508917,-0.4773607040284581,-0.33165995081837757
0.1471731305139553,-0.4193769809678646,-1.2037338739708858,1.0166505690149499
0.705280495701166,-1.6571414037753063,0.1471731305139553,0.33380179979866786
0.556979864276941,-0.877477526380419,0.705280495701166,0.6083444083734149
1.932579725496906,-0.38970636581831053,0.556979864276941,-1.830750012514241
0.2594481653335638,-1.08941022778488,1.932579725496906,0.9670584369370435
1.5583552330725012,0.7924791503273392,0.2594481653335638,0.4919014474579773
1.1827419939645023,0.966721282114684,1.5583552330725012,-0.7654772502694318
-0.519618544962099,0.3660213257314354,1.1827419939645023,0.15366318324782793
1.1426361851114017,0.9322411858552507,-0.519618544962099,-0.05872066755692046
-0.023089116312635848,0.9017233765227761,1.1426361851114017,-0.7353224546729863
-0.38794178051474965,1.2647065518158545,-0.023089116312635848,0.19104477680902904
-0.8322759862401922,1.5481127332561881,-0.38794178051474965,1.6113335860411857
0.5588005822274391,0.5704731657381708,-0.8322759862401922,-0.19716226070485415
-0.2658194933476388,1.0054988657124975,0.5588005822274391,-0.6041616896008903
-0.0511618852338031,-0.5638231321385394,-0.2658194933476388,0.696394664968194
-1.5760930615192883,-2.3722853371040173,-0.0511618852338031,0.02370275093057906
-1.6297410626657556,-0.44892689332452235,-1.5760930615192883,-0.8221019377659625
0.1767159889432467,-0.39598953403242465,-1.6297410626657556,0.6758859831187707
0.027519980381802325,-1.3372465388578483,0.1767159889432467,-1.6787969097262103
0.23452644614185672,0.33619095250254444,0.027519980381802325,-0.4032773988670907
0.5224405214165748,0.5432071840333828,0.23452644614185672,0.24042971285349443
1.3939414366304639,0.6968268166070235,0.5224405214165748,-0.4845190717062164
0.3348487380586133,0.29800460009689417,1.3939414366304639,-0.2339497946424121
-1.3546659793494376,-0.755029921992447,0.3348487380586133,-1.014709097717757
-1.117236440147677,0.27490845456725804,-1.3546659793494376,-1.7633075128154956
-0.6822338810208994,-0.9971805814241717,-1.117236440147677,-0.3859176287697528
0.25956343525709313,-0.46203744430072363,-0.6822338810208994,-0.2734096779026896
0.2530688318280107,-0.42552438900112266,0.25956343525709313,0.4740596526745117
0.5580205424675185,-0.2685952866292552,0.2530688318280107,-1.3619523504942752
-2.507284924941462,-2.0562688926649186,0.5580205424675185,-0.27304648819803334
1.0631818774784079,-1.5417212717523783,-2.507284924941462,-0.4268896831789467
0.3263921833756072,-0.8483263026515909,1.0631818774784079,-0.7473869012721756
-0.176515687955989,-0.8309300487394408,0.3263921833756072,0.4423817841050133
0.28426953113777637,-1.317008614826744,-0.176515687955989,-1.0585022723633168
1.1845307052054652,-1.4818631991085174,0.28426953113777637,-0.35770845334250256
-0.9671249867596419,-0.43375303859943,1.1845307052054652,-1.4966539146973699
0.08631392485727336,0.4924190446217021,-0.9671249867596419,-1.766578943988125
1.4465165031440936,0.47439768002207344,0.08631392485727336,1.4474842022095968
0.9222918318036369,1.2638912966463784,1.4465165031440936,0.4149054357847393
0.3231285281176193,2.065009903346735,0.9222918318036369,0.5669136812308437
0.9163671714279857,-0.14401745378835448,0.3231285281176193,-1.4544227887747136
-0.3138421899089312,0.16557242748530698,0.9163671714279857,-0.46241989357807906
0.7341793549895813,0.03048364635144986,-0.3138421899089312,-1.7420304606906076
-0.4388363181931119,-0.6419653964316029,0.7341793549895813,0.8900253453840423
-0.20958423324668773,-0.2769515881518381,-0.4388363181931119,-0.7853717859787575
-1.2535402197181946,-0.12607190418700465,-0.20958423324668773,-0.09096892466924181
-1.4607928406919668,1.1904854205413498,-1.2535402197181946,0.5408441211615097
-1.7211374719632762,-0.24912851797267507,-1.4607928406919668,-0.6754872954877419
0.6673712664130302,-0.5383241212192752,-1.7211374719632762,-1.2228092211572765
0.1745933278808704,0.9159217885466129,0.6673712664130302,-0.06262417474118238
-0.6685274589258563,-0.1863466874006699,0.1745933278808704,1.0451743681393226
-0.026969645728330636,0.31999241640197906,-0.6685274589258563,-1.7825634198568365
-0.610535342071581,0.32540846178526395,-0.026969645728330636,0.36668197807937863
-0.015346370604120408,-1.9832159351694492,-0.610535342071581,2.095529036028999
2.0707454945675994,-3.2236135105778567,-0.015346370604120408,-0.09769578939473533
2.611392571151561,-0.852705911499843,2.0707454945675994,-2.028530740136123
1.924236618165598,0.009614367511058916,2.611392571151561,-0.6908413864991324
-0.8971763990407007,0.378142151836702,1.924236618165598,-0.3933937578485583
-0.6447503659734455,-0.5398545338636401,-0.8971763990407007,-0.4133455282962962
-1.5960472383104205,-0.0878257486950784,-0.6447503659734455,0.5939979502651378
-2.043286776565094,-1.0464461108193623,-1.5960472383104205,0.10445429768418851
0.020865621203455715,-0.3922636432475463,-2.043286776565094,-1.0034366693892773
0.6353179355524857,-1.443516380057466,0.020865621203455715,1.2741165316102285
-0.9589907086502203,-2.410277298424426,0.6353179355524857,1.9191670927228204
0.256420069271372,-2.0963227756226024,-0.9589907086502203,-0.2689054442090237
-0.600551242100133,-0.798785125284187,0.256420069271372,0.5015683852443399
1.3932561986469025,-2.1769186644785345,-0.600551242100133,0.5916759113569827
0.9065845931736765,-0.9890642047617172,1.3932561986469025,-1.0324582376513793
-0.22543492511592111,-0.15640845327913416,0.9065845931736765,1.2031085487462996
-1.2338473727503483,-1.0609289561833968,-0.22543492511592111,0.2349143633359826
-0.2018330166670054,-0.7318842656369319,-1.2338473727503483,1.5058013705612912
0.5519016192982443,0.3065470593983938,-0.2018330166670054,-0.35492088519731935
0.4490582125939455,-0.872273113002709,0.5519016192982443,0.3552375242614086
0.6124142904789912,-0.3417176004378946,0.4490582125939455,0.12228520373016562
-0.7537812579978043,-0.4402414234124338,0.6124142904789912,-0.46353148529091803
-2.613971506323354,0.496825855068759,-0.7537812579978043,0.33897883464986284
