4.388726370437642799e-01,5.678025487442404234e-02,2.545840739475966896e-01
-1.800783287278690636e+00,-8.748636629233660367e-01,-2.337093172447648470e-01
-8.654706827799045765e-01,-5.589629072663136744e-02,-1.176920031715273512e-01
-3.747342067763954621e-01,2.861128475409605576e-01,-8.714329191003171438e-02
1.081796731289284885e+00,1.916574015252204069e-02,1.813849622747739157e-02
-1.061325839690757888e+00,1.932140561808789181e-01,1.245273571978410126e-01
2.616670677442453630e-01,2.511013397979620088e-01,-1.776643905465770112e-01
-6.542703098985475085e-01,-3.668153505585888263e-01,-2.032246206929215482e-01
4.292111925034947650e-01,1.699563363015078321e-01,1.220515236379716706e-01
-5.580230942969962582e-01,-6.578263795811953862e-01,2.370424208405770838e-01
-1.375936945686174528e+00,3.477451262620496197e-01,3.234960457177936677e-01
3.048938285498043466e-01,3.320122866859240296e-01,1.241490180833488416e-01
5.421704945440163348e-01,-4.055626057188199129e-01,-3.244959585401807067e-01
5.137775277971097232e-01,-6.472037193997641769e-01,-6.025399781680170763e-01
3.019600834814584744e-01,2.596898965504107482e-01,2.158910681346063176e-01
9.059742256220580936e-01,5.245669199200510002e-01,1.830949006277377833e-01
8.050938489048843627e-02,7.094432291142636071e-01,-1.161675821250692520e-01
1.980254844576345430e-01,5.131224579085182091e-02,-5.369679544444916353e-01
1.913437531994685928e-02,4.220189474084161674e-01,3.726780760911145851e-01
2.398935734722990876e-01,-3.140525675097154967e-01,2.484336809265404455e-01
2.384327366888012445e-01,-3.766419939335169387e-01,-2.120905897406604457e-01
1.487334062990028460e+00,-4.271794926936988146e-01,-2.907110495664324556e-01
1.030208386351660232e+00,3.706031132611572326e-02,7.088335466847855981e-01
1.416269507203709255e+00,-1.078320648883287769e-01,2.111577595955460573e-01
8.960039937799402221e-01,-3.570121727102036346e-01,-1.126485719753829023e-01
9.206527856839199497e-01,3.047923727751712386e-01,2.077830844884089312e-01
-2.204244850935486652e-02,5.346833788608661847e-02,-8.372470177305724182e-02
-5.980136998145546556e-01,3.493494487288764105e-01,5.235053354761772665e-02
-1.056231897241936002e+00,5.104588432788038643e-01,-1.586398308681878644e-02
-5.510714967742393888e-01,2.284421850432743484e-01,-3.979795838884634396e-01
-2.136385604664737259e-01,1.037584850012284177e-01,2.589547636451393076e-01
6.514971226072856503e-01,7.228688441177343049e-02,-3.028542666339789635e-01
8.139232733148972221e-01,-1.179497225404656374e-01,3.198812084837554526e-02
1.484089613283800790e-01,-2.019656356717527135e-01,1.154961608104195792e-01
6.393774097970307269e-01,-2.781351143751799038e-01,3.340590644986727864e-01
-4.889988007717965823e-01,-2.235302423098866342e-01,-4.548064232575350641e-01
-7.370861695325235941e-01,-8.683763469436414639e-02,1.429289930033542655e-01
-6.109128961538115021e-01,1.430143891992470551e-01,-2.112123124988100620e-01
-7.257935421939174514e-01,-1.852758225312183815e-01,-3.946388785646998132e-01
5.263076080290080005e-01,5.258594524601382103e-01,5.933150590258391421e-01
4.573083411469673343e-01,5.001380169050512192e-01,1.278806253855583330e-01
3.216483142251477245e-01,-3.878198659062573328e-02,2.594575075991790714e-01
1.019823404520459276e+00,8.343550627029380773e-02,-3.826373696934105839e-02
3.303177664721599349e-01,-2.669220860622021352e-01,7.638762900991875882e-02
3.265774222032790663e-01,-6.301327068634300366e-01,3.271367282303898616e-01
-1.216554043243936040e-01,-6.506990486108975569e-01,-3.859196692141110829e-01
3.661226260548826050e-01,-5.542771200170455437e-01,2.399859370337287801e-01
-2.686205740499530981e-02,-3.051083038690413085e-01,1.963101028133346082e-02
2.525117872743464220e-01,-9.917225265945167623e-01,1.833660815787568066e-01
7.015414799725100403e-01,-2.236402948729067641e-01,-2.474931339659277862e-01
1.282907221633350581e+00,-7.825228661782868134e-02,1.138919361071684538e-01
1.188201625293618724e+00,2.700345474636999810e-01,-3.895614701512138400e-01
9.850234454282256191e-01,-9.865429259857859401e-02,-2.073433783466401281e-01
9.730273283039800880e-01,-7.780071290826484631e-02,-4.240054118744538969e-01
1.175419823839197964e+00,-2.697817382264205283e-02,1.162960171730485631e-01
1.463327015556747268e+00,-1.715472991466633068e-01,2.103029784750085340e-01
-1.012936511013097229e+00,-2.899060434445037138e-01,3.818748316344127147e-01
3.827123904134038246e-01,-3.411456199946887730e-02,7.751779163337615963e-02
-4.946325701308620926e-01,-3.428830157470615925e-01,-2.515809411191724521e-01
-2.075806535891660254e-01,2.787338045669958131e-01,-2.077330883147182339e-01
4.406320249953759594e-01,2.511194076486287230e-01,-5.004070713862391884e-01
-2.661259893715031133e-01,-3.115503488533995502e-01,-9.680755482039900273e-02
2.873334991455718801e-01,-5.566156003745590386e-01,-1.391604640141635152e-01
4.079478684737724570e-01,-1.144691399562469160e-02,1.845406569285897372e-02
7.031524988934426471e-03,1.480956816829329392e-01,-5.663866367809239355e-01
6.326981321305217287e-01,-5.461455209488351448e-02,1.925267901878927046e-01
1.276827201502771070e+00,3.074585206174011986e-01,-2.851177125741491958e-01
1.196137914090039223e+00,-4.374985283210606202e-01,3.871337089543528398e-01
2.851285547028328815e-01,-2.273170641879376508e-01,1.119307333581298497e-01
1.003134413534006342e+00,3.365665811901518700e-01,-1.060695822674981997e-01
5.674750192534380039e-02,2.915719781263754751e-01,-8.394582932635769046e-02
7.997296171898045092e-01,7.531368486301855125e-02,-1.466784834994152853e-01
1.502278086421828807e+00,-3.049074522897305961e-01,1.656496459802210552e-01
-5.458501569908612572e-01,1.750155668358393535e-01,5.559993533487791462e-01
-4.237803334451511472e-01,3.512240047580220681e-01,3.201092184830363063e-01
-4.532763433064202485e-01,4.200450993719873072e-01,2.568135657142860476e-02
-3.707689502907292045e-01,-8.106058321272361367e-01,-1.997430812970386327e-01
-1.287644300242744233e+00,-3.712936399071049554e-01,6.583819317979718033e-02
1.429638670680163752e-02,4.640147684458779676e-01,1.786179026937488035e-01
-2.830037265435896843e-01,-2.497137305464194532e-02,6.150921084211659062e-01
6.770810028700926519e-01,-8.986877304501249275e-02,2.703858038134340780e-01
6.547582002936914725e-01,-3.707301462011875631e-02,-2.584595571613136980e-02
3.867853595793221411e-01,2.789313361065569596e-01,-2.015135080553411839e-01
8.152789666400589441e-01,5.739102045907478605e-02,-3.895624359440358342e-01
5.354095243908625346e-01,1.669999764697771838e-01,-2.804391352264555271e-01
-1.127579508106970829e+00,-5.286264918172735028e-01,3.554409100910869701e-01
-9.274261619303432180e-01,2.526617732697282181e-01,6.677615363342075117e-02
1.273954370044909634e-01,3.652158595435172628e-01,2.014772162307917891e-01
4.579963928297643982e-01,7.314407778541874572e-02,-1.296117293510266021e-02
1.244000296261650096e+00,-4.510407057681481424e-01,-3.158070871022058967e-01
-8.108181432683055079e-02,3.372132902310333580e-01,3.548844890693768628e-01
-2.646497333179658740e-01,-6.657854509128900700e-02,-1.941879301045399409e-01
1.191969322096552375e+00,-3.745100956480577892e-02,-2.173849798509307762e-01
1.406641217615598460e+00,-8.274517054268331062e-01,-2.960364137257260331e-01
-1.072597790824710184e+00,-6.095603331522809754e-01,5.592230480616912081e-01
1.038711086236661751e+00,-2.742968788856210705e-02,-5.219989760360369685e-02
1.074678253255249238e+00,-3.769399223114547892e-01,1.648523093076209867e-01
1.112622901579452650e+00,3.172693734104279351e-01,3.691686582152697294e-01
1.414316486765840319e-01,1.349686508640014493e-01,2.497386509458624781e-01
-9.860566139735061908e-01,5.679963283668719720e-01,1.430193555276863260e-01
-3.089974847534901481e-01,2.341813582623041567e-01,1.805833409411471413e-01
-7.034413697319590320e-01,7.080521753869370993e-01,-1.059637831054784651e-01
-2.740244373769772368e-01,-2.701468434307128241e-01,4.171868224761908495e-02
3.909478941468645941e-01,-2.164499601434866638e-01,1.625638164617510539e-01
-2.817030770849100751e-02,-2.042481401444751765e-01,3.094767877528396549e-01
6.663598819147716901e-01,-8.103363663806210093e-01,6.981998344390469291e-02
9.212571966395695089e-01,-2.007690438969570931e-02,2.260803713196087583e-01
-1.013289827882111860e+00,3.619187342865059498e-01,5.253128445123109169e-02
6.525667412136302303e-01,-1.857649062039791743e-01,-3.053722303711092767e-01
9.567456684661369559e-01,-8.662821385052714429e-02,4.794769190236545242e-01
-8.828551470842280202e-02,1.072653061180921241e-03,2.003615047783583736e-01
-5.123518590893544333e-01,-5.467994257018956583e-01,-1.341152521948460741e-01
6.385301321874042868e-01,-1.314613983293073662e-01,1.384006396564779751e-01
7.356810553579933298e-01,-3.105058972674966111e-01,-2.360779789377731031e-01
2.461582656055111284e-02,-6.248647184594181558e-01,-2.927941071382744731e-01
5.522243957900291322e-01,-5.827044929798160799e-01,2.606659455844531625e-01
8.038851378440505790e-01,-3.168067245201058313e-01,-6.740309592562544749e-02
6.409554009504582206e-01,8.020824759682415248e-03,3.715891778462663414e-02
2.073949924504575049e-01,-3.830329511210734950e-01,4.295025468166802085e-01
-3.090872284754857535e-01,2.279413252645992594e-01,-2.614259459064007252e-01
1.250948165866371919e+00,4.163781814931368785e-01,-7.346756738994207891e-01
1.416325673146590747e+00,1.387598284780943159e-01,3.558512051995429276e-02
3.990503823788949522e-01,2.802446063379429031e-01,1.055725123467815552e-01
-5.009280179340825923e-01,-2.458587071060979456e-01,9.932930219407599959e-02
8.765282688049084170e-01,1.511151857221234573e-01,5.324027368894634904e-02
-5.308172042447526495e-01,1.859059064501275560e-01,1.721942682176314521e-01
1.006306276771265162e+00,1.624378125621859514e-01,-1.525302003956073571e-01
1.167099668653824862e+00,3.344817641013381193e-01,4.267175697392363021e-01
1.122459422771528326e+00,2.371860574497591800e-01,-1.066019905382764449e-01
4.221192442420971802e-01,-8.659536800439258941e-02,2.537323174286431615e-01
-1.461431790082942384e-01,-8.397718198439863002e-02,-9.997454380427367449e-02
-2.790160304667279600e+00,-2.892425988557506544e-02,-1.935783427575369642e-01
-1.984026529034362274e-01,3.243894955140300684e-01,-2.004250414333608732e-01
2.132210688583029701e-01,-6.485472149898499072e-01,1.935225025191380233e-01
5.914921696339885404e-01,2.607703371216556487e-01,-1.890897575349027859e-02
-5.757854313616137532e-01,-1.229441534072846232e-01,1.484255710106007209e-01
4.998301945681226655e-01,1.856908057006164958e-01,-1.096218332735877654e-01
7.226277959279230334e-01,1.453040180750072019e-01,-4.943067764449604606e-02
1.100906124475849790e+00,2.310678297172095996e-01,2.561619208422768329e-02
1.483525612901779533e+00,-2.460397897827590052e-01,6.006531346144400318e-01
5.737667132150450211e-01,-4.541055004282600754e-02,2.298670620073566817e-01
1.503065181868622702e+00,1.082285050554149253e-01,3.371051139195205826e-01
1.654494337397780734e+00,1.056691245745825514e-01,-2.070152959600986275e-01
4.167058403592522886e-01,-4.051036633526297059e-01,1.855488189464264415e-01
-1.429529859627606703e+00,-4.282777945377454487e-01,6.045507026074504325e-02
6.760864946548593712e-01,2.214384044829574849e-01,-7.978911613672234893e-01
1.058599444664864775e+00,1.328379792160873096e-01,-2.064893198791972195e-01
-1.933733126252311640e-01,-3.197518131232333638e-01,7.701723500007269518e-02
1.374972512429282201e+00,-1.671127650932735242e-01,1.882784622453947954e-02
8.081653037154575836e-01,9.032126063162970731e-02,2.671715148734033485e-01
1.209334710425381099e+00,6.788319135059415199e-01,-1.753298948770398158e-01
5.995417734919018526e-01,3.649212943286159194e-01,3.043256176870814400e-01
4.955250971965475815e-01,-4.749031621603537756e-01,-2.522052969969684200e-01
1.858685833448320279e-01,1.147664616001482091e-01,2.192275839407404336e-01
8.218701279180488095e-01,6.942878547138728873e-01,8.876348025935325292e-02
7.335299237031076558e-01,1.917061417284617875e-01,1.778223508137837250e-01
-1.525172470565061333e+00,1.207085056575395859e-02,2.349255115387011150e-01
-8.386852610639975447e-01,6.286738596372120069e-01,1.540987218133675341e-01
-3.538273741579510689e-01,-3.113627233789603710e-01,1.602157450943731895e-02
-8.231765436480430465e-01,2.246141244116892088e-01,7.368996788823678479e-02
-1.049733112910079758e+00,6.144144137229470282e-01,5.941857639078397257e-01
-2.437871755913378458e+00,9.365435584444228301e-01,-4.246724608791703215e-01
-1.195646433609051096e+00,1.988655720037557917e-01,-2.438502160768712679e-01
-6.615577554034755003e-01,7.561295995350102439e-01,-2.438564926004993250e-01
-5.809451088278728692e-01,2.454633037880410984e-01,6.898834257495486955e-02
-3.485548965184420145e-01,-3.310094436143680152e-01,-9.774902650646463687e-02
1.607139134681519754e-01,4.094485592039053268e-01,2.831401043795156794e-02
-1.463464978737469391e+00,3.509035640714636833e-02,2.785881917408435798e-02
4.970435642649979197e-02,-8.953891826525606917e-03,-6.542881060163479034e-01
-9.417562746258076878e-01,2.763833526048820599e-01,-3.454430680385200403e-01
-1.004431387214266280e-01,1.379459881471692406e-01,-5.053850806495117087e-01
1.471241934728609202e+00,3.136346568755055131e-01,2.623142559268167862e-01
1.562209219686965245e+00,8.087200051737180040e-01,1.416215702249299657e-01
1.061188183262723683e+00,2.404144779434161106e-01,-1.816639364516793309e-01
1.663453795297307858e+00,1.915634451929234816e-01,5.850826312322259665e-02
-9.105568940395462052e-01,-1.400297029641427160e-01,4.231017415550843985e-01
-1.304368589930791078e+00,-3.702188667969683045e-02,4.171759097317457865e-01
-1.045938429761409161e+00,-2.015994273129692316e-01,-2.455240919898982188e-02
1.672535404278280013e-01,-9.860036141050394776e-02,-1.568507744713677210e-01
1.093960010879632572e+00,-8.790189497547722108e-02,-5.712658189384827584e-02
1.307190045688387814e+00,-2.417608960641534632e-01,2.156497775436418476e-02
4.289820969234739434e-01,-1.189236384813006919e-01,4.525607595515280801e-01
-8.022176676819012808e-01,-2.233149586804736852e-01,-4.587265793366355759e-01
-1.843823235179775921e-01,1.816200187397498111e-01,-1.979814291367948120e-01
4.843537429609797718e-01,4.424144153756821157e-02,3.848106871733075057e-02
-4.746558554875748848e-01,3.999992940917588835e-01,1.903716186359172835e-01
-6.597731671388142038e-02,1.047717461005312142e-02,-4.642933976862223533e-02
7.530727891947324171e-01,-1.890335433178514657e-01,-4.795026468573418410e-02
-7.532691798355969914e-02,-6.202460342139493044e-01,-1.647230627093563549e-01
4.471075596119172824e-01,-1.357963510940208562e-01,-2.204406764806780827e-01
2.519137872197030337e-01,3.439342894387956151e-01,2.109691964337052639e-01
3.891496595993700347e-01,1.914453531754130022e-01,3.952661633473331104e-01
4.183234024687704777e-01,8.796236608982711813e-02,-6.017920904413665700e-02
-2.883999000840652416e-01,1.073232074615797088e-01,-6.558487177286224101e-01
-2.155491752049107479e+00,1.452860970223270876e-01,5.735365327595061125e-01
-5.624891879743404433e-01,-9.831219387067512139e-02,-2.521983378523858232e-01
-1.694216812655010118e+00,-3.917761402564363671e-01,8.822570529685513918e-02
-1.810195324468317102e+00,-2.385189249726753224e-01,1.289892532152012439e-01
-3.650702348227758964e+00,4.297991244829251767e-01,-2.757782840448719242e-01
-2.397159815942474292e+00,2.895843798249535528e-01,-2.917257002733308902e-01
-8.085970744154827861e-01,3.944988400810302553e-01,1.298165192639083587e-01
-1.198734244975209640e+00,3.988456224678189714e-03,2.507120672275435780e-01
4.343437294992066877e-02,-1.696407658650492811e-01,-9.001142147113568026e-02
-3.932561212940165474e-01,-4.277736616249632196e-01,2.759156257204750662e-01
-1.553926492055925257e+00,5.230125220708554956e-02,9.059271225049192466e-02
-8.228239131071272139e-01,2.506371438426881482e-01,1.651026746117276178e-01
-3.654335378913877164e-01,1.979352090567529088e-01,-4.968595411598163980e-01
-1.021556404187908829e+00,6.867852798981490814e-01,2.624564839365424729e-01
7.431196536940767317e-01,9.220068828045788201e-02,1.335004374213648037e-01
9.065091290881557295e-01,5.537962655855031002e-01,-2.077480118734611747e-01
3.432237185165571414e-01,4.203137291856610669e-01,4.170368329907563759e-02
8.741766226984736265e-01,-1.846580315077590018e-01,-1.593659633455966895e-02
8.455596125307197619e-01,4.060612361084938726e-01,-1.995640993778159400e-01
1.185934411551174739e+00,-8.205232105131946355e-03,5.184892502933980546e-02
1.451688663028591675e+00,-1.378637583743165251e-01,4.373106435849867246e-01
5.349412930169907820e-01,-2.957678219538960596e-01,-5.350919006867073391e-02
9.428714541820050199e-01,1.985822417616659452e-01,-1.639674984730350449e-01
-5.287054561958324239e-01,-9.446488169806391277e-02,1.889992250919345640e-01
-2.224527746179945975e+00,-1.818151624320683488e-02,6.432848762032390005e-03
-4.209655198669625675e-01,-5.600997982749393866e-01,-2.231157661028909112e-01
-3.713253595064365253e-01,-5.791648112196856601e-01,1.834332361891116703e-01
-1.253956251655552689e+00,6.279996541806856514e-02,-4.556199680815755659e-01
3.152513275530067771e-01,9.779838409744390226e-03,-1.094481616777638611e-01
5.093735706690629694e-01,8.334419989614619273e-02,6.525183449023437554e-02
6.534250174630658048e-01,1.856608837386832522e-01,-1.314968848862745066e-01
2.794434088666848948e-01,4.953681584710456498e-01,-6.349320596798731231e-02
-7.080029473683141505e-01,1.189959623694164387e-01,-2.753887167862653085e-01
2.577858048015662096e-01,-4.814107493323658837e-01,-4.785558682247170181e-01
-9.350712735247401763e-01,-3.970348706115836013e-01,-1.047367770833387279e-01
-4.332594812880913859e-01,-2.424470156399189669e-01,-7.420248869741670472e-02
-3.990206385395541622e-01,9.224165201698605876e-02,1.286582329101077782e-01
-2.518658519928860251e-01,8.993364993302389865e-02,-3.696293952328213450e-01
-1.928194359167536787e+00,1.983050372470056277e-01,-7.410392020429859561e-02
-1.445695293162207351e+00,-8.910195818791269984e-01,-1.158564580965697893e-01
-7.954883708746568471e-01,3.778253769680339769e-01,-2.028383505648406748e-01
-7.791756411612864586e-01,1.159907371782802482e-01,1.200609634113921215e-01
-1.234978845005460624e+00,-6.272878399782326475e-02,-2.872740405670047847e-01
-1.389565475493783619e+00,1.010215138517896738e-01,-9.708089951213959290e-02
-4.067367673958631746e-01,4.209493875929569695e-01,-4.061869573936674471e-01
4.617487662110717483e-01,-3.436894198801722089e-01,-4.794437239014930352e-01
4.448498607763494705e-01,3.067357701218180813e-02,3.928424588992588395e-01
1.185169934480752030e+00,5.140518801798320547e-01,1.126039727104007071e-01
1.936390936740743918e+00,3.277569589995430466e-01,1.538585113249526515e-01
-1.350473388995769297e-01,1.148309245401382545e-01,-3.947255685065103603e-01
1.552597628888358616e-01,3.256514988828346224e-01,-1.254992405166449054e-01
2.858497502510309526e-02,-1.115308172784606755e-01,-4.727813461524834615e-01
-6.019806361880714052e-01,2.609069976051394679e-01,2.415499558679820580e-01
-2.597016819841989066e-01,-1.559502667049022795e-01,-2.131473235307354275e-01
-1.182195263323988776e-01,-7.448042861753367827e-02,-2.468866741062480594e-02
1.116336137140156559e+00,-4.454734566986047195e-01,1.467833183353325910e-01
-2.336115693702515150e-01,-5.191252949266493832e-01,-1.833250336753521892e-01
-5.047946490079863180e-01,-6.116445623590308633e-01,-3.318664068808633849e-01
8.588736776664412931e-01,2.371652542725534996e-01,-1.699599536513667422e-02
-1.747400997881460860e-01,6.204563049846870126e-02,2.836568911298398277e-01
3.000617158989575817e-01,-2.375761330518663672e-01,-4.837818581587754463e-01
3.051404233551166523e-01,-9.584264724459305371e-03,9.951628465641035315e-02
-1.859691498930850617e+00,-2.169673417662137116e-01,5.687196985996697540e-01
-3.022831016607407495e+00,-5.453674842863915316e-03,-2.651431640590338340e-02
-7.995951961574220279e-01,7.358855654551451630e-01,-5.505365811187051817e-01
9.015537446448056158e-03,9.280165543706794251e-01,-1.874920835525599461e-01
3.545895999963555312e-01,6.838203707520184027e-01,-1.067657739635001352e-01
-5.062297400306583484e-01,-3.188316301800959152e-01,-1.121806189408189325e-01
-8.235552938995521766e-02,-2.291264131137732141e-01,1.612090929953289564e-01
-9.812683036019193006e-01,-5.671909597477791110e-01,2.834855336052232583e-02
-3.678315355129382902e-01,-7.261274979973348920e-01,-2.723294167569000335e-01
-1.353607084813453154e+00,7.415063559553658132e-03,3.457910424430875596e-01
-2.260153381413275486e+00,2.257743887282785689e-01,5.208556463641492718e-01
-1.965753489423925915e+00,-3.407987228525439782e-01,-7.298005446499086779e-02
-7.490328615358239350e-01,9.112458685282019688e-02,1.361240125900773645e-01
-2.041329470181334926e+00,-2.134192693100261939e-01,1.605788992612993127e-01
-9.274604246940012509e-01,4.951246438806108929e-01,-2.802057750755561072e-01
-1.466665660384969261e-01,3.221750416604636791e-01,3.265197090861083340e-01
-9.948490861713794597e-01,-8.011332526255655895e-02,6.375498674375067176e-02
-6.862989162549051336e-01,-4.384751646031381789e-01,4.086695468746233684e-01
2.874538018154508268e-01,-7.172586104239286886e-02,-9.632436267199212532e-02
-8.179436561750336177e-01,1.961305415167429456e-01,9.641029747413411288e-02
-3.204337486906613797e-01,1.595828447116705295e-01,3.318780270418390799e-02
-4.128210237113532077e-01,2.176350679618644923e-01,-1.258009228570097227e-01
4.658810988433683131e-01,-2.678729707375425151e-01,9.199774250757247751e-02
-1.798417180849824215e-01,-9.289330364647587768e-01,1.462629464680042235e-01
2.500725989774872371e-01,-8.628907618628371967e-01,1.970795369115961940e-02
-1.918349707303617369e-01,-3.022842276506851333e-01,3.741470831066241454e-01
-4.789287715299196946e-01,-9.351515175172919747e-01,4.483733078133267380e-01
-8.770863220983356884e-03,3.975132738131435528e-01,1.710071546839811440e-01
9.575872620385748046e-01,-5.446600138962048865e-01,6.460930629340715103e-03
2.046453007349117448e-01,-4.529091674004758761e-01,2.501125149008731272e-02
-2.996516507085282277e-01,-6.907023197092995725e-02,2.221506680900677266e-01
-3.086509318642950972e-01,-2.631714899108942296e-01,-3.789619184117253015e-02
9.286293306199576436e-02,1.998695534053130385e-01,4.196540986671847273e-01
2.308683868954809759e-02,3.250514901512338573e-01,1.313588220978737994e-02
5.875766679170872919e-01,6.367592369637715966e-02,-3.269883404467945759e-02
1.409298877905120762e+00,-2.091877318444574640e-01,-3.085781504649861007e-01
2.262776134055226596e+00,6.188467386999702002e-01,3.410149705081048643e-01
7.482402691673045725e-01,-1.125080159334282681e-01,6.567778976546317926e-01
-1.099222008418792473e+00,-3.292611695955466877e-01,2.430784773677523158e-01
-1.102169399186063853e-01,-7.129671390982601498e-01,4.382129068713679770e-02
-4.096727493507736767e-02,-8.088706193914154893e-03,-2.830259765232626679e-01
-2.910544712801951817e-01,1.437309923634798869e-01,-5.565910855278914937e-01
-1.206133034267700799e+00,2.389918821088316547e-01,-2.002136319311502155e-01
1.841683931125417950e-01,4.062269085721674222e-01,-1.996690430854409781e-01
6.333619673474084610e-01,-2.408462420026180328e-01,8.086189729799007908e-02
3.051994275312835403e-01,-4.687111672732534040e-01,8.176840389372676265e-02
-3.115411681353109419e+00,-3.746616272349177490e-01,6.294370561448182633e-01
-1.100565404155688709e+00,-2.226613218099580127e-01,1.425235136038402461e-01
-5.144477105992423249e-01,-3.761246739087627522e-01,-2.119378209930215806e-01
5.140864024981850466e-01,-1.612633988096869586e-01,1.848866687744440129e-01
5.676560498231278951e-01,1.683884787379153758e-01,2.348008958351439357e-01
-2.846377138046133903e-01,-1.640320495607665574e-01,5.816059400127020912e-02
-1.366860607937529837e+00,-4.020673525550534366e-01,3.036228670709812949e-01
-1.325325048426212460e-01,-1.487142668880837848e-01,3.775765972445924851e-02
5.269486831548740868e-01,2.513740717346653608e-01,3.498903324141907495e-02
-2.757388236494286993e+00,9.991777120947552618e-03,2.330836304602385833e-01
-3.599080284768373383e-01,1.259205007595261827e-01,2.086170551610251334e-01
-1.706395234744131795e+00,2.299003637132973343e-01,4.859871116401712904e-02
-7.022095901539361362e-01,4.723244620907765534e-01,-2.916345242720508879e-01
9.075589958685928993e-01,5.696410527778416055e-01,1.568952697579824307e-02
5.403154559858447392e-01,-1.386615193913164346e-01,1.083392528174818292e-01
1.043563977464508241e+00,-1.505994910751120575e-01,3.583942732995157865e-01
-7.503236070319431184e-01,-6.786216897731787157e-01,4.291460554551507212e-01
-1.075416551247510011e-01,-6.362880384719000748e-01,-2.614325061595468291e-01
8.920365414049348241e-01,-3.151333767846247746e-01,2.437895395174181218e-02
1.745832791183890009e+00,3.378810859991762672e-01,3.525127941376515750e-01
1.985686940806230760e+00,-3.037089730862743142e-01,3.358781585258978075e-01
2.053774660049977552e+00,5.429096905862598188e-01,1.545462471188049740e-02
-2.469381604122585505e-01,-3.730794757064928024e-01,6.259874361330394210e-01
7.732450292118436819e-01,-5.865587518594256311e-01,2.895357757002908206e-01
3.470762005690751772e-01,5.756672291660953206e-02,-1.645056001642270782e-01
8.450716054098045271e-01,-4.841699311360879721e-01,-1.726735930200484770e-02
5.527447342011321263e-01,-4.659873573167248595e-01,-5.451083412156326746e-02
1.423499316885460608e+00,-6.549730341035103764e-01,-3.939410486592784810e-01
9.183056960820691339e-01,-5.028330226192361252e-01,-7.886888654613527505e-02
-1.051365111211768566e+00,3.356366551287414679e-01,2.587638476459663828e-02
6.268062048680358433e-01,6.515649712926513404e-01,-1.878605450768552620e-01
2.552441469982286160e-01,3.285427388889886058e-01,-1.894502922549623769e-01
7.264173642278139997e-01,2.835667680307173977e-01,-1.084027856010286173e-01
9.264325229364368530e-01,-2.604825583381458198e-01,-4.333994534029273621e-02
1.701045149278656687e+00,-2.353685148416121142e-01,-4.136430733809500770e-01
1.872178880270643164e+00,-4.173577442014229227e-02,-4.050587312373961080e-01
1.347304859608529082e+00,4.812069935419421157e-02,4.442696814704941849e-02
1.696309028591856949e+00,-6.854541567552482340e-01,1.391912638773891153e-01
9.035857358659364902e-01,-3.460807470545779890e-02,2.892191258669444265e-01
5.891785321321163504e-01,7.991754076725318678e-02,-2.311094669535180557e-01
9.646975897485610130e-01,-1.638289063706218074e-01,1.106860527139252454e-01
1.505550780002487432e+00,-4.558671811054489931e-01,4.352540955710671594e-02
-1.019990287488268393e-01,-2.642139916116693216e-02,-3.481115888946234582e-02
-7.773772267826234428e-01,-1.636045829378981742e-01,5.135423744649457722e-01
-9.222493652757695060e-01,4.975326961388688574e-01,3.768162294343905816e-01
-7.541015911076057732e-01,-8.310037746479945198e-02,1.002610832669917629e-01
6.366591695777703563e-01,1.779876766793336007e-01,-2.855380227918735692e-02
-5.504353191871268480e-01,1.338919096670248554e-01,-3.509113702762973186e-01
7.743707622985231964e-01,5.019545044328337369e-01,1.083716073651984219e-01
-1.775774455947149999e-01,1.402134787523587334e-01,1.288216360796348436e-01
1.161140872478134245e+00,-1.007784152360205465e-01,4.939165930883178401e-02
2.655189499786646534e-01,3.555644647649948697e-01,4.476314184127325180e-01
9.120832944663483932e-01,-2.355629482961302257e-01,-4.037777428170576111e-02
1.413710550752206530e+00,7.924561502169071847e-01,1.558120461749563090e-01
-1.650882923775899291e+00,-2.499998143230850733e-01,5.700248319398500962e-01
-4.241142794678561811e-01,1.308839805442206647e-03,-1.107320597164222764e-01
-4.668712538071351226e-01,-5.949023918179734138e-02,-1.134317522688804841e-01
3.091274333095176963e-01,-2.162937583126163868e-02,-9.749122930632750372e-02
8.352192133206861602e-01,8.322214005827501815e-01,6.212250253348264861e-01
1.873498579208666026e+00,4.786483995145772719e-01,-2.074452883708459150e-01
1.195582289280219923e+00,-9.869408762019331316e-02,-3.206104967741577605e-01
1.288504352125117824e+00,-3.285483841804299199e-01,8.836515730856120410e-01
7.560847515704722799e-01,1.019973919456948069e-01,1.979194892773140646e-01
4.211981949340251052e-01,-4.779556360845816920e-01,2.577355576023965256e-01
2.140507062907418268e-01,6.157355233188750443e-01,6.521849569790702517e-02
4.256734827880601091e-02,4.425425776570544589e-01,1.432162884067713082e-01
2.867722610779164238e-01,-1.925506979811483221e-01,-3.761509329319040473e-02
9.596184688070610314e-01,3.224482116522584541e-01,3.972990219392712463e-01
-6.906957092007512955e-01,-2.712315494927743931e-01,-2.234449470919361563e-03
-7.992560968046649034e-03,1.464848892396090618e-01,3.769335779492206107e-01
-2.461239968460688932e-01,8.659568057702381194e-02,7.294444794572903755e-03
-2.651488489816411054e+00,4.810949827702675763e-01,-2.676460244432161684e-01
-2.407490478860351057e+00,-2.882094487579270337e-01,-1.600218509529772737e-01
-9.726803706582120013e-01,-3.353333324721601283e-01,1.107215675188176901e-01
-5.684794387434584095e-01,-2.546350172427633285e-01,-1.836553297509381233e-01
-6.597297435570205482e-02,-3.622386268703809420e-01,-3.143963277756102737e-01
3.753856755082689289e-02,-2.982881169267141419e-01,-4.958747965309476258e-01
-1.960499592295407434e-01,-1.343204565321924893e-01,-8.708459837423099259e-02
-5.218670617303329262e-01,-2.841771472942078176e-03,-4.035818161685227889e-01
1.308760072312578626e-01,1.831896950228137644e-01,1.583058868361904847e-01
-1.759235563861182849e-01,-9.384087238018042065e-02,1.589559246506476176e-01
-5.240078151793873262e-01,3.380816745075092278e-02,-2.707700590626836018e-02
3.059316262632411632e-01,2.809372505332810577e-01,-3.318396199865328300e-01
7.983961227023652629e-01,-5.758172455191447048e-01,2.701645873552799282e-01
7.597257720052991159e-01,-1.279296586186415632e-02,-8.896764202837255386e-02
1.465176914529386032e+00,9.078250069630568186e-02,-1.768491424906544762e-01
2.050903272689053480e+00,-9.052904950763557279e-02,-8.705070390133309854e-02
8.416839159129950731e-01,-1.539731684186953498e-01,2.128766154121906895e-01
3.932112505370560784e-01,4.721248308277349315e-01,3.770758992455542913e-01
7.650971569815474549e-01,-3.142719766113994950e-01,-9.108602213884682552e-02
1.953462741422827831e-01,-2.031779901209999628e-01,-4.984861343203055538e-03
6.377855330034492010e-01,3.651891119017998399e-02,2.337233214793053571e-01
2.052064623490056916e-01,1.515052324593315347e-01,-3.709637768094779103e-02
-4.456183970442217368e-01,-3.550205421136240491e-02,-2.261590623968947888e-01
-4.589557933587883054e-02,-2.116082206880886066e-02,-9.578771706941845154e-02
1.008482325667902746e+00,-2.476987163487820998e-01,-2.212938991178884651e-01
2.149247275908904298e-01,6.340938376018877554e-01,2.594111629499517013e-01
-3.680586578732062963e-01,4.544787206086173259e-01,3.361054733151933299e-03
