3.412092802241693423e+00,1.089258746425246366e-01
3.412092802241693423e+00,1.089258746425246366e-01
3.412092802241693423e+00,1.089258746425246366e-01
3.412092802241693423e+00,1.089258746425246366e-01
-4.584757888587840391e+00,-4.434099427030119278e-01
-4.329203193024802943e+00,-4.571771715732840247e-01
-3.489720559032692293e+00,-3.265586724256764883e-01
-3.327551022501564759e+00,-3.762358901152471069e-01
-3.163660219856348821e+00,-2.948058737266882612e-01
-3.233339744286175765e+00,-3.308978169820372961e-01
-3.054880083789285994e+00,-4.455250038438891558e-01
-2.702141471057623701e+00,-5.297782849042567133e-01
-2.549052719240963327e+00,-1.534294365695153539e-01
-2.306980971343430831e+00,-2.524464678838832521e-01
-2.230071024293885262e+00,-2.556581577162664320e-01
-2.458994688580045107e+00,-1.570309622801796534e-01
-2.598790458078679588e+00,-1.937497684182795943e-01
-2.834009206173797146e+00,-3.608205406382178904e-01
-2.816264006660331720e+00,-1.541801309661109398e-01
-2.980691583985965565e+00,-3.619300072990117023e-01
-2.906419543138607064e+00,-3.024876214220172943e-01
-2.522959137004005647e+00,-2.339156197443985896e-01
-2.624200434101252366e+00,-2.206437473932293947e-01
-2.334845414861141499e+00,-2.125419448293117131e-01
-2.563985915042052532e+00,-1.796754829622065064e-01
-2.778705593739336788e+00,-1.343833284424026664e-01
-2.815185325208114708e+00,-4.304044764631646536e-01
-2.040844621851767293e+00,-3.663949439443279221e-01
-1.537801179968801168e+00,-7.703398473526537615e-02
-1.401008579402236887e+00,-1.232540759809625242e-01
-1.372715750829542447e+00,-2.073546574617407823e-01
-1.279666412842786372e+00,-2.073662085360025165e-01
-1.364037597648117828e+00,-1.202790383784343581e-01
-1.261822423203036392e+00,-1.917569180861749267e-01
-1.203618721218949306e+00,-1.189026283213651669e-01
-9.585445608064997458e-01,-1.266124137265142169e-01
-9.539978206906631897e-01,-7.091541027155755239e-02
-9.913796441265488868e-01,-5.904882136542474041e-02
-1.063777536090311227e+00,-2.445065825591426489e-01
-6.627869144078223362e-01,-2.440766977618408773e-01
-4.333910119023937080e-01,-1.639166702359541039e-01
-3.737135384294588691e-01,-1.407359077414173931e-01
-3.669655946284617887e-01,-1.738683267846883040e-01
-1.559221051625596932e-01,-1.097392065637905756e-01
-2.058034714688419531e-01,-8.835902404921990028e-02
-3.582942843982524495e-01,-8.106053715296621109e-02
-4.095232022440281061e-01,-1.243143850120150551e-01
-4.128805480311797949e-01,-1.367143573767841680e-01
-2.012118197526013563e-01,-8.919909656629360084e-02
-2.729435665045215065e-01,2.552024044336424248e-03
-2.997949517953987231e-01,-1.279463926397120810e-01
-8.301786103925605509e-02,-5.265820833270568740e-02
-4.655063690137220545e-02,-9.433850971039335620e-02
1.377851540652607898e-01,-1.476108793685584064e-01
4.600027471453714822e-01,-1.102718951265575925e-01
6.715058339442125934e-01,-1.036104285278904996e-01
7.749764614649623518e-01,-1.775992610217872192e-01
7.957878445990258509e-01,-1.042320307606875301e-01
5.939720974791092845e-01,6.076461318353079677e-02
6.644644266479815542e-01,-1.990625711376196316e-01
8.705206968429134440e-01,-3.696325174848529016e-02
8.429701603913177799e-01,-5.716380040492753667e-02
1.038606019668455227e+00,-3.526211716857217959e-02
1.132917897578016531e+00,2.381672107278885904e-03
1.150288000570456548e+00,2.980538987752769445e-02
1.177800048906730845e+00,-1.935752850214872769e-02
1.252831248953206522e+00,-5.528536450363560201e-02
1.364425863499321379e+00,-1.260416750962191357e-02
1.384809806930189069e+00,5.413005117101057223e-02
1.361820413102436067e+00,-1.982268712557475748e-02
1.388185332368605529e+00,-5.514744175398127168e-02
1.409589260482753126e+00,-5.000700491908961071e-02
1.432252009937847070e+00,-4.294351248930354525e-02
1.561501734604961111e+00,-5.640053664570887637e-02
1.517630767070813125e+00,1.524096493374577643e-01
1.542394760992692460e+00,1.001627394095535722e-01
1.645616421027034981e+00,-8.095170913512384284e-03
1.687117993932295335e+00,-4.251587104026260944e-03
1.761597293822741106e+00,-2.753814211284286856e-02
1.768547766058137238e+00,-3.496427944947407690e-02
1.843935864596508045e+00,-8.429107819002795710e-02
1.987842503621190193e+00,2.757111694450669823e-02
2.020750862121664770e+00,-1.024261758541294282e-02
2.005775551789999334e+00,1.087370891442336965e-02
2.000178608559606275e+00,-3.249123662512806363e-03
2.039718691372344850e+00,-1.049759142569899398e-02
2.030637823934135611e+00,-1.540508431861724661e-02
2.092312031026684949e+00,2.606895638240753696e-02
2.112414077124402212e+00,2.834361121133242498e-02
2.129743244967337468e+00,6.079779561440925434e-02
2.217205886682864335e+00,3.613979504932531700e-02
2.264251011059076557e+00,8.124294216306796046e-03
2.354825280848740654e+00,1.166117394759646174e-02
2.389689797828192575e+00,5.148131459635755386e-02
2.389689797828192575e+00,5.148131459635755386e-02
2.496631159885019269e+00,6.499930977412822497e-02
2.215908804551494971e+00,-1.686498925675541383e-01
2.560702186462839869e+00,6.390819853175255805e-02
2.597463343246142919e+00,-4.032677040778329417e-04
2.583268320211421720e+00,3.356257913212174621e-02
2.613122259280508786e+00,6.403505259669073357e-02
2.610952463641739829e+00,4.372217939835124773e-02
2.349771797091702474e+00,1.555134273879677786e-01
2.115730830339483504e+00,4.824709766472590894e-02
2.106198992999478214e+00,3.407533586465965464e-02
1.667637419311127411e+00,3.763861165924229368e-01
1.845913787287389640e+00,9.540085836695366694e-02
2.014008598179523268e+00,6.904469828935368148e-02
2.030105981144636473e+00,-3.035474987368906932e-03
2.094338241290414349e+00,4.114798286188173920e-02
2.122613598559930814e+00,3.744233959663913203e-02
2.136115579192933378e+00,4.856061127105568143e-02
2.217700402482621236e+00,6.401678722050524462e-02
2.213859223664073728e+00,5.715312438034823861e-02
2.197749847493158271e+00,6.957986186551912144e-02
2.241881271900425965e+00,5.869296725950454846e-02
2.275201830602180397e+00,4.460656480658788114e-02
2.273073455809516030e+00,3.114148393327669309e-02
2.292700719694113598e+00,7.702511312343855721e-02
2.291878786448228400e+00,5.401663729745716236e-02
2.287713662954862670e+00,8.431662930204704420e-02
2.279981242408807507e+00,6.892607837433585571e-02
2.343463524416476318e+00,1.265037545236313010e-01
2.326890608921845516e+00,-3.997546375025116949e-02
2.257238371016833778e+00,2.569217614324368834e-02
2.318815975564852749e+00,6.878554323246909019e-02
2.357623109326535626e+00,5.829901559053779492e-02
2.014696696051160085e+00,3.199157441161443738e-01
2.132172442089126818e+00,2.796118637645179095e-01
1.916751059590816153e+00,1.165698069191175440e-01
2.046299709891385543e+00,4.314972271940204981e-03
2.162560798752722668e+00,7.067619017735979337e-02
2.145894520377793047e+00,3.122651889392037347e-02
2.247920964441215919e+00,1.210535541564251860e-01
2.237425058792380295e+00,1.040432933768652701e-01
2.239828348382620238e+00,4.180910070371861992e-02
2.323562710435687073e+00,1.471473054757009569e-01
2.318599075163170209e+00,9.068592902421394875e-02
2.345916290562029882e+00,8.736775066107539678e-02
2.352954182040360109e+00,9.519520304396861254e-02
1.664640662378412905e+00,1.217863368162873883e+00
1.050812260671768472e+00,-1.976664885870616228e-01
4.846546428595454037e-01,2.110598835623421488e-01
7.626851424443683580e-01,-1.127972376660041076e-01
1.421984020055645281e+00,8.034167032545706799e-02
1.368384400570246795e+00,1.234763058512015760e-01
1.442705608133046935e+00,-4.402014531483196963e-02
1.752882270909765783e+00,6.044000676590368520e-02
1.850480533277244044e+00,4.109383443576092310e-02
1.844130547184466451e+00,4.920954047469041498e-02
1.767467609352062929e+00,4.213356503432252875e-02
1.665128607614972500e+00,-6.154938839637708048e-02
1.862848913212954871e+00,1.397500518772793084e-02
1.717675604665531930e+00,-8.117299453117078276e-03
1.350940464436671151e+00,3.247097908552231543e-02
1.363387127405808696e+00,-2.520341712436365358e-02
1.404158731970761131e+00,-2.315826161128409222e-02
1.619621176851248290e+00,-4.472217441454060666e-02
1.648174060072708613e+00,7.736597571202197265e-02
1.537333306899750784e+00,-5.238242675540522725e-02
1.222282319133696449e+00,-6.625987442611912248e-03
1.532425222794181696e+00,-2.506075538437813836e-03
1.527369965384101969e+00,2.408266592774479034e-02
1.590089926728643022e+00,-3.238546619957621137e-02
-1.239999729585399058e+00,1.274540985936114569e-02
-1.223370757332178149e+00,-3.677473153049685695e-01
-1.499005753584576051e-01,-3.458871304926811052e-02
1.948961103156413577e-01,3.381838993194034859e-02
3.783143099914222374e-01,-7.249396500888478923e-02
-1.285545994944433668e-01,5.391060929163341564e-01
-3.323052894842177252e-01,-1.411370940413697039e-01
9.837979125904468269e-02,-1.209556529196482572e-01
-2.952785898592260039e-01,1.210323590602081639e-01
-4.039718744294730213e-01,9.701379387595289450e-02
-3.026605673877606484e-01,-9.238991801419156602e-02
-5.869958670140119211e-02,-1.298062103192998695e-01
1.713458949407500320e-01,-9.836673548115175414e-02
2.797506435920493750e-01,-1.453024324776192033e-02
1.479944640687407553e-01,3.077872772610217716e-02
-4.969527447889205557e-02,-1.043829953923523443e-02
-6.880273365437890309e-02,-5.986478276756607847e-02
-6.260660716288869720e-02,-1.215347475521406755e-02
-5.761137017556363510e-02,3.409740630255189697e-02
-2.112718061755591292e-01,2.975987371987377783e-03
-1.658595970088492522e-01,-1.192737352620084484e-01
8.984948058593351938e-03,-1.453303851231998178e-01
1.807457267527785572e-01,-7.281433633705372555e-02
1.844366269106370304e-01,-6.655343175095806973e-02
2.464782902248874863e-01,-4.684494249901317853e-02
2.413088452811875118e-01,-6.629101339532467163e-02
2.600785199612989929e-01,-7.907493987668318125e-02
3.447942400839939525e-01,-5.854399669185322841e-02
4.671702841138928308e-01,-5.739063872614368761e-02
5.992635260203625913e-01,-8.205624124364667774e-03
6.557741764861837463e-01,-2.004053467703480543e-02
6.241216518297337812e-01,-8.689864182825986216e-02
4.504351523138879210e-01,-2.629451166924538091e-02
4.845788047097503437e-01,2.074231123764936832e-02
6.118304337027929626e-03,8.184260612823525405e-02
-2.117890970480542923e-01,-6.295611556946341392e-02
-4.483452933760991299e-01,1.491160921887370039e-01
-6.413222779821464714e-01,-6.627018171170792615e-02
-4.221585144411555413e-01,-1.246252839976746823e-01
-2.431791063118503016e-01,-1.289899711184371543e-02
-2.132895084054558799e-01,-1.730075805152760104e-01
1.463965096534005084e-01,-8.370446950567671240e-02
2.264988512964553058e-01,-1.088349307688026568e-01
3.715512252614569522e-01,-1.059513600702825242e-01
4.758776619565543431e-01,4.940844156674468329e-02
2.404031792336127904e-01,4.866728669164591820e-02
6.399356236522958652e-02,1.116882603448364486e-01
-3.395487160450706525e-03,-9.831935232476936293e-02
1.417052089551105454e-01,-1.866309850613511595e-02
2.186303521217037860e-01,-1.101373866868996659e-01
-5.736590146585389682e-01,-9.184281178528790057e-02
-3.967696538417794239e-01,-2.580331517252488702e-02
-2.488134121626828926e-02,-9.570935767130178684e-02
1.087244277250913743e-01,-3.256246437922215992e-02
-1.656692006383196081e-01,-5.346023410305036916e-02
2.970212157040940174e-02,6.849993426357739446e-02
1.417813241159777415e-01,1.138986935965713848e-01
1.350371087207443699e-01,1.352277029236619577e-01
-1.961494632098348678e-01,1.862266234438076373e-01
-5.433280221123001352e-01,-1.223993683415152203e-02
-1.704097446798782833e+00,5.872301552290734028e-01
-2.431871642833924874e+00,3.341848852547242843e-01
-2.367340689532384523e+00,-3.541612695158881108e-01
-1.758362410126298681e+00,-1.823501148472393696e-01
-1.311587105824921329e+00,-2.610253244368490044e-01
-9.017959629486056450e-01,-1.614975962029412682e-01
-6.657308950973954698e-01,-2.087812512347153870e-01
-3.718314904418805189e-01,-1.378744090890998419e-01
-2.514025727493203743e-01,-1.335603927116281175e-01
-1.172939153231914305e-01,-5.320882006859967844e-02
-5.068189212369667018e-02,8.592733920387995604e-04
1.223365830441996843e-01,-7.652245671645614700e-02
2.700445401632713405e-01,1.092585105705096288e-01
1.874218230315984890e-01,1.222363668093241207e-01
-8.096655908033162374e-02,5.523865443338193959e-02
-3.122106567953925604e-01,1.228225051176573962e-01
-6.056833396919796275e-01,1.527250148950250186e-01
-6.077035329010799236e-01,6.539351868207858576e-02
-5.058623568366605872e-01,-1.051838277373038921e-01
-4.548251886208373174e-01,2.593287237472983175e-01
-1.425256172968168311e+00,1.023975683840864015e+00
-1.904327085926423635e+00,-9.217857926266372071e-02
-1.074456955016403592e+00,-1.766179102259432532e-01
-8.140749349385004718e-01,2.808639569857169782e-01
-1.553209100254128394e+00,6.545491649250552157e-01
-2.078352259181295292e+00,2.952849526071229525e-01
-1.860108402371151382e+00,6.462938023843611823e-02
-1.573542782058165779e+00,-1.588924756161366469e-01
-1.499848552461370499e+00,2.341057597367307841e-01
-1.847939861414057416e+00,1.998355144879218614e-01
-2.234324020031099423e+00,5.765932416643874125e-01
-2.804315824943088398e+00,3.170281763256770913e-01
-2.860560430322347969e+00,2.795353094815655748e-01
-2.912081383203190654e+00,4.610829594918559038e-01
-3.017788296560731442e+00,5.604325911822811701e-01
-2.688237436499148370e+00,-2.152031815671777981e-01
-2.644947315818675815e+00,6.164548675901581065e-01
-2.762256981590313742e+00,-2.477070540384233854e-01
-2.129774009646926203e+00,-2.031914945937051964e-01
-1.463048803520836216e+00,-2.709916618986895620e-01
-1.176122000487415109e+00,2.149864039375984359e-01
-1.393623470352011617e+00,-2.995950554620252504e-01
-9.788766565689928090e-01,-1.155332681062983258e-01
-1.038769866820449028e+00,2.841343549097746224e-01
-1.665563506611129618e+00,3.559918043736177706e-01
-1.963269135088930195e+00,3.660253771879618534e-01
-1.920928141985081439e+00,1.800475612154196769e-01
-2.583511418562067341e+00,8.967255970389073072e-01
-3.808661093157631683e+00,6.385543679369051207e-01
-2.770240838228978042e+00,-4.493262937092283305e-01
-2.014299397921604839e+00,-1.748681986863507842e-01
-2.547837175088400130e+00,1.097961528888447669e+00
-4.728712726086239826e+00,1.927779572651416862e+00
-5.149089737064031169e+00,2.401199827536522058e+00
-7.689638963743183453e+00,2.258222117998888390e+00
-7.978816098511546606e+00,4.561751923480015791e-01
-9.269781642877990890e+00,1.713284338543997753e+00
-1.095461146001119879e+01,-7.023537647344028079e-01
-7.626200501820286526e+00,-7.102167305469259118e-01
-6.727125363238488198e+00,1.001461738370142296e+00
-6.462807314425985439e+00,3.000164664517041557e-01
-5.381842511777054305e+00,-5.998567002432756423e-01
-5.068703220021554046e+00,3.683492342393936414e-01
-4.953728555816735657e+00,-2.273956242735458155e-01
-4.689816884640298333e+00,5.391342744626099748e-01
-5.406549024397802050e+00,7.542039493727384913e-01
-6.145451482544047828e+00,1.082750224457123212e+00
-7.406542029570314156e+00,1.131080097828470743e+00
-8.097491378298872888e+00,1.296964345458700985e+00
-8.011473952792236730e+00,1.942623254589155302e-01
-7.658227915508961203e+00,6.330120447195459743e-01
-7.630228490307267464e+00,2.985055185935185929e-01
-6.953429315024243884e+00,-6.524144517771202079e-01
-5.725703934063555600e+00,1.141609528977070853e-01
-6.097854506511430905e+00,4.699152194061366195e-01
-6.575445196596544584e+00,3.162693929556321670e-01
-6.950073765835302453e+00,5.590691231194103716e-01
-7.613585639690198192e+00,4.974509636370216814e-01
-7.504257929602952792e+00,-4.659945318413098447e-01
-8.078529752840617917e+00,3.924045301109516659e-01
-8.312248822978993701e+00,-8.686093291346498602e-02
-7.573039508276652398e+00,-7.176577012495374275e-01
-6.141169239694829862e+00,-2.232909843898480406e-01
-5.499661056085668243e+00,-6.956721882545696678e-01
-4.576478975281692563e+00,-1.304091429287441428e-01
-4.558159033049209441e+00,-4.910761222029459694e-02
-5.029561942217667614e+00,7.412689819937180735e-02
-5.049595799638663784e+00,-5.175400450904473759e-01
-4.619122248693591004e+00,-2.672814086851644788e-01
-5.300768770938618424e+00,1.003243573881002909e-01
-5.589287875980184062e+00,-4.556426146436368119e-01
-4.719751751155705222e+00,-1.656614659892700903e-01
-4.863864647207612357e+00,-1.442630027582176601e-02
-5.401844593279091278e+00,-8.927636148675994338e-03
-6.341280222834245528e+00,-1.994173803836302716e-01
-6.284606637025500042e+00,-2.067519900907300867e-01
-6.136007792011273665e+00,-5.831676824085132438e-01
-4.984616859527500665e+00,-3.743536218651675740e-01
-4.797258296814771228e+00,-2.133884977159161422e-01
-4.956644869317432089e+00,-3.354253701524786413e-01
-4.711118020842026688e+00,-4.613444321520361324e-01
-4.129256992444697794e+00,-8.097414469359072442e-02
-4.369487726762947943e+00,-1.432775656239566042e-01
-4.924497847994061317e+00,-2.084307625163779598e-01
-5.132163200960190963e+00,-3.616230815059131021e-01
-4.327494577851094704e+00,8.454550765775181720e-02
-4.695570731858745184e+00,-2.967630723090053935e-01
-4.411034578279732443e+00,-3.002762478148742753e-01
-4.059601664551110822e+00,-3.290052833191687287e-01
-3.951433338180238675e+00,-3.158879647152572634e-01
-3.966872412620725985e+00,-3.319909902991870498e-01
-3.802605755335653370e+00,-3.628998145305740719e-01
-3.382459972410969407e+00,-3.617581061642300422e-01
-3.265958110744691112e+00,-3.358888772825542324e-01
-3.148902467064764732e+00,-2.965337578590074297e-01
-2.731409096381780977e+00,-7.486412862828534243e-01
-2.496053181321245873e+00,-3.085346652934991551e-01
-2.139077259822245392e+00,-4.161637152777349358e-01
-2.281495804477300382e+00,-3.262906745358367666e-01
-2.263143001751008132e+00,-3.215285385103095472e-01
-2.230663238940764348e+00,-2.364160121639636014e-01
-2.445818016377737436e+00,-3.406430761837726529e-01
-2.735705594699795018e+00,-3.598038035334544804e-01
-2.490983841769066842e+00,-2.995536423477895283e-01
-2.681182135841484460e+00,-3.395993253005916146e-01
-2.606200570478237388e+00,-2.880445919009814171e-01
-2.673918599700362275e+00,-2.704498190789793588e-01
-2.795569480917611482e+00,-4.262156901007976284e-01
-2.445085662774590052e+00,-3.063511328244422627e-01
-2.122888601861924407e+00,-2.364749042171644944e-01
-2.346594739822152498e+00,-3.568499481840443632e-01
-2.067835793622135654e+00,-1.558246449206362461e-01
-2.516625356236855016e+00,-1.864051779139998810e-01
-2.857222446492145185e+00,-1.356988566962803178e-01
-2.980747732956518625e+00,-2.864344083137543850e-01
-2.729858720940863126e+00,-3.107707648964360136e-01
-2.584411439098399210e+00,-2.558693399310056904e-01
-2.226028871513836105e+00,-1.808300374722084103e-01
-2.256550545783464035e+00,-2.702055363977969304e-01
-2.224052550840887044e+00,-2.418652252084654286e-01
-2.217571942842977872e+00,-2.420688642284779812e-01
-2.019230349181457385e+00,-3.256118489772472646e-01
-1.876338471801150432e+00,-2.439981966343928166e-01
-1.765590692653818961e+00,-1.006677483075659046e-01
-1.626997763082031145e+00,-3.758311326849794048e-02
-1.828738654629738836e+00,-2.046753169774131187e-01
-1.778649695878967041e+00,-2.051750105474666463e-01
-1.551130661742803118e+00,-1.743637902544308838e-01
-1.670086695831502155e+00,-2.716788552889826680e-01
-1.713295703028666406e+00,-2.213883634412268375e-01
-1.145008857216420983e+00,-2.363208689503869808e-01
-7.584348567146761422e-01,-2.677666568480522313e-01
-6.998365954931321520e-01,-1.760041689909713214e-01
-5.238877970722083388e-01,-1.801953442044987863e-01
-4.266421245094980108e-01,-2.009302436412637449e-01
-3.970417650610205684e-01,-1.899849846049100899e-01
-2.605909265842834555e-01,-1.204968485123681377e-01
-1.775363224924823846e-01,-7.683308963616511389e-02
-5.637338612889145062e-02,-1.692211293933110761e-01
1.367706180561854001e-01,-1.345727548781834870e-01
2.266576152356632179e-01,-7.017339270967599962e-02
5.164892352832211458e-02,-5.147816066318897793e-02
2.137525807479873433e-02,-9.761418179450805088e-02
-6.526907925333878292e-03,-1.031297518018758352e-01
2.992529086875127947e-02,-2.641265573219131121e-02
-3.125610001145576189e-02,-3.657624421705713696e-02
-2.551274446698518772e-01,-1.131212078629844769e-01
-3.272781157848331235e-01,-1.307801773580893334e-01
-2.129673324000635748e-01,-1.427042970968270263e-01
-1.005628429592286127e-01,-1.222387512299299428e-01
7.698939096604229260e-02,-2.155934200338408685e-02
-1.770951792087358811e-01,-6.148247327174653082e-02
-2.682962314706348050e-01,-1.040912072278677714e-01
-3.259776733068791010e-01,-1.229234515092668262e-01
-3.002511604497666298e-01,-1.667829577918608364e-01
-1.324965977760331481e-01,-1.530049579714634622e-01
-2.726367936707780812e-02,-8.451093300054909885e-02
3.937775610017557604e-02,-6.635516763388503436e-02
-1.043389921450128821e-01,-1.143009031153177507e-01
-5.421913643663126003e-02,-9.003905991570117229e-02
-2.760428557073407382e-02,-5.017543415664156570e-02
3.440805800409052744e-03,-1.875858012091172200e-02
-1.535581245977101772e-01,-5.588971511893341126e-02
-6.264552870683545716e-02,-1.576040853658429441e-02
4.968088030562072682e-02,-7.762897928148838889e-02
1.637982187138800894e-01,-2.789084119015880839e-02
2.188403173256537049e-01,-4.515984565479962826e-02
3.285198148008071084e-01,-9.602989108623184722e-02
4.736814409840551243e-01,-1.010225175045629253e-01
5.623146371004027477e-01,-7.282609994022568034e-02
5.369463993229363075e-01,7.316829945206906188e-03
4.530171666473746805e-01,2.035172582729222884e-02
4.915757117419742861e-01,-8.157077836376909474e-02
5.796147418128398954e-01,-3.836834021305012693e-02
5.521447764275435599e-01,1.573638947498577634e-02
4.841322807963492902e-01,-1.591963354573915426e-02
4.908419765820363212e-01,-5.475866801455158556e-02
5.665154187788919993e-01,-1.509047143002413723e-02
5.481513297565395737e-01,1.184315293245625372e-01
5.848378698826242061e-01,-2.737272389897000072e-02
6.790602583015096227e-01,-1.098071330800010348e-01
8.526976391747180806e-01,-9.334303606679349163e-02
8.867961454772111951e-01,2.281248989210177963e-02
9.904253926744319703e-01,-5.537818390473980834e-02
1.009359985892820610e+00,-1.963831289253083548e-02
9.450907213783932281e-01,-1.737222389945021830e-02
9.599492996932225131e-01,-7.307339654393189832e-02
1.052577338842468180e+00,-7.952682906605626489e-02
1.135224959784349563e+00,-9.107552977691482990e-03
1.136456653651892745e+00,-2.171250466036954430e-02
1.115641948118394122e+00,-4.082561241756242632e-02
1.120752799430177138e+00,-4.199054325442124619e-02
1.211069720444509334e+00,-3.499324608863745717e-02
1.214579068290903674e+00,-5.822598565442060892e-02
1.251931801999478955e+00,-6.769473981037688048e-02
1.306778434329313177e+00,-3.201402130579675265e-02
1.371429150687178744e+00,-4.814197839542381369e-02
1.435370191084330616e+00,-5.444924953225879077e-02
1.446658286782817715e+00,-3.353538823973582772e-02
1.458567775879001438e+00,-9.253507077061068689e-03
1.463910349750097373e+00,-1.808666240393729321e-02
1.467546971436109793e+00,-1.591830322976516346e-02
1.495709317713167508e+00,-3.701123737676319074e-03
1.514911812588543683e+00,2.331188586124857080e-03
1.548715079685408336e+00,-1.951630931573281177e-03
1.514911812588543683e+00,2.331188586124857080e-03
1.635381172769808655e+00,1.787098147859534497e-02
1.639706423836967186e+00,5.851056499785277365e-02
1.617785271432309768e+00,1.366080700898784049e-02
1.688659408003202689e+00,4.521153662200980833e-02
1.603194976389137993e+00,2.203053061648296007e-01
1.569822035204599509e+00,4.074396570059766326e-02
1.668819912561595897e+00,7.296754164281252578e-03
1.752235456055245999e+00,3.332590196629920537e-02
1.783782486900909570e+00,1.174193277914704903e-01
1.805595583911597579e+00,-1.108342744546250876e-02
1.863236770049309321e+00,6.592999836460272656e-02
1.854656865555421641e+00,1.819905796971145809e-02
1.849465740026042804e+00,1.078120894751829206e-01
1.802859068761575978e+00,-6.203032369398763131e-03
1.820731438268211599e+00,-1.539713833012264048e-02
1.844119079402870565e+00,1.758616456910586101e-01
1.832925794411301101e+00,8.641242321063244067e-03
1.870796068295713432e+00,3.926736605431483534e-02
1.919268648073335859e+00,-1.496000272514755054e-03
1.851647257371904942e+00,6.416339709366684907e-02
1.898379953576874390e+00,2.779517049397129194e-02
1.908817419737384835e+00,-3.425573005035192648e-03
1.906683612139947082e+00,1.014736327900256710e-02
1.949632222282255523e+00,4.960174871090787529e-02
1.946374285085466838e+00,3.691532817014431950e-02
1.974851025412251548e+00,3.464745529353090853e-02
1.985182700232243080e+00,1.186841246551076645e-01
1.967922829753612213e+00,2.562054743599075091e-02
1.990703259520484991e+00,2.906392531004863694e-02
1.987842503621190193e+00,2.757111694450669823e-02
1.984712917969926993e+00,2.743092592907704630e-02
1.987209583246613231e+00,1.966691230306580329e-02
2.002380697889381000e+00,1.406253013514805264e-02
2.101310232609574058e+00,-8.546219397930536477e-02
2.012996951947674251e+00,9.980533729989039468e-03
2.019722638527454706e+00,2.146134087155769990e-02
2.033408488065716391e+00,3.978695884393246285e-02
2.038189129671344357e+00,1.061035375365046093e-02
2.042242820095412803e+00,3.210718782581069991e-02
2.051040313123054570e+00,2.425502280306914352e-02
2.059872435814889435e+00,2.183767822699434272e-02
2.053387317228950959e+00,3.888669109274099644e-02
2.004334609091170893e+00,2.790353659494217500e-02
1.908907174791320660e+00,1.108297860304690297e-01
1.953637473028511096e+00,3.804934418926227829e-02
1.949956182262203130e+00,2.088103659414783722e-02
1.993355809612121554e+00,2.080292834011531269e-02
2.056876084753300304e+00,2.097124004110201972e-02
2.067003942157609409e+00,5.668815431226260221e-02
2.071120506095918135e+00,2.268890275836284165e-02
2.110976459194112920e+00,4.416049828296785690e-02
2.115361236541654755e+00,3.294030428216872947e-02
2.099983651568265941e+00,3.592340851761070819e-02
2.104050528558233157e+00,5.658360388275568420e-02
-1.438544890252482666e+00,-9.515033830214655319e-01
8.093507024037318587e-01,-1.491584920182183471e-01
1.310458408863027557e+00,2.214842881278445558e-02
1.555695234266637916e+00,-4.603810914458053571e-02
1.778682744310309261e+00,-1.976269429990025125e-02
1.871625492371690624e+00,2.055581616386354532e-02
1.889118247155113783e+00,3.028224964098513716e-02
1.778307194356214538e+00,1.484679375769928367e-01
9.751474620798644688e-01,-3.906882243081060552e-02
1.232597164537264645e+00,2.820987706905618841e-01
1.199113786294186523e+00,-1.241146954446706308e-02
1.350526891673025087e+00,-7.294468503964600392e-02
1.528512051340633615e+00,-3.208269539057186787e-02
1.641136483352057862e+00,-6.212621535826429869e-03
1.686476024060858059e+00,1.197066597923786280e-02
1.731411614444553937e+00,-1.999743013632079847e-02
1.858040235533172435e+00,2.161014337235069721e-02
1.894891138849864598e+00,3.821831876171497000e-02
1.887742240026971885e+00,2.834089000629360852e-02
1.911815196897180602e+00,3.432463113283606287e-02
1.959677426710842996e+00,5.777825055390194142e-02
1.964355657587274928e+00,5.446689086925427664e-02
1.987637700926251361e+00,2.861780435991906693e-02
1.990703259520484991e+00,2.906392531004863694e-02
1.551193818983893413e+00,1.318733033271547728e-01
1.670064334746881096e+00,1.019183266448202424e-01
1.670149915180085376e+00,1.202606540699859561e-01
1.706816822833068015e+00,1.450446618122584221e-02
1.285666617596562533e+00,1.152723829954665213e-01
1.411312357344552071e+00,4.907650920053873572e-02
1.510626278577058113e+00,1.191626783927637878e-01
1.418016722273632846e+00,1.289469470328736544e-01
1.212743498964330646e+00,5.189621916015106640e-02
1.201549280206515968e+00,-6.358535563323675088e-02
8.297710837729194155e-01,3.515204447362432066e-02
1.166190640273954360e+00,1.723743540313613931e-01
1.229284408775346060e+00,9.917166388978056191e-03
1.202871919488352814e+00,-8.077056504197074882e-02
1.270408404850062567e+00,3.473290204357808858e-02
1.392896210549599001e+00,1.339402766410528745e-01
1.465964134839516264e+00,1.144078019149277758e-01
1.567184311966203003e+00,7.335325859428105943e-02
1.644710373477895615e+00,1.327436518135205468e-01
1.650725861083533585e+00,8.222144421185872964e-02
1.511214516248663875e+00,2.724120660371127239e-02
1.226669122445462445e+00,9.548369929911071363e-02
9.497025080289218657e-01,6.109466377783846769e-02
9.097292707923355648e-01,-7.903024992351596889e-02
1.086265120133984574e+00,-7.765296117304824886e-02
1.242928684998080513e+00,2.784898699854482240e-02
1.306234074059588579e+00,-9.422575276565108363e-03
1.290016677103923426e+00,-3.997000811206845999e-02
1.438287909586278168e+00,6.695495534447731822e-02
1.558695808441845188e+00,1.122209582149303053e-01
1.596928289001562806e+00,4.500288575938279217e-02
1.584330225378090873e+00,1.940456275082593982e-02
1.581676601690807704e+00,4.884058038452578077e-03
1.650471685215237017e+00,-1.843738499914641515e-03
1.793171934211554408e+00,1.485305623782800788e-01
1.762755142827079347e+00,5.166866679572151150e-02
1.743061521893992438e+00,-3.708353534725025713e-02
1.690248454808249035e+00,-3.088873565187450279e-02
1.627522014711861420e+00,-1.956654725018272187e-02
1.738627280736153358e+00,-5.264675633670443805e-02
1.766401416033371641e+00,-5.175309553504621463e-02
1.838490276087232145e+00,1.739408028305522436e-02
1.854364799943162279e+00,1.956821243689643719e-02
1.902846370184023694e+00,4.561155067061705565e-02
1.470060034290876949e+00,-1.981407620366284761e-01
1.939059626359322497e+00,3.185994747136527971e-02
1.652739651914947983e+00,2.590809330100743435e-01
1.716105477700356596e+00,-1.345642795595339281e-01
1.876080463274640842e+00,5.742886790798777804e-04
1.897634608314856086e+00,8.766211086232426897e-02
1.224985104654538137e+00,-1.310719439057923541e-01
1.500030003820572055e+00,6.206942073637413022e-03
1.454248732733110172e+00,1.210866260531573702e-01
9.932191805640654403e-01,3.144293255556874223e-01
6.342376198220598393e-01,1.971684202346526693e-01
5.170130643883841248e-01,6.762401051247136918e-02
4.440896648536350466e-01,9.538486206184867977e-02
5.485292504091526800e-01,6.721019749315494674e-02
7.914393785372613177e-01,4.707631935914966675e-02
8.904052010268730388e-01,5.948322619438135839e-02
8.203966530923977318e-01,6.925048204407716068e-02
6.538021374666346253e-01,-7.837915176272677864e-02
7.307053781099472900e-01,3.816158559511606541e-02
5.088908944177366056e-01,1.165593039208198956e-01
6.601506498421182423e-01,-5.588068994144461399e-02
9.127567408767717216e-01,4.472073813517670610e-02
1.073424910475820004e+00,5.184360047467189087e-04
1.079035135432967918e+00,-4.924277327139031657e-02
1.275042208744453953e+00,4.789409941936061121e-02
1.257429176761068357e+00,-2.197179669125539844e-02
9.626142822569808688e-01,3.104711780446531844e-01
1.039016914562547411e+00,1.231896051824474259e-01
8.271436521321248181e-01,3.352794195176735381e-01
2.918710659659273787e-01,4.760964933838174873e-01
-7.990767425863115614e-01,8.400331609942712774e-01
-1.925974293262948001e+00,7.761893703271089962e-01
-2.578415323596136233e+00,7.249971962417692817e-01
-2.647665776657133652e+00,3.022536870021577116e-01
-2.327542299278311688e+00,2.282038160845267782e-01
-1.651597206334164181e+00,-3.542873785339594184e-01
-7.824832238027528142e-01,-1.230093677409916098e-01
-5.777781980916526505e-01,1.101390544333359645e-01
-5.659728922355881098e-01,-2.268715722129868023e-02
-3.529605734113002158e-01,6.358714594782445551e-02
-2.989929909556248711e-01,1.415949565459784232e-01
-4.782611854507897164e-01,1.259157925216937146e-01
-6.422204378635576472e-01,1.219155228215578896e-01
-5.199815198922882464e-01,-1.904155411544022347e-01
-2.141457840513668331e-01,-6.389444182292564056e-02
-2.099039656147441701e-01,5.725371817233192162e-02
-5.351456549258654105e-01,-1.360753997362145473e-01
-7.147719062759481101e-01,9.560739647265172059e-02
-1.139162404416238505e+00,1.063750546481677384e-01
-1.139889751052118205e+00,-3.408568133044921344e-01
-6.322262881904845422e-01,-2.994489163557235711e-01
-3.662342891839036052e-01,-2.925748386618532565e-02
-9.784125404633391421e-01,1.350160423307973090e-01
-1.238858146760610568e+00,7.082090372765105502e-02
-1.298980909021503427e+00,6.829355958037292007e-02
-1.303515066237037168e+00,-1.316288562468121703e-01
-1.040867377010555428e+00,-3.194167230836792437e-01
-1.163847976045152999e+00,3.755150540721435837e-01
-8.142510712935926431e-01,6.095290485878261943e-01
-1.311841393905794240e+00,7.033628611354539872e-01
-1.918060711263370965e+00,6.383861127997723095e-01
-2.176118955805128596e+00,3.531781998631374764e-01
-2.262578761685757112e+00,-1.511414959827348248e-01
-1.598785172539513466e+00,5.394226426133380548e-01
-1.603895980242250108e+00,-1.067517695161845220e-01
-1.882821779887354108e+00,-2.256946300975972153e-01
-1.937985940286013564e+00,4.394325822405535931e-01
-2.361128745536571483e+00,3.999208458241541031e-01
-2.460560679345831669e+00,4.055137711420371827e-01
-3.046068901061878886e+00,5.513011378550349839e-01
-2.935811479173424665e+00,-4.025754265856077430e-01
-2.342282159845737954e+00,-1.819434524869282255e-01
-1.476318916948129445e+00,1.010588232424855654e-01
-1.224619932129897615e+00,-2.798452554844183936e-03
-1.486594753729438612e+00,1.218298875190454433e-01
-2.024243540995925628e+00,3.007332475894320400e-01
-2.531496739212755198e+00,1.186148047948515777e-01
-2.521369815691838490e+00,-1.675863641982019148e-01
-2.139698718490698592e+00,7.233782770399686118e-03
-2.217844154036698878e+00,1.832243122303541527e-01
-2.238625010681210004e+00,3.394773748382184930e-01
-2.309737687871699752e+00,-1.584714338510179732e-01
-1.880424063024291659e+00,-2.505932128077110188e-01
-1.787348003500022875e+00,6.028522621220691602e-02
-1.945430390323060976e+00,7.578143661994125174e-03
-1.707566385257213826e+00,1.181598594751023627e-02
-1.950655414466999860e+00,1.560839692452206939e-01
-1.876794579719475831e+00,-2.756781779352258654e-01
-1.507322338282125695e+00,2.126896527655695868e-01
-1.652971171784296311e+00,-2.494697243607079673e-01
-1.148326902971690266e+00,-1.683062881551512513e-01
-9.804874531261916770e-01,-3.923715390376164569e-02
-1.062199632921573933e+00,5.572667186835512237e-02
-1.172376048664596881e+00,-1.372854078505310327e-01
-1.022676998533323056e+00,-8.278112767832621066e-02
-1.033284933586047893e+00,2.035823520804147177e-02
-1.085550267932682944e+00,7.290224815371147693e-02
-1.152073496825490651e+00,-1.800249278023163257e-01
-9.064468773956783076e-01,-1.378654506801144930e-01
-7.420872295906887350e-01,4.432328716020947357e-02
-9.101093663066375239e-01,-2.144792605207511416e-02
-8.234051747391727405e-01,-1.611574704214617793e-01
-7.534444201495429372e-01,-1.198285451738193702e-01
-7.386834848398184938e-01,-2.348075871052692637e-02
-1.355777021419512174e+00,3.803412270598007794e-01
-9.060139873140703459e-01,1.923069658091542886e-02
-6.564612512740116701e-01,-4.680922104934270161e-02
-5.704011321670019452e-01,-8.127381065587260811e-02
-5.783064006902612908e-01,-1.105576870425950958e-01
-4.927325073598711747e-01,-1.091099749615820486e-01
-4.995042293588373705e-01,-1.092201353651463258e-01
-6.895415697135504063e-01,-1.465989509341012464e-01
-8.055389039370324245e-01,-1.357197238064729583e-01
-7.666840600875617362e-01,-2.522684938417407707e-01
-4.099522782451828773e-01,-1.871412855291911537e-01
-8.070444784919132974e-01,-6.479757597592376850e-02
-1.138776808431465337e+00,-2.324892096555812582e-01
-1.277397454033101454e+00,-2.547121017667400844e-01
-6.504540068325844748e-01,-1.618250222379726821e-01
-7.600101381648045606e-01,-1.933697176527328365e-01
-9.060569993899290075e-01,-1.475340266907142484e-01
-1.108834221088553562e+00,-1.427722951782414984e-01
-1.379644191095921624e+00,-2.504198707656176137e-01
-1.068363003302738035e+00,-2.136707795681585254e-01
-8.991630468547883170e-01,-2.209052821211404949e-01
-6.863031540835116129e-01,-1.491819225837550111e-01
-7.037676890961198639e-01,-2.076476895857591320e-01
-5.718379868948365585e-01,-1.980992372993550799e-01
-3.395775082333373773e-01,-1.584440131115445183e-01
-2.837800765539109094e-01,-1.990876208405769898e-01
-4.250496318897559189e-01,-1.419063089065991656e-01
-7.137957362191129640e-01,-1.806006151106808455e-01
-8.138811354142858612e-01,-1.998169702587300756e-01
-6.296833896706575118e-01,-5.256048976862536665e-02
-6.770564443245469244e-01,-2.623948966698159135e-01
-1.312685251862114322e-01,-1.505826089547801228e-01
3.998555134673025674e-02,-1.507675378824994694e-01
5.900497965081404755e-02,-9.174078834848309327e-02
7.375625887041867279e-02,-1.205061763377421741e-01
3.011382445074630154e-01,-1.581376700307327715e-02
1.961013411664592199e-01,-3.643251061286290754e-02
2.434509948333322404e-01,1.507475698837861498e-02
3.960179400517683246e-01,1.005407124978070950e-02
5.563747006401894568e-01,-1.411515418846537584e-01
4.826316794641289376e-01,-1.161364652959044064e-01
5.565804569501159316e-01,-6.354005819291122514e-02
4.337514416936396056e-01,-9.886089039354907515e-02
5.360029645764727846e-01,-1.244302815517818045e-01
6.484506793491268128e-01,-9.978860366576455809e-02
7.381480596772618252e-01,-1.047522260176610431e-01
7.828645490997759859e-01,-8.386698934823121065e-02
6.648283985652616579e-01,-4.489350219636588368e-02
6.765008672140760959e-01,6.127062688331928741e-03
4.969847446924892109e-01,-1.413773537738612363e-01
6.514064965572829990e-01,-5.397024748925365739e-02
5.610008599945131014e-01,6.980690255416974362e-03
5.768264812998445956e-01,-8.901943139534152297e-03
6.451727972469336603e-01,6.580170104843972682e-03
6.073133983366596489e-01,-2.738480406850157117e-02
6.602810461686126065e-01,-4.267083544518807808e-02
5.150550733745995480e-01,2.995686983620197887e-03
4.807448846265400255e-01,5.802356481626996798e-02
3.011704946875188860e-01,-3.144743945548088976e-02
1.989597224525315733e-01,-1.579711048360825029e-02
4.037067978440175842e-01,-8.979647821299203969e-02
5.808835803879728310e-01,-5.477715382516364778e-02
1.042968518910716569e-01,2.097386355459471274e-01
1.269902100510941212e-01,-9.612020656088451909e-02
2.016453011277141993e-01,-1.595590867846882477e-01
2.984964728279830837e-01,-1.290975689996356479e-01
1.916492702670329618e-01,-1.800116484721281662e-01
1.922217401952446003e-01,-1.029494324923371368e-01
2.192071919171188488e-01,-6.317675051036597544e-02
3.131679243772998444e-01,-1.428185211059543880e-01
4.679254981024413840e-01,7.004600568531037935e-03
3.549901329366486613e-01,2.387526669951170119e-03
1.791662335108219761e-01,-4.050833625626047707e-02
9.472249834020123049e-02,4.951365623035708374e-02
8.014670725555399222e-02,2.760766100616061230e-02
1.886076306810371972e-01,3.028033298298115836e-02
1.088354908094392171e-01,2.293837548494917500e-02
1.694315782524423442e-01,-9.114623073765076855e-02
1.509699814502790671e-01,-2.392450638076438693e-02
3.828894597669940114e-01,-1.106121101975828663e-01
-2.362241085294927989e-01,-2.935602335716401279e-01
4.591229369321976894e-01,-8.160006388318244430e-02
4.601721187552858527e-01,-4.828871194396804414e-03
1.568813935740235865e-01,-3.806880439984921399e-02
3.412092802241693423e+00,1.089258746425246366e-01
1.710765337395496077e+00,1.125543525976401726e+00
4.052065319680650535e-01,-1.385046414057029551e-01
5.683117352271697120e-01,-8.418147767582485896e-02
6.589415176178169409e-01,-9.427897880446928225e-02
7.923194250714686859e-01,-8.084781749589922684e-02
8.694080404737043466e-01,-2.282424221003262824e-02
7.901983912985646175e-01,1.236787515181834085e-03
8.650218314071206338e-01,1.634151178550467473e-02
8.429215981540573166e-01,-3.966245645764734234e-02
8.780212928934472139e-01,-1.111060415617432136e-02
1.074962834509905152e+00,-7.852693266833689345e-02
1.245468223850614287e+00,-4.037710918640843860e-02
1.308575149801975757e+00,8.581564336616344379e-02
1.410873970063130534e+00,-1.068246554617084537e-01
1.481185953197701854e+00,-4.693273145927518743e-03
1.463581863715464948e+00,1.223797013926490040e-01
1.548914258570710301e+00,-1.467004167967651991e-02
1.599831515355109479e+00,-4.370177845863547871e-03
1.614528590885965009e+00,1.640375724263064272e-02
1.547814197967613437e+00,2.279665183319554492e-02
1.488023466784976101e+00,-1.552978888578327755e-02
1.556331439901835978e+00,-4.787332052118199342e-04
1.558706974077160634e+00,2.144548676076198090e-02
1.644603605653182976e+00,7.491698245066326367e-03
1.678842946946752734e+00,-1.633716643173404139e-04
1.612317349083743023e+00,1.161905399901032865e-01
1.646784067982488109e+00,-2.233859137594123787e-02
1.785958730792938987e+00,-1.331704071057653906e-02
1.805147259413478089e+00,1.998494435043025180e-02
1.780894180835510099e+00,1.108299750548626637e-02
1.786819027535228033e+00,2.883618630845886498e-03
1.809599144937594328e+00,5.218486556044434066e-03
1.791006894039194108e+00,5.516875338760289862e-03
1.796454478755215023e+00,7.062027583950222613e-03
1.836543254680667703e+00,1.861450259801241541e-02
1.835383019872487198e+00,-9.947148377874357947e-03
1.895983515279335618e+00,-1.298444765138865309e-01
1.875500522335868503e+00,-3.453836896477572443e-02
2.005441476503716292e+00,-2.428611652144334332e-02
1.951826860612211334e+00,2.361372319577865475e-01
2.050333197558393827e+00,1.387073327137426475e-02
2.052536630130058271e+00,9.333244451329101785e-03
2.077547527296469188e+00,1.250888492757786137e-02
2.087817368235982851e+00,2.306643205783651812e-02
2.109246166977358339e+00,2.736717815072517088e-02
2.121853986998231356e+00,3.323224968842283106e-02
2.121710579663109275e+00,3.508966443826940645e-02
2.111379834567625569e+00,3.346726387174468742e-02
2.064175681312522936e+00,1.299865024491591581e-01
1.696968436426703253e+00,9.441615231368181982e-02
1.925420230379865982e+00,-7.992815347087947261e-03
2.077190791433468853e+00,1.041005489238989029e-01
2.033257844351383792e+00,-6.283617276031935395e-04
2.070424746969737217e+00,1.979653819357388503e-02
2.114904767114779816e+00,3.471562672211658124e-02
2.134157552514559963e+00,2.489513047368164048e-02
2.038983627146212285e+00,2.292322803592485858e-01
2.239540394910799481e+00,2.673987995483582611e-02
2.265077449017103284e+00,3.400660880312168094e-02
2.255547484429350380e+00,2.698569301825585673e-02
2.316060739325673357e+00,-3.766066717097691502e-02
2.249305831270950851e+00,1.616574540243271435e-02
2.274738934842963634e+00,4.247128100990151672e-02
2.288532849867219277e+00,3.451827957712876038e-02
2.291004746448554119e+00,4.136086141389051785e-02
2.311234147552014839e+00,4.781659761770935130e-02
2.315056004001189383e+00,5.333142236177595280e-02
2.346515326055351292e+00,4.096978121324449523e-02
2.353020488952052958e+00,5.641657949479827322e-02
2.365932830041360901e+00,6.240317163810538831e-02
2.339401695680080273e+00,6.084928704911673342e-02
2.359395036938588763e+00,7.223712560560205387e-02
2.383444709097717773e+00,4.484147260273812358e-02
2.295667819060021042e+00,4.929146449262480217e-02
2.198100077924339590e+00,-2.685673595388288551e-02
2.283053406518648742e+00,4.520561658587520654e-02
2.282899958398057372e+00,4.724012022150993889e-02
2.277973567102034469e+00,4.520444559619082869e-02
2.287537328097725808e+00,4.846786560332782406e-02
2.281811953335002308e+00,4.875063401310946593e-02
2.333750752408470852e+00,5.191161366317131182e-02
2.297658185875411707e+00,4.537253319746487740e-02
2.350150659323489766e+00,7.772477812816253051e-02
2.360001604721185586e+00,7.751236886326690056e-02
2.397244781908607791e+00,8.242995035547569238e-02
2.408020982126460208e+00,8.616851564269585595e-02
2.386378266316726116e+00,1.116538552026197645e-01
2.369786668169649779e+00,4.270209071757252728e-02
2.392235930876835059e+00,5.060549164725847843e-02
2.400168249507465212e+00,5.106879329953507157e-02
2.397669528594346122e+00,5.192966238208360230e-02
2.420071605589658947e+00,4.664666567116647344e-02
2.429438036710987348e+00,5.274273337314749205e-02
2.397669528594346122e+00,5.192966238208360230e-02
2.394937255532747500e+00,5.579278332091874848e-02
1.395519648017964798e+00,8.747838533818803608e-01
7.414815142614146481e-02,6.834478150255952900e-02
7.951777510339163024e-01,-6.389651649371114184e-01
1.947364827676299148e+00,3.998599243743139464e-02
1.945090289286037999e+00,2.947690197967384185e-02
1.985739961708615109e+00,2.045537150403393956e-02
2.038948430452129923e+00,2.231286498948248029e-02
2.024963255666650142e+00,3.200726572062322778e-02
2.045942442857923815e+00,1.143767983214490427e-02
2.184928065017524901e+00,-4.431148004483458774e-02
2.373248285539225400e+00,3.914403124965751268e-02
2.443780659557419632e+00,5.366633872361646629e-02
2.406988566121100348e+00,5.758106900157552999e-02
2.427123820914524277e+00,5.673576767328078474e-02
2.429765869118798438e+00,5.804042662649650658e-02
2.376015385441421213e+00,4.893535045052256616e-02
2.450383430803575013e+00,1.307996157731005082e-01
2.433799271525141084e+00,8.163732201332994654e-02
2.440387710388710829e+00,7.686076857971646525e-02
2.437025010990855556e+00,7.263225147946940352e-02
2.410975116790993855e+00,4.587253817847854187e-02
2.409494594170267234e+00,5.800325954698418163e-02
2.407420669307802630e+00,5.512329264816540758e-02
2.448684283686402008e+00,6.834645660175324433e-02
2.406979199470287156e+00,6.010416684569990647e-02
2.434762033971020312e+00,4.918941207678621114e-02
