t,regimen,p_regimen_0,p_regimen_1,p_max,modas_efectivas,z_lag,ambiguo,b_t_realizada,factor_volatil,sep_dinamica,sep_tendencia,separacion,sep_en_sd,bimodal,nivel_curva,bloque
1,0,0.6701205266719057,0.3298794733280943,0.6701205266719057,1.7924937943174215,-0.11006149998166252,1,0.0,0.9921710611867641,,0.0,,,0,0.4346481111322881,train
2,0,0.8814130764274816,0.11858692357251843,0.8814130764274816,1.2642994324408534,-0.29552007068708885,0,0.04455363219893696,0.9084011718374004,0.6085063804079387,0.03341522414920272,0.6419216045571414,0.6419216045571414,0,1.2444015411683302,train
3,0,0.9998324596515485,0.00016754034845145593,0.9998324596515485,1.0003351368364364,-0.8966377222097096,0,0.08742567444363689,0.8915648370089665,1.6447498695810443,0.06556925583272766,1.710319125413772,1.710319125413772,0,1.515576107332701,train
4,0,0.8781175588178549,0.12188244118214508,0.8781175588178549,1.2723524062444516,-0.29140699978783025,0,0.13780603818470138,0.9374322421343753,1.8847076337755848,0.10335452863852604,1.9880621624141108,1.9880621624141108,0,0.4410101584863536,train
5,1,0.1012043421354436,0.8987956578645564,0.8987956578645564,1.22238038627904,0.3186797747595172,0,0.04975019991219392,1.016099640641423,0.507955567451847,0.14925059973658175,0.6572061671884287,0.6572061671884287,0,1.2301935084647544,train
6,0,0.9242779226020454,0.07572207739795456,0.9242779226020454,1.1627589094479882,-0.35861226600150276,0,0.2525324649673331,1.0326113691477117,1.5172589358781323,0.18939934872549985,1.7066582846036322,1.7066582846036322,0,0.975898812420032,train
7,1,0.03900616495698255,0.9609938350430175,0.9609938350430175,1.0810452816584617,0.4405843182425595,0,0.07988825990429842,1.090258049524653,0.9481945163919613,0.23966477971289524,1.1878592961048566,1.1878592961048566,0,-0.21546175325962438,train
8,0,0.36337776778628056,0.6366222322137194,0.6366222322137194,1.8610493345659456,0.0873611565103203,1,0.34021796598504084,0.9964246282496776,0.3441119152496593,0.25516347448878063,0.59927538973844,0.59927538973844,0,-0.6965982175708244,train
9,1,0.009363753488358766,0.9906362465116413,0.9906362465116413,1.018902835403172,0.5877277780705292,0,0.10316454276602587,1.059334609595829,1.3356954023220426,0.3094936282980776,1.6451890306201202,1.6451890306201202,0,1.8834890257476662,train
10,0,0.8725285330067882,0.12747146699321177,0.8725285330067882,1.2860826303851403,-0.28460632537496416,0,0.5042796217650213,1.1529458930180019,2.3311358463745626,0.378209716323766,2.7093455626983287,2.7093455626983287,0,1.0574383177244597,train
11,0,0.9971796804098898,0.0028203195901101985,0.9971796804098898,1.0056565473308923,-0.6919928696056399,0,0.6047653683093391,1.2471370911279704,0.868461097952343,0.4535740262320044,1.3220351241843473,1.3220351241843473,0,-0.0414388469099722,train
12,0,0.44224819760614953,0.5577518023938505,0.5577518023938505,1.9736691170495975,0.03631791315365742,1,0.6456572281888056,1.213343903916994,0.7767562690227888,0.48424292114160417,1.260999190164393,1.260999190164393,1,0.643895894985711,train
13,0,0.668233989116926,0.331766010883074,0.668233989116926,1.7966050805324476,-0.10876047244758881,1,0.6361531444252921,1.0987589854953648,0.10317419522550028,0.4771148583189691,0.5802890535444694,0.5802890535444694,0,1.2526171136615616,train
14,0,0.9010074461025859,0.09899255389741413,0.9010074461025859,1.2171166369767763,-0.32182832635717473,0,0.7336524014014237,1.1730503678732336,0.7768899750532937,0.5502393010510678,1.3271292761043614,1.3271292761043614,0,0.9127655852075608,train
15,0,0.9944641807634927,0.005535819236507256,0.9944641807634927,1.0111329252638956,-0.6351073968405583,0,0.7903284093327191,1.1770562993401352,0.5022366693358739,0.5927463069995393,1.0949829763354133,1.0949829763354133,0,1.1052429958977357,train
16,0,0.999388468578575,0.0006115314214250045,0.999388468578575,1.0012238107836486,-0.8083616002035613,0,0.9104837031179629,1.2698343627560018,0.7084366960312016,0.6828627773384721,1.3912994733696737,1.3912994733696737,0,1.1534092067161588,train
17,0,0.8067405246954511,0.1932594753045489,0.8067405246954511,1.4531092563508368,-0.216486876042152,0,1.0413066861308695,1.3663876024626302,0.361040357256585,0.7809800145981521,1.1420203718547373,1.1420203718547373,0,1.1713229628482373,train
18,0,0.7584325542827733,0.24156744571722666,0.7584325542827733,1.5783456775637068,-0.17531735602816054,0,0.8562201141882216,1.0614549471541794,0.21039896762928215,0.6421650856411663,0.8525640532704484,0.8525640532704484,0,0.36393898338938613,train
19,0,0.6628196721111987,0.33718032788880126,0.6628196721111987,1.8082512597944231,-0.10504270981070328,1,0.6806085434391992,0.8000933560482929,0.6607044591161093,0.5104564075793994,1.1711608666955087,1.1711608666955087,1,-0.19029783486542431,train
20,1,0.12435043432212406,0.875649565677876,0.875649565677876,1.2784042366971458,0.2883776504044308,0,0.18843251027149124,0.8430042328213805,1.0734239320441257,0.5652975308144738,1.6387214628585993,1.6387214628585993,0,1.9682375205106848,train
21,0,0.9787553680332751,0.02124463196672488,0.9787553680332751,1.043391082541808,-0.507173999118052,0,0.9347613012676561,0.9976799160630605,2.2507196759117996,0.7010709759507421,2.9517906518625416,2.9517906518625416,0,2.724302121539748,train
22,1,0.353732491168567,0.646267508831433,0.646267508831433,1.8423386690649457,0.09381571577136259,1,0.3034992891772346,1.239861658594593,2.1644608327819097,0.9104978675317039,3.074958700313614,3.074958700313614,1,-1.8654653391533857,train
23,1,0.5303519240498247,0.4696480759501753,0.5303519240498247,1.99265714376256,-0.01903863422476422,1,0.29208429465727676,1.144659433362949,2.7071059444337013,0.8762528839718302,3.5833588284055313,3.5833588284055313,1,2.0059419400567178,train
24,1,0.06387813240444723,0.9361218675955527,0.9361218675955527,1.135841450307302,0.3807524388339151,0,0.29628926499932257,1.1164429174465826,2.131625659830361,0.8888677949979678,3.020493454828329,3.020493454828329,0,-1.1383981770222682,train
25,1,0.5018565971328234,0.4981434028671766,0.5018565971328234,1.9999724247568935,-0.0011634539166007038,1,0.3269572989459186,1.1871015306375559,1.7898385501476042,0.9808718968377557,2.77071044698536,2.77071044698536,1,2.98930216128901,train
26,1,0.001116317923945756,0.9988836820760543,0.9988836820760543,1.0022351281730806,0.7643508517556906,0,0.33793613750929014,1.184580231623306,3.368792930569793,1.0138084125278704,4.382601343097663,4.382601343097663,0,-1.6447075541701612,train
27,0,0.5996353685926186,0.40036463140738143,0.5996353685926186,1.9236154860309393,-0.06310085309660242,1,1.3495381083545046,1.1438940974100111,2.45136186786942,1.0121535812658784,3.463515449135298,3.463515449135298,1,-0.11368874114750836,train
28,0,0.9564045483891499,0.0435954516108501,0.9564045483891499,1.090976266982537,-0.42760139050744783,0,1.5537827176721255,1.276048777862075,1.8892598219589931,1.1653370382540942,3.0545968602130875,3.0545968602130875,0,2.3251113563887236,train
29,0,0.6583445638605984,0.34165543613940164,0.6583445638605984,1.8176992956648985,-0.10198733354834165,1,1.404187702914911,1.1191220167795648,0.9623129248456646,1.0531407771861834,2.0154537020318477,2.0154537020318477,1,0.9511614433176231,train
30,1,0.2639268898868142,0.7360731101131859,0.7360731101131859,1.6354272086643054,0.1578214079970778,1,0.32866158731670064,1.0183424443268991,0.5833975548688962,0.9859847619501019,1.5693823168189982,1.5693823168189982,1,2.046414946134362,train
31,0,0.6403167260519657,0.35968327394803434,0.6403167260519657,1.8539888582209727,-0.08982637914029228,1,1.2204431851584745,0.9201425158470911,2.1248381231635354,0.9153323888688558,3.0401705120323914,3.0401705120323914,1,2.3427217117679655,train
32,1,0.21453993860007664,0.7854600613999234,0.7854600613999234,1.5083527447155916,0.19769178985843716,0,0.395248242682072,1.1617333141268804,1.407275487384773,1.185744728046216,2.5930202154309887,2.5930202154309887,0,1.489085837167429,train
33,0,0.44745457209094824,0.5525454279090518,0.5525454279090518,1.978153103098235,0.03302375205380649,1,1.2805442503165956,0.9182607118788482,1.401542474552242,0.9604081877374466,2.3619506622896886,2.3619506622896886,1,2.2502452229158867,train
34,1,0.7333982440775215,0.2666017559224785,0.7333982440775215,1.6421723504687888,-0.1557808202653375,1,0.38490909336703705,1.0787302158056316,1.18544991811257,1.154727280101111,2.3401771982136808,2.3401771982136808,1,-0.5494529577068609,train
35,0,0.7368442810208907,0.2631557189791093,0.7368442810208907,1.6334786629321554,-0.15841166677404825,1,1.919495375522819,1.3155528583843294,1.173551904850939,1.4396215316421141,2.613173436493053,2.613173436493053,1,1.0332169740631854,train
36,0,0.9686256088630552,0.031374391136944846,0.9686256088630552,1.0647133604976158,-0.4652418469198191,0,1.7343629876363007,1.1640407800409431,1.1114339661439068,1.3007722407272255,2.412206206871132,2.412206206871132,0,0.9790980987892398,train
37,0,0.9932966143921217,0.006703385607878309,0.9932966143921217,1.0134966337872104,-0.6181942891147615,0,1.7521546754165251,1.1528348925918257,1.0886525625748762,1.3141160065623938,2.4027685691372698,2.4027685691372698,0,1.1931725469676595,train
38,1,0.7015485937998821,0.2984514062001179,0.7015485937998821,1.7204488398466053,-0.1322149133163849,1,0.47047935886593606,1.2150721092112824,0.7736437531861949,1.411438076597808,2.185081829784003,2.185081829784003,1,0.2595329451901518,train
39,0,0.7473295456834856,0.25267045431651436,0.7473295456834856,1.6068288727315614,-0.166527454843775,1,1.7310832030185552,1.097865107655014,0.32314961012160676,1.2983124022639165,1.6214620123855232,1.6214620123855232,1,1.0727987807933583,train
40,1,0.37021897100707507,0.6297810289929249,0.6297810289929249,1.873760164613901,0.08281836315346769,1,0.4156011678811794,1.03658250624364,0.8948397580282644,1.2468035036435383,2.1416432616718026,2.1416432616718026,1,1.0220531004385731,train
41,1,0.3022544729066249,0.6977455270933751,0.6977455270933751,1.729485658817605,0.12948184216535216,1,0.37994746067092633,0.9325633082116934,0.8264454255825869,1.139842382012779,1.966287807595366,1.966287807595366,1,-1.6618870653741062,train
42,0,0.10009222384016347,0.8999077761598365,0.8999077761598365,1.2197316592584444,0.3202565613569932,0,1.3080869223849962,0.7905635867242218,2.617855614703736,0.9810651917887472,3.598920806492483,3.598920806492483,0,0.4115929182808727,train
43,1,0.20341993040505618,0.7965800695949439,0.7965800695949439,1.4794661737843928,0.2073669010756536,0,0.3007616330262256,0.7167257345698724,1.12082005389495,0.9022848990786768,2.0231049529736267,2.0231049529736267,0,0.3792400156159128,train
44,1,0.17874705347529574,0.8212529465247043,0.8212529465247043,1.4156146889296755,0.2300376300460577,0,0.3205262002588753,0.7535594923629269,0.2006288686503394,0.9615786007766258,1.1622074694269653,1.1622074694269653,0,0.30282431670491233,train
45,1,0.5404993037341184,0.45950069626588164,0.5404993037341184,1.986963977578746,-0.025422924338907422,1,0.35854018726340714,0.8322567633954512,0.03568483320610122,1.0756205617902215,1.1113053949963227,1.1113053949963227,1,0.5392915500485926,train
46,1,0.3827378906719715,0.6172621093280285,0.6172621093280285,1.8957317056961351,0.07457448338269916,1,0.3883657927702269,0.8907538440305911,0.2056009297829358,1.1650973783106808,1.3706983080936166,1.3706983080936166,1,1.554445437604342,train
47,0,0.9795678579125354,0.020432142087464578,0.9795678579125354,1.0416985028331747,-0.5112260997008204,0,1.4757757092735033,0.8367515430952822,1.5016808786033171,1.1068317819551274,2.6085126605584446,2.6085126605584446,0,1.3624122972662478,train
48,0,0.9331210768044721,0.0668789231955279,0.9331210768044721,1.1426119914134159,-0.37486161695098885,0,1.3556431808840228,0.760596298303052,0.30411381519683583,1.016732385663017,1.320846200859853,1.320846200859853,0,2.4345428336780603,train
49,0,0.8276051600513727,0.17239483994862725,0.8276051600513727,1.3992858122197547,-0.23618595490196018,0,1.4560884839485624,0.8089731146941256,1.305270582657226,1.0920663629614218,2.3973369456186475,2.3973369456186475,0,2.457586733063246,train
50,0,0.8659226750189835,0.13407732498101654,0.8659226750189835,1.3024245275431874,-0.27683054970287757,0,1.6981618379691608,0.93488872884777,1.227932797035043,1.2736213784768706,2.501554175511914,2.501554175511914,0,1.0497454848292223,train
51,0,0.40557658233132343,0.5944234176686766,0.5944234176686766,1.9311298697815602,0.05973465939776888,1,1.3570366378158456,0.7407925521854735,0.8444410787644682,1.0177774783618843,1.8622185571263525,1.8622185571263525,1,1.794591275537979,train
52,0,0.35179293860531186,0.6482070613946882,0.6482070613946882,1.8384696108056329,0.09512109904620986,1,1.2774478198520924,0.6919188178638087,0.5648190896450824,0.9580858648890693,1.5229049545341518,1.5229049545341518,1,1.5400105918483207,train
53,1,0.17554983014270392,0.8244501698572961,0.8244501698572961,1.407388570983797,0.2331146075431943,0,0.3405642380770486,0.7325785402398304,0.3559474453431055,1.0216927142311458,1.3776401595742513,1.3776401595742513,0,0.64208867520147,train
54,1,0.9249724275996539,0.07502757240034608,0.9249724275996539,1.1611662417106536,-0.35983417914464255,0,0.3381028915383432,0.7225324284740959,0.44432578376046206,1.0143086746150296,1.4586344583754918,1.4586344583754918,0,2.1235727556711086,train
55,1,0.532290649079138,0.46770935092086197,0.532290649079138,1.9916931575702033,-0.020257309043254408,1,0.33912690575678744,0.7204242984513869,2.1667634398631828,1.0173807172703624,3.184144157133545,3.184144157133545,1,0.062003534974479246,train
56,1,0.46471478008488865,0.5352852199151114,0.5352852199151114,1.9900889847534062,0.022140641177628404,1,0.2933823353874054,0.619921337120132,0.3401031541353383,0.8801470061622161,1.2202501602975544,1.2202501602975544,1,-0.23554201899549773,train
57,0,0.8501661624587482,0.1498338375412518,0.8501661624587482,1.3418627809340422,-0.2592865777108549,0,1.025653854439726,0.5392295255618549,0.7240306738088942,0.7692403908297945,1.4932710646386886,1.4932710646386886,0,1.60433137986532,train
58,0,0.8467493848307802,0.15325061516921978,0.8467493848307802,1.350493109766197,-0.2556477692101617,0,0.9952709673471061,0.5210665428396708,0.7658120928037366,0.7464532255103296,1.5122653183140662,1.5122653183140662,0,2.378711576719028,train
59,1,0.6277116536882327,0.3722883463117673,0.6277116536882327,1.8775092924287897,-0.0814496650030648,1,0.25712319454119237,0.536508037081592,1.8069329328311674,0.7713695836235771,2.5783025164547446,2.5783025164547446,1,-1.6990111714362826,train
60,1,0.6409402917568296,0.35905970824317035,0.6409402917568296,1.8527839679741642,-0.09024332175910946,1,0.25899316031750225,0.5387485268323605,2.464724003294169,0.7769794809525068,3.241703484246676,3.241703484246676,1,2.2012564010029907,train
61,0,0.9021680812843844,0.09783191871561558,0.9021680812843844,1.214361036717434,-0.3235011460000289,0,1.2101311704872197,0.6277237204609074,2.549491132752989,0.9075983778654149,3.4570895106184043,3.4570895106184043,0,2.8274751472447064,train
62,0,0.6838656763894823,0.31613432361051774,0.6838656763894823,1.7617631971338141,-0.11963403883487105,1,1.5577755678152787,0.8064374373756645,1.972334232003412,1.168331675861459,3.140665907864871,3.140665907864871,1,2.68048909995691,train
63,0,0.9089696049036791,0.09103039509632094,0.9089696049036791,1.1983047216850415,-0.3336091665492515,0,1.400356197225211,0.7238716310512798,1.4026144482672036,1.0502671479189083,2.4528815961861117,2.4528815961861117,0,1.9334114345338935,train
64,0,0.9858047081840727,0.014195291815927269,0.9858047081840727,1.0287934291555567,-0.5479616547106994,0,1.001433795733884,0.5171617056363236,0.8093719586098135,0.751075346800413,1.5604473054102264,1.5604473054102264,0,0.5749033500363149,train
65,0,0.9718536340495262,0.028146365950473817,0.9718536340495262,1.0578745120061657,-0.47719063381234994,0,0.8145313181565998,0.4204489135628925,0.6537152282366803,0.6108984886174499,1.26461371685413,1.26461371685413,0,0.6193169064651175,train
66,1,0.2768883065582891,0.7231116934417109,0.7231116934417109,1.6678963079282578,0.14802761868798936,1,0.1598952518395797,0.3301559620854637,0.3257865753699778,0.4796857555187391,0.8054723308887168,0.8054723308887168,0,-1.0577335058886512,train
67,0,0.9562095266234526,0.0437904733765474,0.9562095266234526,1.0914001046359572,-0.4270746556655064,0,0.8529696048946614,0.44054345126254757,1.5489152034567362,0.6397272036709961,2.188642407127732,2.188642407127732,0,0.5206126504811684,train
68,0,0.9665245414549402,0.033475458545059844,0.9665245414549402,1.0691867591781294,-0.45800084491512655,0,1.061207460675198,0.5486524595651212,0.5283908773766453,0.7959055955063985,1.3242964728830438,1.3242964728830438,0,1.2957703805754328,train
69,1,0.13608208648585657,0.8639179135141435,0.8639179135141435,1.3074074513256435,0.27452308321064917,0,0.2773993063497362,0.5745281626971607,0.34577305891937044,0.8321979190492086,1.177970977968579,1.177970977968579,0,-1.8677190761588809,train
70,0,0.2910984174354445,0.7089015825645555,0.7089015825645555,1.7027660377322997,0.13754466646853014,1,1.3144014250812355,0.6819097676222756,2.62927484214861,0.9858010688109267,3.6150759109595367,3.6150759109595367,1,0.5026901226134656,train
71,0,0.8169077965642215,0.18309220343577848,0.8169077965642215,1.4268162345625623,-0.22591090350968215,0,1.491461336817529,0.7756482380729107,1.0103699538677307,1.1185960026131467,2.1289659564808776,2.1289659564808776,0,0.197276462674628,train
72,0,0.9673669529447896,0.03263304705521042,0.9673669529447896,1.06739108375009,-0.46085777278698226,0,1.470335963992416,0.7668692733004671,1.6243923431161185,1.102751972994312,2.7271443161104303,2.7271443161104303,0,-0.18682558901845908,train
73,0,0.8042255836880191,0.1957744163119809,0.8042255836880191,1.4596272683410623,-0.21420298194399268,0,1.4785147108696182,0.7737086479394273,2.145960142035969,1.1088860331522137,3.2548461751881828,3.2548461751881828,0,-1.0525274835627287,train
74,1,0.010458199994369399,0.9895418000056306,0.9895418000056306,1.021135099021014,0.5773725269307273,0,0.33155189994109446,0.6966306115016123,3.1926497668815137,0.9946556998232834,4.187305466704797,4.187305466704797,0,1.9091885951405307,train
75,1,0.005243755338883523,0.9947562446611165,0.9947562446611165,1.0105425015616576,0.6398316950056151,0,0.31539891239289874,0.6654873058337147,2.1569289492041497,0.9461967371786962,3.103125686382846,3.103125686382846,0,-2.6176791954542695,train
76,1,0.7852607422228535,0.21473925777714653,0.7852607422228535,1.508870539511917,-0.1975210846645259,0,0.33041575161052567,0.7004147827171636,3.678553051699724,0.9912472548315769,4.669800306531301,4.669800306531301,0,3.3675212973560984,train
77,1,0.005702172901792065,0.9942978270982079,0.9942978270982079,1.0114693710778433,0.6325146652437386,0,0.29089045804581953,0.6197585751308319,3.863361610492622,0.8726713741374585,4.73603298463008,4.73603298463008,0,-2.094873102951177,train
78,0,0.8890945743601208,0.11090542563987915,0.8890945743601208,1.2456570546823407,-0.305431770537653,0,0.8528638626234988,0.4567640508848041,3.041754795166721,0.639647896967624,3.681402692134345,3.681402692134345,0,-0.9649640070657222,train
79,0,0.8351269351391664,0.16487306486083364,0.8351269351391664,1.380033434166711,-0.24365633982323665,0,0.6104565820290478,0.32886963608595143,2.346385171088401,0.4578424365217859,2.804227607610187,2.804227607610187,0,-0.014505117577972362,train
80,0,0.8139420622787339,0.1860579377212661,0.8139420622787339,1.4344748315879712,-0.2231292544194934,0,0.15150315224772193,0.08213384133675605,0.79463119544515,0.11362736418579145,0.9082585596309415,0.9082585596309415,0,0.672769636932206,train
81,1,0.4452270093418774,0.5547729906581226,0.5547729906581226,1.9762839561185992,0.03443243360242792,1,0.053299654769092035,0.1163557753228679,0.6406222912361373,0.1598989643072761,0.8005212555434135,0.8005212555434135,0,-0.2852313041747477,train
82,0,0.9427085751175446,0.05729142488245542,0.9427085751175446,1.1210991516614686,-0.39448124032156023,0,0.4729905454923295,0.25997261734674926,0.5256117290837992,0.3547429091192471,0.8803546382030463,0.8803546382030463,0,-0.5620841515875653,train
83,0,0.9531351380084194,0.046864861991580575,0.9531351380084194,1.0981011664767761,-0.41901080911452343,0,0.4679982406197617,0.2591530038967854,1.3156062868231204,0.3509986804648213,1.6666049672879417,1.6666049672879417,0,0.6626994923404184,train
84,0,0.9192225329793194,0.08077746702068056,0.9192225329793194,1.1744049283529796,-0.34996526061037925,0,0.6462869197276008,0.36069178975564464,0.3565166741893506,0.4847151897957006,0.8412318639850512,0.8412318639850512,0,0.030240927090301538,train
85,1,0.19704223733279735,0.8029577626672026,0.8029577626672026,1.4629147912992966,0.21305838946285038,0,0.16811267069904687,0.37838050981980076,0.7863531394820632,0.5043380120971406,1.2906911515792037,1.2906911515792037,0,1.554255195921843,train
86,1,0.4100502136590074,0.5899497863409926,0.5899497863409926,1.9373014542204448,0.05685395263183066,1,0.16887395500302574,0.38335703107753794,1.6543320888346231,0.5066218650090772,2.1609539538437,2.1609539538437,1,-1.2800327854573177,train
87,0,0.7269252157177589,0.2730747842822411,0.7269252157177589,1.6584020007898745,-0.15088497947326315,1,0.5493802308976949,0.3145701971861653,1.7836348561335904,0.4120351731732712,2.1956700293068616,2.1956700293068616,1,-0.5909717004823695,train
88,0,0.9134239165249914,0.08657608347500856,0.9134239165249914,1.1878760577515222,-0.34053622007043743,0,0.6202022912912006,0.3584174793071657,1.4774452817245005,0.4651517184684005,1.942597000192901,1.942597000192901,0,-1.6662883487773736,train
89,0,0.6711055719417076,0.3288944280582924,0.6711055719417076,1.7903364436710412,-0.11074200854007278,1,0.7372745242999655,0.43016966450895266,2.854565575290466,0.5529558932249742,3.4075214685154402,3.4075214685154402,1,0.09624115450035756,train
90,0,0.7891537909466463,0.21084620905335372,0.7891537909466463,1.4987564151729404,-0.20087213491634762,0,0.9244119453062685,0.5447159652512845,0.8213826622848973,0.6933089589797014,1.5146916212645987,1.5146916212645987,0,2.014419939571474,train
91,0,0.9387279318112847,0.061272068188715334,0.9387279318112847,1.129988962468749,-0.3860456154126282,0,1.162425229418165,0.6919877979652038,1.390216013243678,0.8718189220636237,2.2620349353073017,2.2620349353073017,0,2.3043970678228636,train
92,0,0.6630735770958156,0.3369264229041844,0.6630735770958156,1.8077103009869797,-0.10521653014519453,1,0.9244072832443829,0.5561037659619603,1.4008461801407184,0.6933054624332872,2.0941516425740057,2.0941516425740057,1,1.2765051516690284,train
93,1,0.6813560009419689,0.3186439990580311,0.6813560009419689,1.7674714610986728,-0.11787350183351553,1,0.19082643676752978,0.4641682339329185,0.44313908819916314,0.5724793103025894,1.0156183985017524,1.0156183985017524,1,0.12488640696427127,train
94,0,0.99420387439296,0.005796125607040015,0.99420387439296,1.011659436791033,-0.6310798797324018,0,1.1666439432798246,0.7173313629033119,0.4580953400485894,0.8749829574598684,1.3330782975084579,1.3330782975084579,0,1.6872191003577377,train
95,0,0.9469056614511528,0.05309433854884715,0.9469056614511528,1.1117913538885975,-0.4038909255058148,0,1.2829431607704096,0.7978261993475269,0.6652823955679495,0.9622073705778071,1.6274897661457568,1.6274897661457568,0,1.2711042298779676,train
96,0,0.9989023077534055,0.001097692246594506,0.9989023077534055,1.0021977943439053,-0.7656106931468903,0,1.3247557801839884,0.8334223845114241,0.5385517366652283,0.9935668351379914,1.5321185718032195,1.5321185718032195,0,1.6092021776367456,train
97,0,0.4623492719267773,0.5376507280732227,0.5376507280732227,1.988723323647221,0.023629229541330544,1,1.3441366094791567,0.8556659457608526,0.3946084318316613,1.0081024571093675,1.4027108889410287,1.4027108889410287,1,1.987354819386676,train
98,0,0.7861726344214879,0.21382736557851212,0.7861726344214879,1.5065015634892092,-0.19830282234297938,0,1.2762229050146474,0.822272087076924,0.8305268374413247,0.9571671787609856,1.7876940162023103,1.7876940162023103,0,2.4266880698234883,train
99,1,0.00011125566524855506,0.9998887443347515,0.9998887443347515,1.0002225360861423,0.9229960387914756,0,0.3370525539139655,0.879356045801013,1.6304656072701122,1.0111576617418965,2.6416232690120087,2.6416232690120087,0,-1.336164137822457,train
100,0,0.7337780827221854,0.26622191727781463,0.7337780827221854,1.6412158297012325,-0.15606995493407308,1,1.2195292874060166,0.8053791030655821,2.0788206679173413,0.9146469655545124,2.9934676334718535,2.9934676334718535,1,0.030199256053804743,train
101,0,0.8985872509210768,0.10141274907892317,0.8985872509210768,1.2228772054264183,-0.3183856977717859,0,0.8087393529040928,0.5408701869295071,1.5571405864660532,0.6065545146780696,2.163695101144123,2.163695101144123,0,0.525482608433302,train
102,1,0.4263178237809891,0.573682176219011,0.573682176219011,1.9574906392667923,0.046439147677985196,1,0.260827398705113,0.7067103809068231,0.29719833240983984,0.782482196115339,1.079680528525179,1.079680528525179,1,0.5571078680295629,train
103,1,0.3195018190917084,0.6804981809082916,0.6804981809082916,1.7694129789809503,0.11727308356949866,1,0.1544382475023396,0.42388304631565576,0.38340117905048643,0.46331474250701876,0.8467159215575052,0.8467159215575052,0,0.23475823500965082,train
104,0,0.9759502308120466,0.02404976918795343,0.9759502308120466,1.0492549171151655,-0.4941219892814187,0,0.7778309256932074,0.5407165350518343,0.3440112072023727,0.5833731942699056,0.9273844014722783,0.9273844014722783,0,2.217957880896839,train
105,0,0.9776774445788526,0.02232255542114736,0.9776774445788526,1.045640665275629,-0.501995720253844,0,0.6539421245965038,0.4605938034505572,1.8056636787110114,0.49045659344737785,2.2961202721583893,2.2961202721583893,0,0.246109056679773,train
106,0,0.7658839032439454,0.2341160967560546,0.7658839032439454,1.5591174459579369,-0.18133959731870905,0,0.5586266759034003,0.39868153870783885,0.5250272336364672,0.41897000692755026,0.9439972405640175,0.9439972405640175,0,0.4679505110655119,train
107,0,0.9303339054449894,0.0696660945550106,0.9303339054449894,1.1489306656380829,-0.36957061624845666,0,0.6303613514259568,0.45586980693344503,0.29941769136017543,0.4727710135694676,0.772188704929643,0.772188704929643,0,0.5163899999147907,train
108,1,0.7789071955137358,0.22109280448626423,0.7789071955137358,1.5253704631954843,-0.19212692873522508,0,0.20290866886084927,0.5947973505319852,0.161130476082027,0.6087260065825478,0.7698564826645748,0.7698564826645748,0,-0.2891473101274744,train
109,1,0.07705103351459974,0.9229489664854003,0.9229489664854003,1.1658114282743373,0.35629768960048436,0,0.21793640721118954,0.6473729233251091,0.6927547885992305,0.6538092216335686,1.346564010232799,1.346564010232799,0,1.1005620429052383,train
110,0,0.9855532530460216,0.014446746953978407,0.9855532530460216,1.0293107315591012,-0.5462341553743225,0,0.8250636571793446,0.6208631796032273,1.2075725015170362,0.6187977428845084,1.8263702444015446,1.8263702444015446,0,2.8758816913515024,train
111,0,0.7402794565720678,0.25972054342793216,0.7402794565720678,1.6247786952884802,-0.1610517983731677,1,0.8821632628852338,0.6726299465006159,2.607643296023189,0.6616224471639254,3.2692657431871144,3.2692657431871144,1,1.407647590275345,train
112,1,0.5716875341423813,0.42831246585761873,0.5716875341423813,1.959715288640404,-0.045168033795981534,1,0.30341671638122103,0.9375788355647807,0.6651104967836161,0.9102501491436631,1.575360645927279,1.575360645927279,1,-0.257680415941607,train
113,1,0.007965612113485303,0.9920343878865147,0.9920343878865147,1.0160581098169486,0.6026218349559063,0,0.32363527755589727,1.0131043611885446,0.847747295222225,0.9709058326676918,1.8186531278899167,1.8186531278899167,0,1.1514073857223674,train
114,0,0.9798087091411841,0.02019129085881588,0.9798087091411841,1.0411972659424227,-0.5124535081576541,0,1.3733725581823613,1.0886590706877661,1.174310570999962,1.0300294186367709,2.2043399896367326,2.2043399896367326,0,1.5849873076342404,train
115,0,0.8963975282001898,0.10360247179981019,0.8963975282001898,1.2281059402352732,-0.3153221106984553,0,1.3221097597308182,1.0613462461863539,0.29229644242334113,0.9915823197981137,1.283878762221455,1.283878762221455,0,0.4745954872299402,train
116,0,0.7579050916404882,0.24209490835951175,0.7579050916404882,1.5797037823360376,-0.1748949277980948,0,0.9467754454652619,0.7695355850358367,1.0393830131230342,0.7100815840989465,1.7494645972219807,1.7494645972219807,0,0.19107238072087468,train
117,1,0.28266962610189555,0.7173303738981045,0.7173303738981045,1.6821848702122078,0.14373227357357576,1,0.22728963723855505,0.7480048319478501,0.8922962964245421,0.6818689117156651,1.574165208140207,1.574165208140207,1,1.4765357151269876,train
118,1,0.06231284592300095,0.9376871540769991,0.9376871540769991,1.1323231859548277,0.3839110251405168,0,0.21938036077350692,0.730602076293279,1.5619857320088983,0.6581410823205207,2.220126814329419,2.220126814329419,0,-2.7980757707078134,train
119,1,0.03595027565439519,0.9640497243456048,0.9640497243456048,1.0744782169058527,0.44993682088977466,0,0.24095807326984456,0.8117876383581291,3.816543745965413,0.7228742198095337,4.5394179657749465,4.5394179657749465,0,0.5501133382737536,train
120,0,0.7520238527898555,0.2479761472101445,0.7520238527898555,1.594814823855721,-0.1702180759276987,0,1.082347508633853,0.9218678482453972,0.45732582035996294,0.8117606314753898,1.2690864518353528,1.2690864518353528,0,1.5345317687576892,train
121,1,0.4421682340055209,0.5578317659944791,0.5578317659944791,1.9735971139350958,0.03636855520868448,1,0.26607274110580664,0.9163260790097826,0.5002339009436954,0.79821822331742,1.2984521242611153,1.2984521242611153,1,-0.4175008612929654,train
122,1,0.015843913322390126,0.9841560866776099,0.9841560866776099,1.032189625646269,0.5370816265524897,0,0.3206762502840216,1.1158718191199548,0.9201129753405445,0.9620287508520647,1.8821417261926092,1.8821417261926092,0,0.7649246147018782,train
123,1,0.6955478331845091,0.3044521668154909,0.6955478331845091,1.7346718450684224,-0.12790951845432072,1,0.28222403748022634,0.9918198322280368,0.5111836701630427,0.8466721124406791,1.3578557826037216,1.3578557826037216,1,-0.13654643804352426,train
124,0,0.668562684876673,0.33143731512332697,0.668562684876673,1.7958907085417168,-0.10898694067350474,1,1.3731627399577742,1.2177799092887338,0.560752889546793,1.0298720549683307,1.5906249445151237,1.5906249445151237,1,-0.3502173350203568,train
125,1,0.2301843346132521,0.7698156653867478,0.7698156653867478,1.5489443492075436,0.1845599796599996,0,0.3734490032384552,1.336491508064892,2.232552607825244,1.1203470097153656,3.3528996175406096,3.3528996175406096,0,2.445088948578201,train
126,0,0.9553359034011515,0.04466409659884851,0.9553359034011515,1.093300552860766,-0.4247380462422986,0,1.5840140858910394,1.4289129092720056,2.6029339135564937,1.1880105644182795,3.790944477974773,3.790944477974773,0,3.9060831018549895,train
127,1,0.24357206367905243,0.7564279363209476,0.7564279363209476,1.5835047625057386,0.17371456722024406,0,0.37541139628218245,1.364939994610296,2.9397211136693584,1.1262341888465475,4.065955302515906,4.065955302515906,0,-2.4195353470630767,train
128,0,0.9794755503725496,0.02052444962745037,0.9794755503725496,1.041890665768766,-0.5107589375708945,0,1.4583029976984998,1.3347660592598372,3.510157225201391,1.093727248273875,4.603884473475266,4.603884473475266,0,0.18983538410886708,train
129,1,0.45503233111756003,0.54496766888244,0.54496766888244,1.983953063521267,0.028239244875820423,1,0.33239872529902326,1.224573032203408,1.62323098021331,0.9971961758970698,2.62042715611038,2.62042715611038,1,0.8343588672665696,train
130,0,0.7323426777713161,0.2676573222286839,0.7323426777713161,1.6448281738194692,-0.1549784102492404,1,1.3694711948682416,1.2682602182926483,0.6122249866507589,1.0271033961511813,1.6393283828019403,1.6393283828019403,1,1.4483893426556689,train
131,1,0.5498451501361907,0.45015484986380927,0.5498451501361907,1.980319278146555,-0.031317532170470064,1,0.3147353124269218,1.171438319488037,0.17621354310355075,0.9442059372807654,1.1204194803843162,1.1204194803843162,1,-0.8670237350326864,train
132,0,0.9913142637009986,0.008685736299001379,0.9913142637009986,1.0175223334632104,-0.5946873957220999,0,1.2367899701827825,1.1553774542075814,1.5989595604867985,0.9275924776370869,2.5265520381238855,2.5265520381238855,0,0.5540326214135305,train
133,0,0.8787247450125473,0.12127525498745273,0.8787247450125473,1.2708662497449117,-0.2921588805864128,0,1.199145724091984,1.1237182592802282,0.8255352691904102,0.899359293068988,1.724894562259398,1.724894562259398,0,1.0449659389768677,train
134,1,0.1127109671266941,0.8872890328733058,0.8872890328733058,1.2500225160807574,0.3030590786379669,0,0.2839506192564204,1.0667891516510102,0.29023250586451227,0.8518518577692612,1.1420843636337734,1.1420843636337734,0,-0.8126829538276826,train
135,1,0.06461794715166558,0.9353820528483344,0.9353820528483344,1.1375075244200035,0.3792804904996992,0,0.25920906231971697,0.9752128560284863,1.3667691348327295,0.7776271869591509,2.1443963217918807,2.1443963217918807,0,0.6063103705312677,train
136,1,0.7425768817415539,0.2574231182584461,0.7425768817415539,1.6189426990893858,-0.16282756117055103,1,0.2779667106441962,1.0463340227177327,0.45957556025296165,0.8339001319325886,1.2934756921855501,1.2934756921855501,1,-0.23633061339885011,train
137,1,0.9683874718599094,0.031612528140090634,0.9683874718599094,1.065219504793837,-0.46440137611995996,0,0.292528750819721,1.100733963302466,0.7380426130512658,0.8775862524591631,1.615628865510429,1.615628865510429,0,0.4604488328179827,train
138,1,0.043163865817336965,0.956836134182663,0.956836134182663,1.0900388352288732,0.42877385808778207,0,0.27569856171534546,1.0360650173864663,0.3822912248765,0.8270956851460364,1.2093869100225363,1.2093869100225363,0,0.5783077047725571,train
139,1,0.03124368356822302,0.968756316431777,0.968756316431777,1.0644356454444548,0.46570540510843544,0,0.22013342963670296,0.8254213136638756,0.45749632675058155,0.6604002889101088,1.1178966156606904,1.1178966156606904,0,0.3508159871135589,train
140,0,0.6426174945216245,0.35738250547837547,0.6426174945216245,1.8495245352345362,-0.0913660214165454,1,0.79354396160153,0.7415388029986282,0.24660702392952755,0.5951579712011474,0.8417649951306749,0.8417649951306749,0,1.3533677624292713,train
141,0,0.6015397383070599,0.39846026169294013,0.6015397383070599,1.9207844044243672,-0.06433363745056166,1,0.8414848892817104,0.7831366976758534,0.7226189344553098,0.6311136669612828,1.3537326014165925,1.3537326014165925,1,1.0550144354989033,train
142,0,0.9546401742889519,0.04535982571104813,0.9546401742889519,1.094816139982658,-0.4229034265664117,0,0.8511334132150343,0.7881576876622443,0.3660936383978823,0.6383500599112757,1.004443698309158,1.004443698309158,0,1.4831822409595457,train
143,0,0.8058493397362787,0.1941506602637213,0.8058493397362787,1.4554184150734324,-0.21567550543682765,0,0.5584181057875155,0.514040462000653,0.7897443171888922,0.4188135793406366,1.2085578965295287,1.2085578965295287,0,0.7771575554170903,train
144,0,0.8467404405202191,0.15325955947978087,0.8467404405202191,1.3505157358286266,-0.2556383147299088,0,0.6296897313364772,0.5756899771689423,0.3370255938273661,0.47226729850235794,0.809292892329724,0.809292892329724,0,0.7122355671537255,train
145,0,0.9950867974413676,0.004913202558632368,0.9950867974413676,1.0098746818821391,-0.645469731788045,0,0.8633298805756137,0.7831956281470319,0.4643964233463555,0.6474974104317103,1.1118938337780657,1.1118938337780657,0,0.932758376415397,train
146,0,0.9999751191940126,2.488080598739284e-05,0.9999751191940126,1.000049762850084,-1.0141859542818392,0,0.8137311042181109,0.7318460117043191,0.7225215133831462,0.6102983281635832,1.3328198415467294,1.3328198415467294,0,0.44259019209693484,train
147,0,0.7618138198925823,0.23818618010741766,0.7618138198925823,1.5696296685759463,-0.1780373121926991,0,0.9411749704131637,0.8384485565623366,0.5328387993325152,0.7058812278098727,1.238720027142388,1.238720027142388,0,0.9379315491601553,train
148,0,0.9850099636967199,0.014990036303280108,0.9850099636967199,1.0304292668752406,-0.5425883880908957,0,0.9370232369116237,0.8261424726192864,0.3886720978522213,0.7027674276837178,1.091439525535939,1.091439525535939,0,0.3506066812334165,train
149,0,0.9654167068525981,0.03458329314740194,0.9654167068525981,1.071552463518786,-0.45433252078739983,0,1.0448880060638257,0.9109921887066145,0.7964059983731394,0.7836660045478693,1.5800720029210087,1.5800720029210087,0,0.4876497041319482,train
150,1,0.1510890450768752,0.8489109549231248,0.8489109549231248,1.345030238281381,0.25794345293314414,0,0.32019067531411244,1.103334651769826,0.7320551857415016,0.9605720259423374,1.692627211683839,1.692627211683839,0,0.30572211948247635,train
151,1,0.3964442424115026,0.6035557575884973,0.6035557575884973,1.917738272161787,0.06564040510855995,1,0.34013942956625376,1.1572178538818885,0.051559717841982045,1.0204182886987612,1.0719780065407432,1.0719780065407432,1,0.6405498259057193,train
152,0,0.6390044170254666,0.3609955829745334,0.6390044170254666,1.8565121928518191,-0.08894972732846379,1,1.533722621606645,1.2870156091689968,0.3400436854127402,1.1502919662049838,1.490335651617724,1.490335651617724,1,3.2354797949006806,train
153,0,0.9934663751565552,0.006533624843444774,0.9934663751565552,1.01315261880906,-0.6204828038395707,0,1.7572634097261561,1.4538046759032373,2.1714839440217113,1.317947557294617,3.4894315013163286,3.4894315013163286,0,3.8153187616528537,train
154,1,0.4575594687830643,0.5424405312169357,0.5424405312169357,1.9856934859774567,0.02664602358772934,1,0.48259832052589485,1.5734584276472698,2.520120729052968,1.4477949615776846,3.9679156906306527,3.9679156906306527,1,-0.5175917771601933,train
155,0,0.7340924841884455,0.2659075158115545,0.7340924841884455,1.6404237624954514,-0.15630943655823623,1,2.120498794241337,1.7018099438184238,1.2743021042524858,1.5903740956810029,2.8646761999334887,2.8646761999334887,1,0.9325207097041183,train
156,0,0.0868077570828999,0.9131922429171001,0.9131922429171001,1.1884167502473264,0.34016946506182955,0,2.2393957404927387,1.7685049011120584,1.562242115871271,1.679546805369554,3.2417889212408246,3.2417889212408246,0,2.4776311494535834,train
157,1,0.011182937659521303,0.9888170623404787,0.9888170623404787,1.0226159275355182,0.5710240608405375,0,0.5764693294660379,1.7908890611101205,0.46737524947306214,1.7294079883981137,2.196783237871176,2.196783237871176,0,0.587853818665125,train
158,0,0.30591216008921795,0.694087839910782,0.694087839910782,1.7381021457361006,0.1268677710799414,1,2.2005074079822635,1.679898538164883,0.11883830098394939,1.6503805559866978,1.769218856970647,1.769218856970647,1,1.6817431294291396,train
159,0,0.44593741035273704,0.554062589647263,0.554062589647263,1.976888093758156,0.033983068689778094,1,2.027706329614049,1.5208266662425394,0.7082260093272947,1.5207797472105369,2.2290057565378314,2.2290057565378314,1,2.1859428486105825,train
160,1,0.6593863714340653,0.3406136285659347,0.6593863714340653,1.8155145605838712,-0.10269725089128183,1,0.4370218323504211,1.2875229025676398,0.17496114432790344,1.3110654970512632,1.4860266413791665,1.4860266413791665,1,2.1065981413804757,train
161,1,0.6354891832292608,0.36451081677073915,0.6354891832292608,1.8631874930326027,-0.08660681762885294,1,0.48934744260373364,1.41515809752037,2.123125514826624,1.468042327811201,3.591167842637825,3.591167842637825,1,-0.29508976370508905,train
162,1,0.017243442733922493,0.9827565572660775,0.9827565572660775,1.0350811920609824,0.5285831042849095,0,0.5401185457973169,1.5326637182498664,1.046205790343033,1.6203556373919508,2.666561427734984,2.666561427734984,0,0.8677587839111114,train
163,1,0.0011032701706533072,0.9988967298293467,0.9988967298293467,1.002208974745506,0.765231360002903,0,0.5365974826304853,1.4935726664481281,0.6415102958536938,1.609792447891456,2.25130274374515,2.25130274374515,0,2.14816142089785,train
164,0,0.8883802700181356,0.11161972998186442,0.8883802700181356,1.2473828842467176,-0.3044898116057313,0,2.1122859214908263,1.4413030239981373,2.078598053742142,1.5842144411181196,3.6628124948602614,3.6628124948602614,0,3.3231235516496374,train
165,0,0.6701389064169918,0.3298610935830082,0.6701389064169918,1.7924536073496795,-0.1100741899636701,1,1.9450724116885638,1.3010767141762083,1.5330548122936378,1.4588043087664229,2.9918591210600605,2.9918591210600605,1,2.8402079464971925,train
166,1,0.3750702114988267,0.6249297885011733,0.6249297885011733,1.8824773029958581,0.07961355254897272,1,0.5861593312325347,1.53709731661528,1.118672496975475,1.7584779936976043,2.8771504906730794,2.8771504906730794,1,0.6109067588979358,train
167,0,0.946740801094576,0.053259198905423966,0.946740801094576,1.1121556888526434,-0.4035104063081078,0,2.2841303674107043,1.4672801926440253,0.3051225450188841,1.7130977755580283,2.0182203205769125,2.0182203205769125,0,3.1093539444038654,train
168,0,0.5967452931747388,0.4032547068252612,0.5967452931747388,1.9278249204279847,-0.06123289349421304,1,2.002965951365574,1.260531035742332,1.0215246175587955,1.5022244635241804,2.523749081082976,2.523749081082976,1,2.649161122965871,train
169,0,0.7177788604247038,0.28222113957529615,0.7177788604247038,1.6810811979954354,-0.14406395541483638,1,1.7103166704275228,1.0543348427423544,0.7856007957865617,1.282737502820642,2.0683382986072036,2.0683382986072036,1,2.695622669270099,train
170,0,0.6889115454051858,0.31108845459481416,0.6889115454051858,1.7501636368770523,-0.12319186364645733,1,1.616208723053711,0.9758165268891275,1.271286509334237,1.2121565422902831,2.48344305162452,2.48344305162452,1,2.4245348419409107,train
171,1,0.0032853011500376637,0.9967146988499623,0.9967146988499623,1.0065921882383235,0.6794645094644275,0,0.4204330918907065,0.9943855426729991,1.07483882692951,1.2612992756721195,2.3361381026016295,2.3361381026016295,0,-0.21949543428698448,train
172,0,0.994686960793293,0.005313039206707004,0.994686960793293,1.0106825319632218,-0.6386902069976731,0,1.6081063685682846,0.9311287093522642,0.9258050410720302,1.2060797764262134,2.1318848174982437,2.1318848174982437,0,1.1699423519492114,train
173,1,0.3204577956970155,0.6795422043029845,0.6795422043029845,1.7715708038825557,0.11660475793235314,1,0.4451267757656365,1.0095232015473676,0.4474978881853003,1.3353803272969094,1.7828782154822096,1.7828782154822096,1,0.17253669335932967,train
174,0,0.9131879340346178,0.08681206596538216,0.9131879340346178,1.1884268083424931,-0.3401626507414684,0,1.6556942126593814,0.9192237770486961,0.40197958823656665,1.2417706594945361,1.6437502477311028,1.6437502477311028,0,2.2032489236445727,train
175,0,0.993729026926439,0.006270973073560948,0.993729026926439,1.0126205900897765,-0.6241293881793123,0,1.916549517387561,1.0419101958951669,0.8422372404295995,1.4374121380406708,2.2796493784702703,2.2796493784702703,0,2.011477260597245,train
176,0,0.95304066309651,0.04695933690348997,0.95304066309651,1.0983076689800737,-0.41876982495563797,0,1.9324146763317203,1.0287017939871794,0.312258264762203,1.4493110072487903,1.7615692720109932,1.7615692720109932,0,2.444575350498682,train
177,1,0.4652835080577351,0.5347164919422649,0.5347164919422649,1.9904043813921664,0.021782865909666112,1,0.541751910790172,1.1296581280882816,0.6280067259823142,1.6252557323705161,2.2532624583528302,2.2532624583528302,1,-0.8281434308707522,train
178,1,0.6686620815906239,0.3313379184093761,0.6686620815906239,1.7956745218232664,-0.10905544166296786,1,0.4923854448767,1.0054856747455876,1.720056605643595,1.4771563346301,3.197212940273695,3.197212940273695,1,0.3411750081226339,train
179,0,0.32877515962357884,0.6712248403764212,0.6712248403764212,1.7900747418074834,0.11082445954868134,1,1.9348995055274498,0.967447917051584,0.21376348870702008,1.4511746291455874,1.6649381178526075,1.6649381178526075,1,2.942310539881869,train
180,0,0.7277164574876884,0.27228354251231157,0.7277164574876884,1.6564256219499924,-0.15148029848534908,1,1.547085585807747,0.7576761855453384,1.268740298073728,1.1603141893558102,2.4290544874295383,2.4290544874295383,1,1.7213780357911006,train
181,0,0.7439584452698771,0.2560415547301229,0.7439584452698771,1.6154268194321155,-0.16389938472528084,1,1.9609279081227822,0.9407613207874109,0.28581041016668046,1.4706959310920866,1.7565063412587671,1.7565063412587671,1,2.3673922407744814,train
182,0,0.7936231112748202,0.20637688872517979,0.7936231112748202,1.4871457155849215,-0.20476430088015604,0,2.1432704380179315,1.0073910508739523,0.550026716246554,1.6074528285134486,2.157479544760003,2.157479544760003,0,2.8130513942210627,train
183,1,0.0022805212444142256,0.9977194787555858,0.9977194787555858,1.004571443934434,0.7091259687438154,0,0.48731957873256365,0.8977573054508824,0.9568846963406205,1.461958736197691,2.4188434325383112,2.4188434325383112,0,0.9820846127779574,train
184,0,0.7797283339706089,0.22027166602939108,0.7797283339706089,1.5232388015652027,-0.19281900959101228,0,2.0796677559429533,0.938662054720333,0.5757189231237712,1.559750816957215,2.1354697400809863,2.1354697400809863,0,2.8512428950219015,train
185,0,0.9277950846027943,0.07220491539720575,0.9277950846027943,1.1547113850995594,-0.3648910986358063,0,2.208075204166869,0.9768564497935965,1.0189179145173393,1.656056403125152,2.674974317642491,2.674974317642491,0,0.5551233556265541,train
186,0,0.967460201130677,0.03253979886932301,0.967460201130677,1.0671924888751163,-0.4611777364937576,0,2.617902953742796,1.1353981435420768,1.9968527048420577,1.9634272153070969,3.9602799201491545,3.9602799201491545,0,1.4590103659140372,train
187,0,0.8325887149664324,0.16741128503356761,0.8325887149664324,1.386519276133122,-0.24111139983361676,0,3.2243541895697407,1.3711839984446181,1.4941773590207172,2.4182656421773054,3.9124430011980227,3.9124430011980227,0,2.345805254438857,train
188,0,0.9996135805498544,0.0003864194501456142,0.9996135805498544,1.0007731375401847,-0.8405859017856391,0,2.749890605988872,1.1468628716662352,1.27132271311695,2.062417954491654,3.333740667608604,3.333740667608604,0,1.1647479870768462,train
189,0,0.9450307265246058,0.054969273475394154,0.9450307265246058,1.1159410339727465,-0.399617353695694,0,2.846369592463829,1.1644449934501828,2.0663904433166715,2.1347771943478717,4.201167637664543,4.201167637664543,0,1.3665770044614345,train
190,1,0.03323700774647035,0.9667629922535297,0.9667629922535297,1.06867819617582,0.45880345288867647,0,0.7396657062977086,1.1875360814679696,1.8595524830209826,2.2189971188931255,4.0785496019141085,4.0785496019141085,0,0.9822987308649601,train
191,1,0.10163395299559741,0.8983660470044026,0.8983660470044026,1.2234046886730348,0.31807404454562466,0,0.5534400538527485,0.8719685982605516,0.4484999945137979,1.6603201615582455,2.1088201560720434,2.1088201560720434,0,0.8596565570867168,train
192,0,0.5421950319108088,0.45780496808919124,0.5421950319108088,1.9858573536982957,-0.026491308472296006,1,1.9027981927002788,0.7356651349610539,0.4251385791683563,1.4270986445252092,1.8522372236935656,1.8522372236935656,1,1.4990817965889165,train
193,1,0.01574225451760955,0.9842577454823904,0.9842577454823904,1.031979892677566,0.5377236842970049,0,0.5015432911782354,0.761507199419583,0.5938600269265228,1.5046298735347061,2.098489900461229,2.098489900461229,0,-0.39751982581594586,train
194,0,0.9570258840111706,0.04297411598882939,0.9570258840111706,1.0896269162434942,-0.4292923402048284,0,2.7404476150291472,1.0215243538967151,1.1354962450112878,2.0553357112718604,3.190831956283148,3.190831956283148,0,2.56205896705038,train
195,0,0.7149578229076676,0.28504217709233237,0.7149578229076676,1.6880094893745876,-0.14198181748676408,1,2.8219000790350077,1.0332281341136709,0.24101239160964993,2.116425059276256,2.357437450885906,2.357437450885906,1,4.256077490829865,train
196,0,0.9098356888027241,0.09016431119727586,0.9098356888027241,1.196271579936909,-0.3349359730942365,0,2.9670880075594477,1.0673828267305674,1.859931953882648,2.225316005669586,4.085247959552234,4.085247959552234,0,3.2953494639512737,train
197,0,0.8193652211718634,0.1806347788281366,0.8193652211718634,1.420478175051873,-0.22823715837799352,0,3.6254958242314417,1.2817463341012556,0.49551885148963254,2.7191218681735814,3.214640719663214,3.214640719663214,0,4.231313394752577,train
198,1,0.0007269189438902,0.9992730810561098,0.9992730810561098,1.0014548947089639,0.7959358692518513,0,0.9685959127181881,1.3464604179287554,0.9588841381262938,2.9057877381545643,3.864671876280858,3.864671876280858,0,-0.4945486360096959,train
199,0,0.6079510933461794,0.39204890665382064,0.6079510933461794,1.910924629013028,-0.06849570858423332,1,3.8515198011636986,1.316110421283672,1.865872945689665,2.888639850872774,4.754512796562439,4.754512796562439,1,4.677465807714378,train
200,0,0.9762084293926429,0.02379157060735715,0.9762084293926429,1.0487138748471128,-0.4952681306163097,0,3.4528655630868332,1.1604418821744007,1.0439756503703599,2.589649172315125,3.633624822685485,3.633624822685485,0,4.533587960770649,train
201,1,0.02440166854687112,0.9755983314531289,0.9755983314531289,1.049992730847719,0.4925764435053256,0,0.8913069645864424,1.1787727356128463,1.3679098076923324,2.6739208937593273,4.0418307014516595,4.0418307014516595,0,1.4326912084170706,train
202,0,0.9985281097058385,0.0014718902941615042,0.9985281097058385,1.0029481134915696,-0.7433870784654121,0,3.365991814646397,1.0951447710728088,0.8567207070542989,2.5244938609847978,3.3812145680390966,3.3812145680390966,0,3.8395277186133496,train
203,0,0.9999242461690405,7.575383095947963e-05,0.9999242461690405,1.0001515191392047,-0.9471462888670599,0,3.4318955663526873,1.0990711579655932,0.8795490735195683,2.5739216747645157,3.453470748284084,3.453470748284084,0,4.478827063261992,train
204,1,0.3942871144961695,0.6057128855038305,0.6057128855038305,1.914423624022502,0.0670406281908162,1,0.7597623250408488,0.958255196896589,1.3020611287860675,2.2792869751225466,3.5813481039086144,3.5813481039086144,1,0.1829185808799355,train
205,1,4.638821937900858e-08,0.9999999536117806,0.9999999536117806,1.0000000927764432,1.3350830390485648,0,0.7937142948608658,0.9859127208068122,1.1986421493922161,2.381142884582597,3.5797850339748134,3.5797850339748134,0,1.0485111248848618,train
206,0,0.9991356625453565,0.0008643374546435378,0.9991356625453565,1.0017301690655218,-0.7833187101642934,0,3.667095925448436,1.1218302783665566,0.6653566195114007,2.750321944086327,3.4156785635977274,3.4156785635977274,0,4.139459476801082,train
207,0,0.989878432858427,0.010121567141572974,0.989878432858427,1.020447983686694,-0.5804526590897052,0,4.989458434916048,1.5040739952112574,0.6842974266673534,3.742093826187036,4.426391252854389,4.426391252854389,0,5.126245595402636,train
208,0,0.9698059560414947,0.030194043958505334,0.9698059560414947,1.0622079170351717,-0.4694873492548981,0,5.237661287558043,1.55626962315694,0.3979590080363083,3.9282459656685322,4.326204973704841,4.326204973704841,0,5.58099544841414,train
209,0,0.6060584521229406,0.3939415478770594,0.6060584521229406,1.9138873541770058,-0.0672651349295401,1,4.657517878404897,1.3644407423447542,0.43004139931464713,3.4931384088036728,3.92317980811832,3.92317980811832,1,7.054674554701566,train
210,0,0.9765343624171453,0.023465637582854693,0.9765343624171453,1.0480312764070188,-0.4967299723416695,0,5.442406341814056,1.5724077693570884,3.013341163084584,4.081804756360542,7.095145919445127,7.095145919445127,0,8.055710770379763,train
211,0,0.495439507684185,0.504560492315815,0.504560492315815,1.9998336291194856,0.002857926992574629,1,5.341267339119058,1.5223487318447222,3.233050144191876,4.005950504339294,7.239000648531171,7.239000648531171,1,6.461668292020911,train
212,1,0.24749401762023238,0.7525059823797676,0.7525059823797676,1.5935784086544778,0.170599217167714,0,1.549767714420454,1.7434669908608067,1.4864379043247813,4.649303143261362,6.1357410475861425,6.1357410475861425,0,-0.4577715068822773,train
213,0,0.12075416772901582,0.8792458322709842,0.8792458322709842,1.2695917002117962,0.292806258358616,0,6.308438721087572,1.751249624112745,2.5917968097340625,4.7313290408156785,7.323125850549741,7.323125850549741,0,5.770964621335856,train
214,1,0.030634751885813244,0.9693652481141868,0.9693652481141868,1.0631427343244384,0.4678863851842614,0,1.6126678272093973,1.7680391044066708,0.7234067277473742,4.838003481628192,5.561410209375566,5.561410209375566,0,2.7083581912448005,train
215,0,0.7934036314257151,0.20659636857428487,0.7934036314257151,1.487715822148737,-0.20457200849880586,0,7.185851206945843,1.9451256483014185,1.4298629529846851,5.389388405209383,6.819251358194068,6.819251358194068,0,6.7387366794186185,train
216,0,0.11683454257931791,0.8831654574206821,0.8831654574206821,1.260030574949085,0.2977401292884671,0,7.286790707624014,1.9485422335448037,0.5510557904760138,5.465093030718011,6.016148821194024,6.016148821194024,0,4.749162049328873,train
217,1,0.27955105248671375,0.7204489475132863,0.7204489475132863,1.6744935932174048,0.1460439263417174,1,1.904384411956668,2.012860495131979,3.2402484321350906,5.713153235870004,8.953401668005094,8.953401668005094,1,3.542770440916269,train
218,0,0.9961078361214766,0.0038921638785234247,0.9961078361214766,1.0078146247112265,-0.6653209899173099,0,7.5302965332638045,1.9667897897294422,2.1404675816429863,5.647722399947853,7.78818998159084,7.78818998159084,0,7.438378525112763,train
219,1,0.13370681815491237,0.8662931818450876,0.8662931818450876,1.3015047905042378,0.277259588682164,0,1.770154753714552,1.8284577057683935,0.23047269988459557,5.3104642611436566,5.540936961028252,5.540936961028252,0,1.7773130095419265,train
220,1,0.07182474616579688,0.9281752538342031,0.9281752538342031,1.1538442509014053,0.3655836948435307,0,1.9203418319610295,1.9617370970637085,0.24010143604335968,5.761025495883088,6.001126931926448,6.001126931926448,0,2.7767017432122105,train
221,1,0.46074213361275845,0.5392578663872416,0.5392578663872416,1.9877461012719304,0.024641059005022743,1,1.9046701113795603,1.9248241225317435,1.1106070392223804,5.714010334138681,6.824617373361061,6.824617373361061,1,2.1758113396408634,train
222,1,0.16839066451978735,0.8316093354802127,0.8316093354802127,1.3890248922608122,0.24013608366561426,0,2.009016104039082,2.0090180100738597,0.3693588805063088,6.0270483121172465,6.396407192623555,6.396407192623555,0,1.6412262950053886,train
223,1,0.04738961771903026,0.9526103822809697,0.9526103822809697,1.0992486108910358,0.41767716761201135,0,2.0991111981250548,2.077708956703099,0.5263221652714719,6.297333594375164,6.823655759646636,6.823655759646636,0,0.8862652130308271,train
224,0,0.9720493774861149,0.027950622513885137,0.9720493774861149,1.0574611380173087,-0.47795118219760774,0,8.35124305585298,2.0460138919969735,1.5094673815160111,6.2634322918897345,7.772899673405746,7.772899673405746,0,7.258713874393688,train
225,0,0.8225311746856883,0.17746882531431174,0.8225311746856883,1.4123242176512738,-0.23126358096777996,0,8.056762292676012,1.9548123666750497,1.3776990387378392,6.042571719507009,7.420270758244849,7.420270758244849,0,8.343055146139346,train
226,1,0.09957413347702154,0.9004258665229785,0.9004258665229785,1.2184991332168484,0.32099549047376613,0,1.864245569855832,1.792310081621144,0.3729257601461193,5.592736709567496,5.965662469713615,5.965662469713615,0,0.8753563049296734,train
227,0,0.940539904743319,0.059460095256680945,0.940539904743319,1.125934900610727,-0.3898304965309149,0,6.9505248765404835,1.6553548368096374,1.2588136430238757,5.212893657405362,6.471707300429238,6.471707300429238,0,7.631683633075595,train
228,0,0.7745714492789271,0.22542855072107293,0.7745714492789271,1.5366200494051159,-0.18849671935657078,0,6.258179224115318,1.4772786083224205,0.8434004191740071,4.693634418086488,5.537034837260496,5.537034837260496,0,6.306076642444619,train
229,1,0.4252190881640463,0.5747809118359537,0.5747809118359537,1.9562413476770493,0.04713984352023887,1,1.524370077389679,1.4269956642283166,0.0709643714335036,4.573110232169037,4.64407460360254,4.64407460360254,1,2.4416589018068837,train
230,1,0.047897052841007384,0.9521029471589926,0.9521029471589926,1.1003591961661057,0.4163987525267199,0,1.5473590874965282,1.4364732943369185,1.215057260536188,4.642077262489584,5.857134523025772,5.857134523025772,0,0.30734550389395815,train
231,1,0.4413591717037858,0.5586408282962142,0.5586408282962142,1.9728632911308586,0.0368810298716803,1,1.6032674362061374,1.4763945459603505,1.545870727587615,4.809802308618412,6.355673036206027,6.355673036206027,1,1.569947794210751,train
232,0,0.8548951658535755,0.1451048341464245,0.8548951658535755,1.3299620435948187,-0.26441544362876285,0,6.1266523011149765,1.399474325886307,0.1888222013500551,4.594989225836232,4.783811427186287,4.783811427186287,0,6.200438495796503,train
233,1,0.16543592882651287,0.8345640711734872,0.8345640711734872,1.3814707069347703,0.24308981222788995,0,1.5830019020048136,1.4354992663602528,0.201154927000894,4.749005706014441,4.950160633015335,4.950160633015335,0,1.2988709775338552,train
234,0,0.8386880676172916,0.16131193238270836,0.8386880676172916,1.3709537401886462,-0.24727007015374725,0,6.034746538925157,1.3581708850054763,0.39443695600322526,4.526059904193868,4.920496860197094,4.920496860197094,0,5.508850449753226,train
235,0,0.998053123340012,0.0019468766599880505,0.998053123340012,1.003901333919744,-0.7216608365255646,0,5.999334205236355,1.3407432593596116,0.8247676184620526,4.499500653927266,5.324268272389319,5.324268272389319,0,5.160164937115139,train
236,0,0.9788206507327071,0.021179349267292924,0.9788206507327071,1.0432549885502953,-0.5074946894998624,0,6.794943886745005,1.508302036339545,1.137963159955889,5.096207915058754,6.234171075014643,6.234171075014643,0,5.437059782476366,train
237,1,0.3912578049989477,0.6087421950010523,0.6087421950010523,1.9096734760097207,0.06901056433174449,1,1.7907820235293914,1.579708864076498,1.7657102202791122,5.372346070588174,7.138056290867286,7.138056290867286,1,3.6053152323304007,train
238,0,0.7401433654727665,0.2598566345272335,0.7401433654727665,1.6251239694342947,-0.16094686401830735,1,7.107201233594546,1.5576008424985721,2.221341822782109,5.33040092519591,7.551742747978019,7.551742747978019,1,7.054344958339228,train
239,1,0.43004075018402166,0.5699592498159783,0.5699592498159783,1.9615974409829462,0.04406760474552326,1,1.6729799959149412,1.4578141024429452,0.11449044426986243,5.018939987744823,5.133430432014686,5.133430432014686,1,2.6944272010498427,train
240,0,0.9507124101288886,0.04928758987111137,0.9507124101288886,1.1034076664561618,-0.41295018262109384,0,7.56113965303741,1.637730417669415,1.3174257917282226,5.670854739778058,6.98828053150628,6.98828053150628,0,8.8480425993316,train
241,1,0.4731117017854253,0.5268882982145747,0.5268882982145747,1.9942328335503918,0.01686251946144598,1,2.0881829401552827,1.7992710929403368,1.6055559696141555,6.264548820465848,7.870104790080003,7.870104790080003,1,0.8866186201516456,train
242,0,0.8819410271830632,0.11805897281693678,0.8819410271830632,1.263012348132583,-0.2961864641716443,0,8.551595078080544,1.8324685071612068,1.533704715766298,6.413696308560407,7.947401024326705,7.947401024326705,0,7.610992770413622,train
243,1,0.55648671526513,0.44351328473486995,0.55648671526513,1.9747956904900525,-0.035516912830358724,1,1.7244707375448507,1.470734148096344,1.190274206069883,5.1734122126345525,6.363686418704436,6.363686418704436,1,1.120555800825834,train
244,0,0.7531929224917415,0.24680707750825848,0.7531929224917415,1.5918159976850181,-0.17114295478887584,0,5.895796122882492,1.2511132792021662,0.7376589362159683,4.421847092161869,5.159506028377837,5.159506028377837,0,6.621578086653241,train
245,0,0.7385653330378843,0.2614346669621157,0.7385653330378843,1.6291239498441374,-0.15973216829578202,1,7.6506955154249106,1.6162069502163892,0.9334346830218695,5.738021636568683,6.671456319590552,6.671456319590552,1,8.52124381504408,train
246,0,0.999796433240581,0.00020356675941901603,0.999796433240581,1.0004072163976823,-0.883854023453742,0,6.623968900146435,1.3933539337494913,1.2622796704527368,4.967976675109826,6.230256345562562,6.230256345562562,0,7.16829145205129,train
247,0,0.9764277509695027,0.02357224903049726,0.9764277509695027,1.0482545053239887,-0.4962499403128302,0,6.471912394149279,1.3558988893326855,0.7623336823314013,4.8539342956119595,5.616267977943361,5.616267977943361,0,6.583477426683433,train
248,1,0.21470005577957174,0.7852999442204283,0.7852999442204283,1.5087687003815267,0.19755465160107374,0,1.7055446895749966,1.4238781610901456,0.3124737137367583,5.11663406872499,5.429107782461748,5.429107782461748,0,2.5775732355955485,train
249,1,0.022153150799664765,0.9778468492003353,0.9778468492003353,1.045286818761462,0.5027953454488681,0,1.9456311176640186,1.6185568735944207,1.0819813390413724,5.836893352992056,6.9188746920334285,6.9188746920334285,0,0.5247355639096258,train
250,1,0.33888678633728053,0.6611132136627195,0.6611132136627195,1.8118734177342082,0.1038758001379416,1,2.0177886309261144,1.6730258585243338,1.7183768536436415,6.053365892778343,7.771742746421984,7.771742746421984,1,3.120986681450413,train
251,0,0.7216676391980338,0.2783323608019662,0.7216676391980338,1.6714775005745137,-0.14695067870268017,1,8.420805404957786,1.7401273091575968,1.4545200963381968,6.3156040537183396,7.770124150056536,7.770124150056536,1,9.011894616807561,train
252,1,0.16670599223449284,0.8332940077655071,0.8332940077655071,1.3847159105118714,0.24181604549157085,0,2.3288480537536485,1.9195034002942066,0.8051640524973631,6.986544161260945,7.791708213758309,7.791708213758309,0,0.899170776202527,train
253,1,0.4785881751555648,0.5214118248444353,0.5214118248444353,1.9963389838639058,0.01342431987813965,1,2.626782670399149,2.159390687911057,1.8051669760124205,7.880348011197447,9.685514987209867,9.685514987209867,1,2.265058855142406,train
254,1,0.19164818126895133,0.8083518187310487,0.8083518187310487,1.448935832073429,0.2179596825298092,0,2.6961668652305746,2.2111144814693002,0.4525733999244954,8.088500595691723,8.54107399561622,8.54107399561622,0,4.224959814491867,train
255,0,0.17116095966818134,0.8288390403318187,0.8288390403318187,1.3961211281193702,0.2373968617552479,0,9.831911048812435,2.0113925150849745,1.879818735456622,7.373933286609326,9.253752022065948,9.253752022065948,0,11.9316128626224,train
256,1,0.11266260621905672,0.8873373937809432,0.8873373937809432,1.2499054552108477,0.3031222750565708,0,2.248315893602056,1.8362281988905391,2.6251568813899957,6.744947680806169,9.370104562196165,9.370104562196165,0,0.7219155144308042,train
257,1,0.11760644427027855,0.8823935557297214,0.8823935557297214,1.2619098054835285,0.2967593373585811,0,1.8076997108498472,1.4738084324391916,1.9973653054435652,5.423099132549542,7.420464437993107,7.420464437993107,0,4.156546875831184,train
258,1,0.03233779418006436,0.9676622058199357,0.9676622058199357,1.0667623879615247,0.4618734802343052,0,1.9047898218140868,1.5506049222112805,2.960272130997624,5.71436946544226,8.674641596439884,8.674641596439884,0,-0.30940891948062993,train
259,1,0.1660644090915424,0.8339355909084576,0.8339355909084576,1.3830762080947527,0.2424587127162363,0,1.8733864758585976,1.5230482359836577,2.762099748234022,5.620159427575793,8.382259175809814,8.382259175809814,0,3.6180281672894035,train
260,1,0.13946532941167122,0.8605346705883288,0.8605346705883288,1.3158405535887174,0.270681162804992,0,1.744662445657398,1.4168425414239771,2.2312389603292395,5.233987336972194,7.465226297301434,7.465226297301434,0,0.14033330289154242,train
261,1,0.017648605974965564,0.9823513940250345,0.9823513940250345,1.0359197565340927,0.5262330452300948,0,1.893261478624477,1.536155735101478,2.058870547759164,5.679784435873431,7.738654983632595,7.738654983632595,0,2.097155232684908,train
262,0,0.5849241085753754,0.41507589142462464,0.5849241085753754,1.9439209578470806,-0.053626726257201586,1,7.294217110354348,1.4785881383231454,0.2658030185086716,5.470662832765761,5.736465851274433,5.736465851274433,1,6.215824773173018,train
263,0,0.754783072545772,0.24521692745422796,0.754783072545772,1.5877329765899588,-0.17240473444172463,0,8.118045767692326,1.6447962380879881,1.3418326741741478,6.088534325769245,7.430366999943392,7.430366999943392,0,7.252366289668295,train
264,1,0.08151110865316125,0.9184888913468388,0.9184888913468388,1.176102669612566,0.3487447126928081,0,1.9526059328274679,1.5820283062536538,1.1383847667515687,5.857817798482404,6.996202565233972,6.996202565233972,0,3.955617643314957,train
265,0,0.996715929280665,0.0032840707193350083,0.996715929280665,1.0065897112113078,-0.6794954960080565,0,7.91565339744992,1.603212805018912,2.5443087447267168,5.93674004808744,8.481048792814157,8.481048792814157,0,8.475884899599667,train
266,0,0.9833196433435227,0.01668035665647727,0.9833196433435227,1.0339168617494265,-0.5319287715989296,0,8.164360901059531,1.653772452300149,0.7975596918399878,6.1232706757946485,6.920830367634636,6.920830367634636,0,6.097755392806099,train
267,1,0.17836867610944251,0.8216313238905575,0.8216313238905575,1.4146404195167628,0.23039995509891975,0,2.06934757502063,1.6771782522721606,2.56166917734334,6.2080427250618895,8.76971190240523,8.76971190240523,0,1.7723863096313108,train
268,0,0.737149247799841,0.26285075220015897,0.737149247799841,1.632707623076998,-0.15864533384448312,1,9.647494237289994,1.9557541072415132,0.39620199436253734,7.235620677967495,7.631822672330033,7.631822672330033,1,10.37364431432429,train
269,1,0.06244329960621212,0.9375567003937879,0.9375567003937879,1.1326160516634984,0.38364543661936495,0,2.5002175175509183,2.028764992997585,0.9303757153385194,7.500652552652754,8.431028267991273,8.431028267991273,0,1.3929000795675102,train
270,0,0.3977409865331074,0.6022590134668926,0.6022590134668926,1.9197033704927933,0.06479966237002016,1,9.788553775598375,1.9874013393913594,1.368475050922613,7.341415331698782,8.709890382621396,8.709890382621396,1,9.627955705362421,train
271,1,0.11152369826463837,0.8884763017353616,0.8884763017353616,1.2471507686763847,0.3046161978884726,0,2.5482901152693564,2.071697631515824,0.3142281769519429,7.644870345808069,7.959098522760012,7.959098522760012,0,3.410145795288602,train
272,0,0.9540726061194325,0.045927393880567546,0.9540726061194325,1.0960539322886418,-0.4214234550820808,0,11.52583567776329,2.345396325507987,1.14390325084958,8.644376758322467,9.788280009172047,9.788280009172047,0,12.350035616382007,train
273,1,0.04723202303201384,0.9527679769679862,0.9527679769679862,1.098903898165124,0.41807643790945864,0,2.575425934633917,2.0991982727379357,1.0986209988929208,7.726277803901751,8.82489880279467,8.82489880279467,0,1.4055345462485527,train
274,1,0.7128028713295995,0.2871971286704005,0.7128028713295995,1.6932790183673514,-0.14039791743265853,1,2.354763281909675,1.922316555595541,1.4409103994507635,7.064289845729025,8.505200245179788,8.505200245179788,1,3.6543119178252845,train
275,1,0.13423496587533146,0.8657650341246685,0.8657650341246685,1.3028159631090046,0.276648251949051,0,2.2830455145809623,1.8669663381388741,1.6832533896979391,6.849136543742887,8.532389933440825,8.532389933440825,0,2.3384307694036726,train
276,1,0.11423584404511589,0.8857641559548841,0.8857641559548841,1.253717321946883,0.30107626731712583,0,2.5074274770059506,2.0543000367398134,0.21902061237023476,7.522282431017851,7.741303043388086,7.741303043388086,0,2.5264093922616375,train
277,1,0.05042708423994502,0.949572915760055,0.949572915760055,1.1059113455392988,0.4101816646806351,0,2.3589469367290365,1.9365771256628472,0.27333889673422873,7.076840810187109,7.350179706921338,7.350179706921338,0,3.0561026660762494,train
278,0,0.8394475403415549,0.1605524596584451,0.8394475403415549,1.369020474825051,-0.24804746431527688,0,8.772912662716923,1.8044602955606432,0.9553331493221487,6.579684497037692,7.535017646359841,7.535017646359841,0,10.13706178883497,train
279,1,0.0006247407909867273,0.9993752592090133,0.9993752592090133,1.0012502621834751,0.8068342779176276,0,2.374155184065763,1.9578680316100021,1.784516251877672,7.122465552197289,8.906981804074961,8.906981804074961,0,1.889720608613546,train
280,0,0.9601060052302621,0.03989399476973787,0.9601060052302621,1.0829600787537863,-0.4379793828441086,0,9.139047613070566,1.88880907839554,0.7496794640367096,6.854285709802925,7.603965173839635,7.603965173839635,0,8.663492800970177,train
281,0,0.9978768265057367,0.002123173494263275,0.9978768265057367,1.0042553626382706,-0.714814233559431,0,8.991126938033991,1.863091134493474,0.7708695911620426,6.743345203525493,7.514214794687535,7.514214794687535,0,8.614644883753543,test
282,1,0.8206638242372064,0.1793361757627936,0.8206638242372064,1.417131982197403,-0.2294744605122249,0,1.9795363949796194,1.6452592422877952,0.558392560419541,5.9386091849388585,6.4970017453584,6.4970017453584,0,3.1213733398135415,test
283,1,8.039855801420739e-06,0.9999919601441986,0.9999919601441986,1.0000160798408815,1.0783382335293807,0,1.7983574019994457,1.4989726693600716,1.611090252757967,5.395072205998337,7.006162458756304,7.006162458756304,0,2.2550774336830277,test
284,1,0.9515085663910392,0.0484914336089608,0.9515085663910392,1.1016613403849385,-0.4149150041613491,0,1.7857416064564,1.4929217155116785,0.5964920841645508,5.3572248193692005,5.953716903533751,5.953716903533751,0,2.664891198212453,test
285,1,0.9047530754710209,0.0952469245289791,0.9047530754710209,1.2082400460261389,-0.32727989404015045,0,1.8324736019212928,1.5367687675867319,1.0933220684912095,5.497420805763879,6.590742874255088,6.590742874255088,0,1.4818447270727533,test
286,0,0.28203072755042863,0.7179692724495714,0.7179692724495714,1.6806123671816267,0.14420485285750223,1,6.982311792145622,1.4686281849883782,0.4660151495306642,5.236733844109216,5.70274899363988,5.70274899363988,1,5.926940821049959,test
287,1,0.021214766036391934,0.9787852339636081,0.9787852339636081,1.0433288193233654,0.507320606935907,0,1.3930130421745346,1.1759171984543706,1.392752712524814,4.1790391265236035,5.571791839048418,5.571791839048418,0,1.1355540578820202,test
288,0,0.9054101520227049,0.09458984797729508,0.9054101520227049,1.206687778285303,-0.32825241289019413,0,6.322186786029201,1.3388213062655776,0.36822567884852925,4.741640089521901,5.1098657683704305,5.1098657683704305,0,7.449089325742377,test
289,0,0.49969553953145607,0.5003044604685439,0.5003044604685439,1.9999992584308597,0.00019079232326033754,1,6.690317459386811,1.421798656354802,1.4473549342898786,5.017738094540108,6.465093028829987,6.465093028829987,1,7.302210575856048,test
290,0,0.924039946748257,0.07596005325174304,0.924039946748257,1.1633050504641371,-0.35819553534230897,0,6.351174784488706,1.3546322037366725,0.8799547028552577,4.76338108836653,5.643335791221787,5.643335791221787,0,6.393076473525373,test
291,0,0.5648517038499742,0.4351482961500258,0.5648517038499742,1.9669107122878753,-0.04082044072366522,1,6.679556079349491,1.4299742681047412,0.08385628144576956,5.009667059512118,5.093523340957888,5.093523340957888,1,7.503257990135818,test
292,0,0.6360875222668505,0.3639124777331495,0.6360875222668505,1.8620599838768874,-0.08700506923642794,1,6.424573328986817,1.3806160945261772,0.972136645847342,4.818429996740113,5.7905666425874545,5.7905666425874545,1,6.799114868543899,test
293,1,0.8110343455643159,0.18896565443568414,0.8110343455643159,1.4419928215811082,-0.22042858288931735,0,1.872753041946825,1.61602927478661,0.4909906044572873,5.618259125840475,6.109249730297762,6.109249730297762,0,2.096519934556465,test
294,0,0.41972842613288974,0.5802715738671103,0.5802715738671103,1.949747020855737,0.05064706967732424,1,7.42009416186396,1.6070431888080616,0.25878939131301243,5.56507062139797,5.823860012710982,5.823860012710982,1,8.977405125460072,test
295,0,0.8705635350865615,0.12943646491343852,0.8705635350865615,1.2909311221252664,-0.28226475929800143,0,6.845251573824091,1.4884816822967353,2.014140129458268,5.133938680368068,7.148078809826336,7.148078809826336,0,7.847789709022794,test
296,0,0.6768306799971251,0.3231693200028749,0.6768306799971251,1.777657122179652,-0.11471363009478329,1,6.652070170791104,1.4523474795440214,1.2230841717324927,4.989052628093328,6.212136799825821,6.212136799825821,1,7.380915700354741,test
297,0,0.927363298452337,0.072636701547663,0.927363298452337,1.1556968987793756,-0.36410784773269134,0,6.6819918900706226,1.4648732864624363,0.9192763193165904,5.011493917552967,5.930770236869557,5.930770236869557,0,6.428605335992172,test
298,0,0.33373945009446104,0.666260549905539,0.666260549905539,1.8008765701196157,0.10740265854339479,1,6.378511369496123,1.404143983147455,0.2889622478211815,4.783883527122092,5.072845774943273,5.072845774943273,1,6.514577222409493,test
299,1,0.010716124970736788,0.9892838750292632,0.9892838750292632,1.021661866719001,0.5750704948463048,0,1.616632278821425,1.429474783163478,0.4011374298686889,4.849896836464275,5.251034266332963,5.251034266332963,0,1.1484788754739865,test
300,0,0.3122834500954017,0.6877165499045983,0.6877165499045983,1.7529251748166303,0.12234704587882532,1,7.376324626046855,1.6374569802406833,0.6412830904638328,5.532243469535141,6.173526559998973,6.173526559998973,1,7.563226465826836,test
301,1,0.00476334282346006,0.99523665717654,0.99523665717654,1.0095720624376745,0.6481379293927368,0,1.8627591317007348,1.661038508137855,0.5070421185470394,5.588277395102205,6.095319513649244,6.095319513649244,0,0.9951797294974193,test
302,0,0.6044581477352527,0.39554185226474725,0.6044581477352527,1.9163585780257142,-0.0662259066377656,1,7.010183473839209,1.5693898324625022,1.0558085001525852,5.257637605379407,6.313446105531992,6.313446105531992,1,4.656822054086351,test
303,0,0.7479272322076438,0.2520727677923562,0.7479272322076438,1.605301798296573,-0.16699532253671776,1,7.904521666451549,1.7771232122900842,2.8655948237226965,5.928391249838661,8.793986073561358,8.793986073561358,1,5.672939772819758,test
304,0,0.37207411038369176,0.6279258896163082,0.6279258896163082,1.877123261747801,0.08159124809092431,1,7.867355585608535,1.7762740361016474,2.8411902236819686,5.900516689206401,8.74170691288837,8.74170691288837,1,6.927277140767788,test
305,0,0.678710271414324,0.32128972858567595,0.678710271414324,1.7734435692853339,-0.1160238291089553,1,7.449019516280621,1.688942780998433,1.152751539199118,5.586764637210465,6.739516176409584,6.739516176409584,1,7.2467674819229435,test
306,0,0.8385108735013824,0.16148912649861757,0.8385108735013824,1.3714049557587393,-0.2470890385068178,0,7.053405535736249,1.6059843580300526,0.3411075442077334,5.290054151802186,5.63116169600992,5.63116169600992,0,4.9237287623852515,test
307,0,0.49393836557058635,0.5060616344294137,0.5060616344294137,1.9997060959005106,0.0037987122343699727,1,6.179756346830625,1.412957173919259,2.6282064047781812,4.6348172601229685,7.26302366490115,7.26302366490115,1,4.6128408832136865,test
308,1,0.09904737909014072,0.9009526209098593,0.9009526209098593,1.2172469157882544,0.321749662859214,0,1.5074482791720352,1.384395983514946,2.0347518020460638,4.522344837516106,6.55709663956217,6.55709663956217,0,3.4373970202197044,test
309,1,0.1335856721161927,0.8664143278838072,0.8664143278838072,1.3012041406040653,0.277400050479833,0,1.3824963522670954,1.2748636888784002,2.4282237697989344,4.1474890568012865,6.5757128266002205,6.5757128266002205,0,1.0951319840387481,test
310,1,0.07317564845502396,0.926824351544976,0.926824351544976,1.156927959664607,0.36313519664486704,0,1.4527716780570312,1.3451075436026887,0.5019177642036714,4.358315034171094,4.860232798374765,4.860232798374765,0,0.45398147246903137,test
311,0,0.8145521072428467,0.18544789275715334,0.8145521072428467,1.4328986672147974,-0.22369916995325004,0,5.984989471099613,1.390904810429167,1.2380488135805612,4.48874210332471,5.726790916905271,5.726790916905271,0,3.5481491005644488,test
312,0,0.7974959242248546,0.2025040757751454,0.7974959242248546,1.477088183871496,-0.2081775672677757,0,5.999952049932872,1.399867938533346,3.0875858048607343,4.4999640374496535,7.587549842310388,7.587549842310388,0,6.113871891825067,test
313,0,0.9984474235429575,0.0015525764570425427,0.9984474235429575,1.0031099738780807,-0.7392829664350739,0,6.854964983277272,1.6055251391767937,0.5291331264166292,5.141223737457954,5.670356863874583,5.670356863874583,0,8.022629022495611,test
314,0,0.9804904247209592,0.019509575279040847,0.9804904247209592,1.039779795063865,-0.5159962185209406,0,6.447877151594816,1.5158803500335036,1.4644818662331263,4.835907863696112,6.300389729929238,6.300389729929238,0,7.161348452168079,test
315,0,0.5374257988487288,0.46257420115127124,0.5374257988487288,1.988856908729022,-0.023487648826016536,1,6.259857258551409,1.4770970121002531,0.7829282941920764,4.6948929439135565,5.477821238105633,5.477821238105633,1,5.292320898362817,test
316,1,0.0511694802450472,0.9488305197549528,0.9488305197549528,1.1075452204603686,0.4084046491967558,0,1.3105587698186605,1.241406552735269,1.2389152446598266,3.9316763094559812,5.170591554115807,5.170591554115807,0,2.391140534671983,test
317,1,0.046435528802946394,0.9535644711970536,0.9535644711970536,1.0971631694550827,0.42011087614409504,0,1.1723172339175811,1.1143165704962068,1.3279533124547684,3.5169517017527436,4.844905014207512,4.844905014207512,0,-0.17683826389246626,test
318,0,0.7612625775027372,0.23873742249726282,0.7612625775027372,1.571051753122762,-0.17759245028483936,0,4.011153423295722,0.9563745873660127,1.7784603427498535,3.0083650674717917,4.786825410221645,4.786825410221645,0,4.012341232602746,test
319,1,0.0018257517033104425,0.9981742482966895,0.9981742482966895,1.0036581701005771,0.7266991937723934,0,1.0071268167353902,0.9636161783594479,0.5434642695349933,3.0213804502061707,3.564844719741164,3.564844719741164,0,2.3163959038773174,test
320,1,0.3189990718130874,0.6810009281869126,0.6810009281869126,1.7682757022763553,0.1176248917093,1,0.7672332165882366,0.7363611670011762,1.6874586717970557,2.3016996497647098,3.9891583215617654,3.9891583215617654,1,0.778425124730438,test
321,0,0.9888795512837693,0.011120448716230746,0.9888795512837693,1.022488163644612,-0.5715571115060347,0,3.08868813559161,0.7432929936675619,0.44069502531035165,2.3165161016937073,2.7572111270040587,2.7572111270040587,0,2.437642579961372,test
322,1,0.0094630061654579,0.9905369938345421,0.9905369938345421,1.0191050766137564,0.5867462714595503,0,0.9302517446450794,0.8979755073382023,0.942395773745066,2.790755233935238,3.7331510076803043,3.7331510076803043,0,1.9911377256704614,test
323,0,0.9841903045344043,0.01580969546559574,0.9841903045344043,1.0321190259533501,-0.5372973445620168,0,3.0379936745391034,0.7350909943905319,1.456715925748158,2.2784952559043274,3.7352111816524856,3.7352111816524856,0,4.736925673161309,test
324,1,0.3403623883974202,0.6596376116025797,0.6596376116025797,1.8149863397801405,0.10286857688467656,1,0.8106313579227566,0.7865327227709495,2.1326651185983527,2.43189407376827,4.564559192366623,4.564559192366623,1,-0.5310998205118272,test
325,0,0.9773110463935024,0.022688953606497586,0.9773110463935024,1.0464063752231187,-0.5002836019903285,0,2.8060411800855896,0.6822324343893135,1.7809079122556053,2.104530885064192,3.8854387973197975,3.8854387973197975,0,2.2776278303803954,test
326,0,0.9925250627281986,0.007474937271801374,0.9925250627281986,1.0150616112420265,-0.6083977649566386,0,3.624560062111504,0.8831229888204412,0.7924016541346808,2.718420046583628,3.510821700718309,3.510821700718309,0,3.0838061856575503,test
327,0,0.8003685046545521,0.19963149534544788,0.8003685046545521,1.4696319432452696,-0.2107345576585554,0,4.209833842214084,1.0277276836700582,0.6630103993651786,3.1573753816605628,3.8203857810257413,3.8203857810257413,0,3.906318600604096,test
328,1,0.6023223913256934,0.39767760867430657,0.6023223913256934,1.9196078095666298,-0.06484073623411864,1,0.9285470265135469,0.9083243320055268,0.405698395985567,2.7856410795406408,3.191339475526208,3.191339475526208,1,2.6704301606760823,test
329,0,0.9232430848873119,0.07675691511268812,0.9232430848873119,1.165135305125765,-0.35680730885368017,0,3.4189276292803266,0.8374229667112507,2.180509472311883,2.564195721960245,4.744705194272129,4.744705194272129,0,3.2693910617723834,test
330,0,0.9998912473770258,0.000108752622974162,0.9998912473770258,1.0002175289002138,-0.9244415009426457,0,4.115510133234985,1.0094105197439431,0.6768469524673781,3.086632599926239,3.7634795523936173,3.7634795523936173,0,4.091993334854178,test
331,1,0.4399657054954395,0.5600342945045604,0.5600342945045604,1.9715768295391727,0.037764041218412,1,0.9799029812563801,0.9624654744544087,0.07647223950310222,2.93970894376914,3.0161811832722423,3.0161811832722423,1,1.0109818690917216,test
332,1,0.12178655532569421,0.8782134446743057,0.8782134446743057,1.272117642438347,0.29152556028994675,0,1.0601410258096746,1.0422454421842329,0.2252421597496112,3.180423077429024,3.405665237178635,3.405665237178635,0,-0.5982827857796184,test
333,1,0.001146233273061414,0.9988537667269386,0.9988537667269386,1.0022950942406348,0.7623671308017365,0,0.8629157151267827,0.8489519538467357,2.067483310855173,2.588747145380348,4.656230456235521,4.656230456235521,0,1.5369259517573068,test
334,0,0.9994906389950043,0.0005093610049956565,0.9994906389950043,1.0010192409069887,-0.8213261321046671,0,3.6305881330774854,0.8933920432626605,1.0714938734990704,2.7229410998081143,3.794434973307185,3.794434973307185,0,3.319693133947699,test
335,0,0.9999885649701283,1.1435029871664781e-05,0.9999885649701283,1.000022870321263,-1.0587134135692196,0,3.898444846541148,0.9595483927018331,0.9045188779773154,2.923833634905861,3.8283525128831766,3.8283525128831766,0,2.9727731170955103,test
336,0,0.40649340322101885,0.5935065967789812,0.5935065967789812,1.9324158157094922,0.05914365667113687,1,3.858385485871494,0.9497072471051154,1.1503126156187455,2.8937891144036203,4.044101730022366,4.044101730022366,1,4.729114813820921,test
337,0,0.24657780177244426,0.7534221982275557,0.7534221982275557,1.5912275723003233,0.17132461493675913,0,3.821403698757491,0.9403994234694928,1.0779245364708423,2.8660527740681183,3.9439773105389606,3.9439773105389606,0,5.015009700915786,test
338,0,0.7589947058197852,0.24100529418021477,0.7589947058197852,1.5768977782243958,-0.1757681172294805,0,3.5086620483518702,0.8630411204784573,1.4915579511566628,2.631496536263903,4.123054487420566,4.123054487420566,0,2.5987122698133267,test
339,1,0.1964258431592823,0.8035741568407178,0.8035741568407178,1.4613163177782025,0.21361431261461164,0,0.9154465412309264,0.9000723289184644,1.2288405394849669,2.746339623692779,3.975180163177746,3.975180163177746,0,1.8293476333880487,test
340,0,0.7041150088183095,0.29588499118169054,0.7041150088183095,1.7143076369013517,-0.13406821587213508,1,3.653234200330996,0.8971175021683813,1.1189085602440538,2.739925650248247,3.858834210492301,3.858834210492301,1,3.5983609311045615,test
341,0,0.7564858836598869,0.2435141163401131,0.7564858836598869,1.5833557215031968,-0.17376079852132273,0,3.7545811754493226,0.9209005337227301,0.18875227137277784,2.815935881586992,3.00468815295977,3.00468815295977,0,2.9266638067462707,test
342,1,0.22116241538904957,0.7788375846109504,0.7788375846109504,1.525551157675112,0.19206832623479123,0,1.078402940555202,1.056484274468802,1.0772186763358325,3.235208821665606,4.312427498001439,4.312427498001439,0,1.8312148546143454,test
343,1,0.4655065365847525,0.5344934634152475,0.5344934634152475,1.9905266931776002,0.02164257539039524,1,1.1341105881835754,1.109172237525667,0.953210980770719,3.402331764550726,4.355542745321445,4.355542745321445,1,2.3599700390907694,test
344,0,0.9704406995242798,0.029559300475720196,0.9704406995242798,1.0608628658074164,-0.47182757673085957,0,4.737655075393335,1.156110133705644,1.538736543974368,3.5532413065450017,5.09197785051937,5.09197785051937,0,5.816555882967565,test
345,0,0.9999090197173695,9.098028263054836e-05,0.9999090197173695,1.0001819771200844,-0.935707075833008,0,3.9813313880769488,0.9694083095438487,1.5212917424907224,2.9859985410577115,4.507290283548434,4.507290283548434,0,4.081736087097627,test
346,1,0.08129267860632022,0.9187073213936798,0.9187073213936798,1.1755969924601493,0.34910724173995833,0,1.0384219987378032,1.0088938815268604,0.28862131094663956,3.1152659962134095,3.403887307160049,3.403887307160049,0,0.9417056915744011,test
347,1,0.07509150530521418,0.9249084946947859,0.9249084946947859,1.16131278168831,0.3597213360158097,0,0.8912809873900587,0.8635953943131685,0.31224497570339177,2.673842962170176,2.9860879378735676,2.9860879378735676,0,0.8915359997811688,test
348,0,0.18657433701978804,0.8134256629802119,0.8134256629802119,1.435809359079502,0.222647729134658,0,3.9333806073454536,0.949985707855322,0.16834970272363964,2.95003545550909,3.11838515823273,3.11838515823273,0,3.9026299831277917,test
349,1,0.09042339596629512,0.9095766040337049,0.9095766040337049,1.196879511330673,0.3345380772002757,0,1.104402600502258,1.0635207186555908,0.2436932530372737,3.313207801506774,3.556901054544048,3.556901054544048,0,0.1306685552828297,test
350,0,0.5662398869294416,0.4337601130705584,0.5662398869294416,1.9655036605129552,-0.04170228520106997,1,4.036283347400646,0.9683682215566641,1.2195455777764435,3.0272125105504846,4.246758088326928,4.246758088326928,1,2.552647997059443,test
351,1,0.06356854466623106,0.9364314553337689,0.9364314553337689,1.1351448643329398,0.38137233606860266,0,1.1110444658082457,1.0622936934163894,1.926312802632509,3.333133397424737,5.259446200057246,5.259446200057246,0,2.1436948532462607,test
352,1,0.00021345235178277033,0.9997865476482173,0.9997865476482173,1.0004269958273702,0.8807168787493042,0,1.1216123198115653,1.0681823645674131,1.5385565400824102,3.3648369594346956,4.903393499517106,4.903393499517106,0,0.5900089572502059,test
353,0,0.7191412098278189,0.28085879017218107,0.7191412098278189,1.6777235930262075,-0.14507305229623568,1,4.068821814459855,0.9647113136015502,0.7029463025898536,3.051616360844891,3.7545626634347444,3.7545626634347444,1,5.060938748707081,test
354,0,0.5246915186121803,0.47530848138781967,0.5246915186121803,1.9951344966958329,-0.015483006690291663,1,5.122764527484604,1.2092534075333197,1.329027828919169,3.8420733956134527,5.171101224532622,5.171101224532622,1,5.997736672507489,test
355,1,0.06606199644892116,0.9339380035510788,0.9339380035510788,1.1407654589719705,0.37644467509413887,0,1.4032640202731763,1.3188531497719724,1.1446020137871602,4.209792060819529,5.35439407460669,5.35439407460669,0,0.6101028125512364,test
356,1,0.7730113771846752,0.22698862281532484,0.7730113771846752,1.5406648690209048,-0.1872002132127598,0,1.0235238674649496,0.9572843602686709,0.9878539496220486,3.070571602394849,4.058425552016898,4.058425552016898,0,0.4932268414416833,test
357,0,0.6832715312557097,0.3167284687442903,0.6832715312557097,1.7631183239299422,-0.11921671301994018,1,4.361114167437912,1.0145425001766313,0.6270648721406932,3.2708356255784343,3.8979004977191276,3.8979004977191276,1,4.854963721928627,test
358,0,0.9631975912834579,0.03680240871654206,0.9631975912834579,1.0763057543078094,-0.4472655212537667,0,3.784032012690942,0.8756356271675406,0.6913957570150209,2.8380240095182065,3.5294197665332274,3.5294197665332274,0,4.109994516629397,test
359,0,0.966060891117375,0.03393910888262497,0.966060891117375,1.0701762643979522,-0.45645360950127467,0,3.633254578672878,0.8361200733419593,0.5732050419669988,2.7249409340046586,3.2981459759716576,3.2981459759716576,0,3.285528973136707,test
360,0,0.9834730080917811,0.016526991908218935,0.9834730080917811,1.0335999582874058,-0.532856739899589,0,3.615744242992141,0.8273428896044202,0.5965523762926739,2.7118081822441056,3.3083605585367795,3.3083605585367795,0,4.035105383882103,test
361,1,0.9262142195255973,0.07378578047440265,0.9262142195255973,1.158322909031639,-0.36204066840285476,0,0.7937420441249579,0.7221968855917581,0.5760681058771364,2.3812261323748736,2.95729423825201,2.95729423825201,0,1.0905935136220208,test
362,0,0.7036683543524029,0.29633164564759706,0.7036683543524029,1.7153788601589794,-0.1337451431315248,1,3.0561724636257894,0.6909371652574334,0.4138555233063316,2.2921293477193423,2.7059848710256738,2.7059848710256738,1,2.7973718401052095,test
363,0,0.9379193657685738,0.06208063423142618,0.9379193657685738,1.1318020345233382,-0.38438485604182454,0,2.3480909730743056,0.527519981977011,0.3989795837477399,1.7610682298057292,2.160047813553469,2.160047813553469,0,2.6039098912677705,test
364,0,0.9993835692466759,0.0006164307533240709,0.9993835692466759,1.0012336214798172,-0.8077915962577872,0,2.5653562109152777,0.572607040280427,0.623811341945137,1.9240171581864582,2.5478285001315952,2.5478285001315952,0,3.0471847269287426,test
365,1,0.9951686531745169,0.00483134682548314,0.9951686531745169,1.0097093752747226,-0.6469180042135348,0,0.6548273183989731,0.5807717180174392,0.7369477594784777,1.9644819551969195,2.701429714675397,2.701429714675397,0,0.6524524388689295,test
366,1,0.4365102721376274,0.5634897278623726,0.5634897278623726,1.9682641377773453,0.039955737723239855,1,0.541962960119919,0.4774035437976031,0.08323800628733026,1.6258888803597569,1.7091268866470872,1.7091268866470872,1,0.16960849476346795,test
367,1,0.20667094684158333,0.7933290531584167,0.7933290531584167,1.487909544208402,0.20450669595665094,0,0.416436678316186,0.36427817373944515,0.4163987797915027,1.2493100349485582,1.665708814740061,1.665708814740061,0,0.011743595035978691,test
368,1,0.07310811916477983,0.9268918808352202,0.9268918808352202,1.1567736509603535,0.363256767366586,0,0.28184296811462195,0.24478987874873692,0.5614723992968808,0.8455289043438659,1.4070013036407465,1.4070013036407465,0,0.013428613339994925,test
369,0,0.7267941190136187,0.2732058809863813,0.7267941190136187,1.6587292468080754,-0.15078642684511706,1,1.2509483451545185,0.2696527447266711,0.47040053478079513,0.9382112588658889,1.408611793646684,1.408611793646684,1,1.3440947356814603,test
370,1,0.04823731926929513,0.9517626807307049,0.9517626807307049,1.1011044701697543,0.41554755725314413,0,0.6166908328373857,0.5278038162970753,0.27485601698412715,1.850072498512157,2.124928515496284,2.124928515496284,0,0.6758216225889722,test
371,0,0.9975310356431305,0.0024689643568694963,0.9975310356431305,1.00495012013436,-0.702763842887893,0,3.2938036497018808,0.6994649544425637,0.49974720705266773,2.4703527372764107,2.9700999443290783,2.9700999443290783,0,2.619069799358083,test
372,0,0.9997502253504641,0.00024977464953590545,0.9997502253504641,1.0004996740738072,-0.8702494895841923,0,2.6758497427465398,0.5638974343126327,1.0063622462313646,2.006887307059905,3.0132495532912698,3.0132495532912698,0,1.2778045602011032,test
373,1,0.7859965120396288,0.21400348796037116,0.7859965120396288,1.5069591150462578,-0.19815168701630798,0,0.9495985246284679,0.7942528873130331,1.718626114678693,2.848795573885404,4.567421688564097,4.567421688564097,0,2.964256712411645,test
374,1,0.2441264074872962,0.7558735925127038,0.7558735925127038,1.5849302531713159,0.1732726027394818,0,1.1450798542720206,0.950229458283593,2.508558089534357,3.435239562816062,5.943797652350419,5.943797652350419,0,0.09200197697469843,test
375,0,0.9998471726637752,0.00015282733622479228,0.9998471726637752,1.0003057013848369,-0.9026149504564753,0,4.8892668543438855,1.0062532433442557,1.5686498365264818,3.666950140757914,5.235599977284396,5.235599977284396,0,4.227796778054444,test
376,0,0.973779574813431,0.026220425186568974,0.973779574813431,1.0538138793382013,-0.4848742481518158,0,6.072273795017511,1.23966951997152,1.000591417488721,4.554205346263133,5.554796763751854,5.554796763751854,0,5.277914988205802,test
377,0,0.7852138147795218,0.2147861852204782,0.7852138147795218,1.5089924475142253,-0.19748090745249358,0,6.449872779479146,1.3060513652495143,1.0734288607136553,4.837404584609359,5.910833445323014,5.910833445323014,0,5.611373558807408,test
378,1,0.4343247174751089,0.5656752825248911,0.5656752825248911,1.966079291126625,0.041343557791030015,1,1.7663837718943165,1.4189774424543624,1.0884014290867599,5.299151315682949,6.387552744769709,6.387552744769709,1,2.290964286605899,test
379,1,0.5829171862101106,0.41708281378988943,0.5829171862101106,1.9464700510653707,-0.0523405087806866,1,1.7897652650419,1.425863283244165,0.6736399504545841,5.3692957951257,6.042935745580284,6.042935745580284,1,1.4471055320422495,test
380,0,0.9999411628295785,5.8837170421544016e-05,0.9999411628295785,1.0001176812644683,-0.9627303100466112,0,7.414763006378102,1.464481121183589,0.8504660914063801,5.561072254783577,6.411538346189957,6.411538346189957,0,7.11595972532171,test
381,0,0.8134120139982942,0.18658798600170579,0.8134120139982942,1.4358446359114736,-0.22263501311553036,0,7.232729754696838,1.4165435440638807,0.45186918870849485,5.424547316022629,5.876416504731123,5.876416504731123,0,6.763636985047298,test
382,1,0.1809850213170745,0.8190149786829255,0.8190149786829255,1.4213810410924852,0.2279044054764442,0,1.9482260137043337,1.5133796157704793,0.6523607003603413,5.844678041113001,6.497038741473342,6.497038741473342,0,0.6272001751557705,test
383,1,0.011464654645076117,0.9885353453549239,0.9885353453549239,1.02319211519563,0.5686526099421909,0,1.9065922231627996,1.468486700837105,1.6166124254160914,5.7197766694883985,7.33638909490449,7.33638909490449,0,2.5200747225123346,test
384,0,0.5617047214221721,0.4382952785778279,0.5617047214221721,1.9699971588220215,-0.0388231791870071,1,6.822565835395553,1.3025352409169373,0.7534496247900913,5.116924376546665,5.8703740013367565,5.8703740013367565,1,6.097549121898813,test
385,0,0.9915032950385723,0.008496704961427737,0.9915032950385723,1.0171377767080803,-0.5967125718576174,0,8.577495858448891,1.6236062457291176,1.0236731755715516,6.4331218938366685,7.45679506940822,7.45679506940822,0,8.29320743794358,test
386,1,0.671269272006592,0.32873072799340797,0.671269272006592,1.7899772217334124,-0.11085517849178399,1,2.239469804127061,1.6811084790249584,0.3466531169123068,6.718409412381183,7.06506252929349,7.06506252929349,1,0.627928889594111,test
387,0,0.41529505659233346,0.5847049434076665,0.5847049434076665,1.944201967826477,0.053486196933406234,1,8.819607721609481,1.6409863197717298,2.0868619689521113,6.614705791207111,8.701567760159222,8.701567760159222,1,7.330623423314733,test
388,1,0.8392715005410812,0.16072849945891876,0.8392715005410812,1.3694684901645457,-0.24786705708138038,0,2.597311292842487,1.9164721999292023,1.841583312128446,7.791933878527461,9.633517190655907,9.633517190655907,0,2.3335580502058955,test
389,1,0.07278578851743463,0.9272142114825653,0.9272142114825653,1.1560373359331695,0.36383823544829413,0,2.5806703796794155,1.8878799886658868,0.3479733770108297,7.7420111390382464,8.089984516049077,8.089984516049077,0,2.68016370094641,test
390,0,0.999353857986242,0.000646142013758011,0.999353857986242,1.0012931190258216,-0.8044219462314386,0,10.530016483533426,1.9093144744322545,0.5939170512227663,7.89751236265007,8.491429413872837,8.491429413872837,0,10.363583847706272,test
391,0,0.8606273418646235,0.13937265813537647,0.8606273418646235,1.3156091670231882,-0.27078554667208504,0,10.407713022026726,1.8710103785515033,0.3461403090754191,7.805784766520045,8.151925075595464,8.151925075595464,0,10.330525342732361,test
392,1,0.4327144118456382,0.5672855881543618,0.5672855881543618,1.9644254311637726,0.04236691001070671,1,2.618757768094406,1.867055433429631,0.19996686946522602,7.856273304283217,8.056240173748444,8.056240173748444,1,3.3734010440709516,test
393,0,0.9930213176230855,0.006978682376914458,0.9930213176230855,1.0140547591483773,-0.6145897017173091,0,9.973561344346436,1.762561343728746,1.0510875966065802,7.480171008259827,8.531258604866407,8.531258604866407,0,10.522570404429345,test
394,0,0.9969862182020625,0.0030137817979375425,0.9969862182020625,1.0060457290253364,-0.6865695382901177,0,10.001644741249187,1.7525525552972498,0.8608453912395094,7.50123355593689,8.3620789471764,8.3620789471764,0,10.201659801481291,test
395,0,0.44943368064258776,0.5505663193574122,0.5505663193574122,1.9797514768333044,0.03177307009377059,1,9.641218537719823,1.6751479847356607,0.3116341675517427,7.230913903289867,7.54254807084161,7.54254807084161,1,10.278221789203059,test
396,1,0.36880915871663633,0.6311908412833637,0.6311908412833637,1.87118019494712,0.08375224326522314,1,2.31360918837488,1.5944510601682826,0.8756742675270472,6.940827565124641,7.816501832651689,7.816501832651689,1,0.7431006335029573,test
397,1,0.6187245747498279,0.3812754252501721,0.6187245747498279,1.8932543467502285,-0.07553319306004896,1,2.5693623753489785,1.7559296180934547,1.955394415755421,7.7080871260469355,9.663481541802357,9.663481541802357,1,4.1733619316984,test
398,1,0.04410151551211453,0.9558984844878855,0.9558984844878855,1.0920763939131368,0.4262384636862283,0,2.620196464511037,1.7758200728435205,2.014619253748254,7.860589393533111,9.875208647281365,9.875208647281365,0,1.1634248324509555,test
399,1,0.120600064921346,0.879399935078654,0.879399935078654,1.2692149280280678,0.29299808606081845,0,2.6430545088141306,1.7765585826345487,1.8202595037996103,7.929163526442392,9.749423030242003,9.749423030242003,0,3.4621556306996126,test
400,1,0.2045928059316559,0.795407194068344,0.795407194068344,1.4825119467317336,0.2063319064308414,0,2.8445424039201415,1.8963616026134278,1.1284335867137334,8.533627211760425,9.662060798474158,9.662060798474158,0,2.2536393566028803,test
